CSI_DATA,STA,8C:CE:4E:9A:6D:15,-52,11,1,5,1,1,1,1,0,0,0,-88,1,6,1,114616291,0,110,0,0,114.812,384,[110 96 6 0 0 0 0 0 0 0 0 0 -30 3 -30 3 -29 2 -30 2 -28 1 -29 0 -29 1 -28 1 -27 0 -26 -1 -26 -1 -25 -2 -25 -2 -24 -2 -25 -1 -24 -1 -24 -1 -23 -1 -23 -1 -23 -1 -22 -1 -22 -1 -21 -2 -21 -2 -20 -1 -20 -1 0 0 -19 -1 -18 0 -18 -1 -16 0 -17 0 -16 0 -15 1 -14 1 -14 1 -13 2 -13 2 -13 2 -12 3 -12 4 -12 4 -11 5 -11 5 -11 5 -11 6 -10 6 -11 6 -11 6 -11 6 -10 6 -11 6 -11 5 0 0 0 0 0 0 0 0 0 0 ],a36fd9337ec7391b,1.67023E+12,2022/12/5 15:32,example_experiment_name
CSI_DATA,STA,8C:CE:4E:9A:6D:15,-52,11,1,5,1,1,1,1,0,0,0,-88,1,6,1,114631563,0,110,0,0,114.827,384,[110 96 6 0 0 0 0 0 0 0 0 0 19 21 19 22 17 21 16 21 16 21 15 21 15 21 14 21 14 21 13 21 13 21 13 20 12 20 12 19 12 19 12 19 11 19 11 18 10 18 11 18 10 18 10 17 9 17 9 16 9 17 10 16 0 0 9 15 9 15 8 14 8 13 8 12 8 12 8 11 8 10 9 10 10 9 8 8 8 8 8 7 9 7 9 6 9 6 10 5 9 5 10 5 10 5 10 4 11 4 10 4 10 4 10 5 10 4 0 0 0 0 0 0 0 0 0 0 ],a36fd9337ec7391b,1.67023E+12,2022/12/5 15:32,example_experiment_name
CSI_DATA,STA,8C:CE:4E:9A:6D:15,-52,11,1,5,1,1,1,1,0,0,0,-88,2,6,1,114645528,0,110,0,0,114.841,384,[110 96 6 0 0 0 0 0 0 0 0 0 -27 -1 -26 -2 -26 -2 -27 -4 -24 -3 -26 -4 -24 -4 -25 -4 -23 -3 -23 -5 -23 -4 -22 -4 -23 -6 -21 -5 -21 -5 -21 -3 -22 -5 -20 -3 -20 -4 -20 -5 -19 -4 -19 -4 -18 -4 -19 -4 -18 -5 -18 -4 0 0 -17 -3 -16 -3 -15 -3 -15 -2 -14 -2 -14 -2 -13 -1 -13 -1 -12 -1 -12 0 -12 0 -11 1 -11 2 -11 3 -11 3 -11 3 -10 3 -10 4 -10 4 -11 4 -10 5 -10 5 -10 4 -10 5 -10 5 -10 4 0 0 0 0 0 0 0 0 0 0 ],a36fd9337ec7391b,1.67023E+12,2022/12/5 15:32,example_experiment_name
CSI_DATA,STA,8C:CE:4E:9A:6D:15,-52,11,1,5,1,1,1,1,0,0,0,-88,1,6,1,114664764,0,110,0,0,114.86,384,[110 96 6 0 0 0 0 0 0 0 0 0 -29 -8 -29 -8 -29 -8 -28 -9 -27 -10 -26 -10 -26 -10 -25 -11 -25 -10 -24 -11 -24 -11 -23 -11 -23 -11 -22 -10 -22 -9 -22 -10 -21 -9 -22 -10 -21 -10 -20 -9 -20 -9 -20 -9 -20 -10 -19 -9 -19 -9 -19 -9 0 0 -17 -7 -17 -7 -16 -6 -16 -6 -15 -6 -15 -5 -14 -4 -14 -5 -13 -4 -13 -4 -13 -3 -13 -2 -13 -1 -13 -1 -12 1 -12 1 -12 1 -13 2 -13 2 -12 1 -12 2 -12 2 -13 2 -12 3 -12 1 -11 2 0 0 0 0 0 0 0 0 0 0 ],a36fd9337ec7391b,1.67023E+12,2022/12/5 15:32,example_experiment_name
CSI_DATA,STA,8C:CE:4E:9A:6D:15,-52,11,1,5,1,1,1,1,0,0,0,-88,1,6,1,114665219,0,110,0,0,114.865,384,[110 96 6 0 0 0 0 0 0 0 0 0 24 16 24 18 22 17 22 18 21 17 20 18 19 18 19 18 19 18 18 17 19 17 18 16 18 16 18 16 17 17 16 16 16 15 16 14 16 15 15 14 14 14 14 15 14 14 14 13 15 13 14 13 0 0 13 12 13 12 12 11 11 10 12 10 11 9 11 9 11 8 11 8 10 5 11 6 11 5 11 4 11 3 11 3 11 3 11 2 11 2 11 2 11 1 11 2 11 1 11 2 11 1 10 0 11 1 0 0 0 0 0 0 0 0 0 0 ],a36fd9337ec7391b,1.67023E+12,2022/12/5 15:32,example_experiment_name
CSI_DATA,STA,8C:CE:4E:9A:6D:15,-52,11,1,5,1,1,1,1,0,0,0,-88,2,6,1,114698423,0,110,0,0,114.895,384,[110 96 6 0 0 0 0 0 0 0 0 0 -25 12 -26 12 -25 10 -26 10 -25 9 -25 9 -24 8 -24 8 -24 7 -24 7 -24 7 -24 6 -23 7 -23 6 -23 6 -22 6 -21 6 -21 6 -21 6 -20 6 -20 6 -20 5 -19 5 -19 5 -19 4 -18 5 0 0 -17 4 -16 4 -16 4 -15 5 -14 4 -13 4 -13 4 -13 5 -12 5 -11 4 -11 5 -10 6 -10 7 -9 7 -9 7 -9 7 -9 7 -8 8 -8 8 -8 8 -8 9 -8 8 -8 8 -8 9 -8 8 -8 8 0 0 0 0 0 0 0 0 0 0 ],a36fd9337ec7391b,1.67023E+12,2022/12/5 15:32,example_experiment_name
CSI_DATA,STA,8C:CE:4E:9A:6D:15,-52,11,1,5,1,1,1,1,0,0,0,-88,1,6,1,114702846,0,110,0,0,114.9,384,[110 96 6 0 0 0 0 0 0 0 0 0 -11 27 -12 27 -12 26 -13 25 -13 24 -13 24 -13 23 -14 23 -13 22 -13 22 -13 22 -13 21 -13 21 -13 21 -13 20 -12 20 -13 19 -11 19 -11 19 -12 18 -12 18 -11 17 -12 17 -11 17 -11 16 -11 17 0 0 -10 15 -10 15 -9 14 -9 14 -8 13 -8 12 -7 12 -7 12 -6 12 -6 12 -4 12 -4 12 -4 11 -3 11 -2 12 -2 11 -1 12 -1 11 -1 12 -1 12 -1 11 0 12 0 12 0 12 0 11 0 11 0 0 0 0 0 0 0 0 0 0 ],a36fd9337ec7391b,1.67023E+12,2022/12/5 15:32,example_experiment_name
CSI_DATA,STA,8C:CE:4E:9A:6D:15,-52,11,1,5,1,1,1,1,0,0,0,-88,1,6,1,114724208,0,110,0,0,114.92,384,[110 96 6 0 0 0 0 0 0 0 0 0 -24 -18 -25 -19 -23 -19 -23 -20 -21 -19 -21 -20 -20 -19 -21 -19 -19 -19 -19 -18 -19 -19 -18 -19 -18 -18 -18 -18 -18 -18 -16 -17 -16 -18 -15 -17 -16 -17 -15 -17 -16 -16 -15 -16 -15 -15 -15 -15 -15 -15 -14 -15 0 0 -14 -14 -13 -13 -13 -13 -12 -11 -12 -12 -12 -11 -12 -10 -12 -9 -12 -9 -11 -8 -12 -7 -12 -7 -11 -6 -12 -5 -11 -6 -12 -4 -11 -4 -12 -4 -12 -4 -12 -3 -13 -3 -13 -3 -12 -3 -12 -3 -13 -3 -12 -3 0 0 0 0 0 0 0 0 0 0 ],a36fd9337ec7391b,1.67023E+12,2022/12/5 15:32,example_experiment_name
CSI_DATA,STA,8C:CE:4E:9A:6D:15,-52,11,1,5,1,1,1,1,0,0,0,-88,2,6,1,114744034,0,110,0,0,114.939,384,[110 96 6 0 0 0 0 0 0 0 0 0 -26 13 -27 13 -27 12 -28 12 -27 10 -28 10 -27 8 -25 8 -27 8 -24 8 -23 8 -23 8 -26 8 -25 7 -25 6 -24 5 -23 5 -21 6 -21 6 -21 7 -21 7 -21 7 -21 6 -20 5 -21 5 -19 5 0 0 -18 5 -17 5 -16 5 -15 5 -15 5 -14 5 -14 6 -13 6 -13 6 -12 6 -11 6 -11 6 -10 7 -10 8 -9 8 -10 8 -9 8 -9 8 -8 8 -8 7 -7 8 -6 9 -6 10 -7 10 -8 10 -8 10 0 0 0 0 0 0 0 0 0 0 ],a36fd9337ec7391b,1.67023E+12,2022/12/5 15:32,example_experiment_name
CSI_DATA,STA,8C:CE:4E:9A:6D:15,-52,11,1,5,1,1,1,1,0,0,0,-88,1,6,1,114747387,0,110,0,0,114.945,384,[110 96 6 0 0 0 0 0 0 0 0 0 15 24 14 25 15 25 12 25 12 23 13 25 13 23 12 25 11 24 11 23 11 23 10 22 9 22 9 21 8 22 10 22 8 20 10 19 9 21 10 19 10 20 8 19 8 19 8 18 8 18 8 17 0 0 7 16 7 16 8 14 7 14 7 13 8 13 8 12 7 11 7 11 7 11 8 9 8 9 9 8 9 7 9 7 9 6 9 6 10 6 10 6 10 5 11 5 10 6 11 5 10 6 10 6 10 5 0 0 0 0 0 0 0 0 0 0 ],a36fd9337ec7391b,1.67023E+12,2022/12/5 15:32,example_experiment_name
CSI_DATA,STA,8C:CE:4E:9A:6D:15,-52,11,1,5,1,1,1,1,0,0,0,-88,2,6,1,114769034,0,110,0,0,114.964,384,[110 96 6 0 0 0 0 0 0 0 0 0 19 22 18 23 18 22 16 22 16 22 16 23 14 22 14 23 14 22 13 21 14 22 13 21 12 21 13 20 12 21 12 19 12 20 11 19 11 19 11 19 10 18 10 17 10 17 11 17 10 16 10 16 0 0 10 15 9 15 9 14 9 13 9 13 9 12 8 11 9 11 8 8 8 9 9 9 9 8 9 7 10 6 9 5 10 5 11 5 11 5 10 5 10 5 11 5 11 3 10 4 11 4 11 3 10 3 0 0 0 0 0 0 0 0 0 0 ],a36fd9337ec7391b,1.67023E+12,2022/12/5 15:32,example_experiment_name
CSI_DATA,STA,8C:CE:4E:9A:6D:15,-50,11,1,4,1,1,1,1,0,0,0,-88,1,6,1,114783641,0,110,0,0,114.979,384,[110 96 6 0 0 0 0 0 0 0 0 0 11 -29 12 -28 12 -26 14 -26 14 -26 13 -26 13 -25 13 -25 13 -24 13 -23 13 -24 13 -22 12 -23 13 -22 13 -22 11 -21 11 -21 12 -20 11 -20 12 -20 11 -20 9 -19 10 -19 8 -19 9 -18 9 -19 0 0 8 -18 7 -17 8 -17 7 -15 6 -15 5 -16 6 -15 3 -15 2 -13 2 -14 2 -12 0 -13 0 -12 0 -13 0 -12 -1 -14 -2 -12 0 -12 -2 -13 -4 -12 -3 -14 -3 -15 -2 -10 -4 -12 -1 -13 0 -12 0 0 0 0 0 0 0 0 0 0 ],a36fd9337ec7391b,1.67023E+12,2022/12/5 15:32,example_experiment_name
CSI_DATA,STA,8C:CE:4E:9A:6D:15,-52,11,1,5,1,1,1,1,0,0,0,-88,1,6,1,114804258,0,110,0,0,115,384,[110 96 6 0 0 0 0 0 0 0 0 0 3 29 2 29 1 28 1 28 0 27 0 27 0 26 -1 27 -1 25 -1 25 -2 25 -2 25 -2 24 -2 23 -2 24 -2 23 -1 22 -1 22 -2 22 -1 21 -2 22 -2 20 -2 20 -1 20 -2 19 -2 19 0 0 -2 18 -1 17 -1 16 -1 16 0 15 0 15 0 14 0 13 1 13 1 12 2 12 2 11 3 11 4 11 4 10 4 10 5 10 5 10 5 10 5 10 6 10 6 10 6 10 6 10 6 10 5 9 0 0 0 0 0 0 0 0 0 0 ],a36fd9337ec7391b,1.67023E+12,2022/12/5 15:32,example_experiment_name
CSI_DATA,STA,8C:CE:4E:9A:6D:15,-52,11,1,5,1,1,1,1,0,0,0,-88,1,6,1,114821673,0,110,0,0,115.017,384,[110 96 6 0 0 0 0 0 0 0 0 0 18 23 18 23 17 22 17 23 15 22 15 23 15 22 14 22 14 22 13 21 12 22 12 21 11 21 11 21 12 21 11 20 11 20 11 19 11 19 11 19 11 18 10 17 10 17 9 17 9 17 9 17 0 0 9 16 9 15 8 14 9 13 8 13 8 12 8 11 7 11 8 10 8 9 8 9 8 8 8 8 9 7 9 6 10 6 10 6 10 5 10 5 10 5 11 5 11 5 10 5 10 4 10 5 10 5 0 0 0 0 0 0 0 0 0 0 ],a36fd9337ec7391b,1.67023E+12,2022/12/5 15:32,example_experiment_name
CSI_DATA,STA,8C:CE:4E:9A:6D:15,-52,11,1,5,1,1,1,1,0,0,0,-88,1,6,1,114825577,0,110,0,0,115.022,384,[110 96 6 0 0 0 0 0 0 0 0 0 -1 30 -2 30 -2 28 -3 28 -4 28 -4 27 -4 27 -5 26 -4 26 -5 26 -5 25 -5 24 -5 24 -5 24 -5 23 -4 23 -5 22 -5 22 -4 22 -5 21 -5 21 -4 20 -5 20 -4 20 -4 20 -4 19 0 0 -4 18 -3 17 -3 16 -3 16 -2 15 -2 14 -2 14 -1 13 -1 14 0 13 0 12 1 12 2 12 2 11 3 11 3 11 4 10 4 11 4 11 4 11 4 11 4 10 5 11 6 11 4 10 5 10 0 0 0 0 0 0 0 0 0 0 ],a36fd9337ec7391b,1.67023E+12,2022/12/5 15:32,example_experiment_name
CSI_DATA,STA,8C:CE:4E:9A:6D:15,-52,11,1,5,1,1,1,1,0,0,0,-88,2,6,1,114845265,0,110,0,0,115.041,384,[110 96 6 0 0 0 0 0 0 0 0 0 13 -28 12 -28 12 -26 13 -27 14 -24 13 -24 13 -24 13 -26 13 -23 13 -23 14 -23 14 -21 14 -20 14 -22 12 -21 13 -20 13 -21 13 -19 12 -19 12 -19 11 -19 11 -18 11 -18 10 -18 11 -17 10 -17 0 0 10 -16 9 -15 8 -15 8 -15 8 -14 7 -14 6 -14 5 -13 5 -13 5 -13 4 -12 3 -12 3 -12 2 -12 2 -12 1 -12 1 -12 0 -13 0 -12 -1 -13 -1 -13 -1 -13 -1 -13 -1 -13 -1 -12 -1 -12 0 0 0 0 0 0 0 0 0 0 ],a36fd9337ec7391b,1.67023E+12,2022/12/5 15:32,example_experiment_name
CSI_DATA,STA,8C:CE:4E:9A:6D:15,-52,11,1,5,1,1,1,1,0,0,0,-88,1,6,1,114870721,0,110,0,0,115.066,384,[110 96 6 0 0 0 0 0 0 0 0 0 4 -30 4 -30 4 -28 5 -28 6 -28 6 -28 6 -26 7 -27 7 -26 7 -25 7 -25 7 -25 7 -24 7 -23 6 -23 7 -24 7 -22 6 -22 6 -22 6 -21 6 -21 6 -20 6 -20 6 -20 6 -19 5 -19 0 0 5 -18 4 -18 4 -16 4 -16 4 -16 3 -15 3 -15 2 -15 1 -13 1 -14 0 -12 0 -13 -1 -12 -1 -13 -2 -12 -2 -12 -3 -12 -4 -13 -4 -12 -3 -12 -4 -13 -5 -12 -4 -12 -5 -11 -4 -12 -4 -11 0 0 0 0 0 0 0 0 0 0 ],a36fd9337ec7391b,1.67023E+12,2022/12/5 15:32,example_experiment_name
CSI_DATA,STA,8C:CE:4E:9A:6D:15,-52,11,1,5,1,1,1,1,0,0,0,-88,1,6,1,114876128,0,110,0,0,115.071,384,[110 96 6 0 0 0 0 0 0 0 0 0 4 -27 5 -27 5 -25 6 -26 6 -25 6 -24 6 -24 7 -24 7 -23 7 -23 7 -22 7 -22 7 -21 7 -21 7 -21 7 -21 7 -20 6 -19 6 -19 7 -19 6 -18 6 -19 6 -18 6 -18 6 -18 6 -17 0 0 5 -17 5 -16 4 -15 4 -15 3 -15 3 -14 3 -13 2 -13 3 -12 1 -12 0 -12 0 -12 0 -11 -1 -11 -1 -11 -2 -11 -3 -11 -3 -11 -3 -10 -3 -11 -3 -11 -4 -11 -3 -11 -4 -11 -3 -11 -3 -10 0 0 0 0 0 0 0 0 0 0 ],a36fd9337ec7391b,1.67023E+12,2022/12/5 15:32,example_experiment_name
CSI_DATA,STA,8C:CE:4E:9A:6D:15,-51,11,1,3,1,1,1,1,0,0,0,-88,1,6,1,114902784,0,110,0,0,115.099,384,[110 96 6 0 0 0 0 0 0 0 0 0 -24 -19 -24 -19 -23 -20 -22 -20 -21 -20 -21 -20 -20 -19 -19 -20 -19 -20 -18 -20 -18 -19 -17 -20 -17 -19 -17 -19 -16 -19 -17 -18 -16 -17 -16 -17 -15 -17 -15 -17 -14 -17 -14 -16 -14 -16 -15 -16 -13 -16 -13 -15 0 0 -13 -14 -12 -14 -12 -13 -12 -12 -12 -12 -11 -12 -12 -11 -11 -10 -11 -9 -11 -9 -11 -8 -11 -7 -11 -6 -11 -6 -11 -6 -12 -5 -12 -5 -12 -4 -12 -3 -12 -3 -12 -4 -12 -4 -12 -4 -13 -3 -12 -4 -12 -4 0 0 0 0 0 0 0 0 0 0 ],a36fd9337ec7391b,1.67023E+12,2022/12/5 15:32,example_experiment_name
CSI_DATA,STA,8C:CE:4E:9A:6D:15,-52,11,1,5,1,1,1,1,0,0,0,-88,2,6,1,114903036,0,110,0,0,115.104,384,[110 96 6 0 0 0 0 0 0 0 0 0 -24 -11 -24 -11 -23 -11 -24 -12 -22 -12 -22 -13 -21 -13 -21 -13 -20 -13 -19 -13 -19 -13 -19 -13 -18 -13 -18 -13 -18 -13 -18 -12 -17 -12 -17 -11 -17 -12 -16 -12 -16 -12 -16 -11 -15 -11 -15 -11 -15 -11 -15 -10 0 0 -14 -10 -13 -9 -13 -9 -13 -9 -12 -8 -12 -8 -11 -7 -12 -7 -10 -6 -11 -5 -11 -5 -11 -4 -11 -4 -11 -3 -11 -2 -11 -2 -10 -1 -11 -2 -11 -1 -11 -2 -11 -1 -11 -1 -11 -2 -11 -1 -11 -1 -11 -1 0 0 0 0 0 0 0 0 0 0 ],a36fd9337ec7391b,1.67023E+12,2022/12/5 15:32,example_experiment_name
CSI_DATA,STA,8C:CE:4E:9A:6D:15,-50,11,1,4,1,1,1,1,0,0,0,-88,1,6,1,114914960,0,110,0,0,115.11,384,[110 96 6 0 0 0 0 0 0 0 0 0 -11 28 -13 27 -13 27 -15 27 -14 25 -14 26 -14 24 -14 24 -14 23 -13 22 -13 23 -14 22 -13 22 -12 21 -13 21 -13 20 -13 20 -12 19 -12 20 -13 19 -12 19 -12 18 -12 18 -11 19 -10 18 -11 18 0 0 -10 16 -9 15 -8 15 -8 15 -7 15 -7 13 -6 13 -6 13 -5 12 -4 11 -3 12 -3 12 -1 12 -1 12 -1 12 0 12 0 11 1 12 0 12 1 12 1 12 1 12 1 12 2 11 2 11 1 11 0 0 0 0 0 0 0 0 0 0 ],a36fd9337ec7391b,1.67023E+12,2022/12/5 15:32,example_experiment_name
CSI_DATA,STA,8C:CE:4E:9A:6D:15,-51,11,1,5,1,1,1,1,0,0,0,-88,2,6,1,114937497,0,110,0,0,115.133,384,[110 96 6 0 0 0 0 0 0 0 0 0 -28 11 -28 11 -28 11 -27 10 -27 9 -27 8 -26 8 -26 7 -26 7 -26 7 -26 6 -25 6 -25 5 -24 6 -24 5 -24 6 -23 6 -23 4 -22 5 -21 4 -23 5 -21 4 -20 5 -21 4 -20 4 -19 4 0 0 -18 4 -18 5 -17 4 -16 4 -16 4 -15 4 -14 4 -14 5 -13 5 -12 5 -12 6 -11 6 -11 6 -10 7 -9 7 -9 8 -9 8 -9 8 -9 9 -9 9 -9 9 -8 8 -9 9 -9 9 -9 9 -8 8 0 0 0 0 0 0 0 0 0 0 ],a36fd9337ec7391b,1.67023E+12,2022/12/5 15:32,example_experiment_name
CSI_DATA,STA,8C:CE:4E:9A:6D:15,-52,11,1,5,1,1,1,1,0,0,0,-88,1,6,1,114946914,0,110,0,0,115.142,384,[110 96 6 0 0 0 0 0 0 0 0 0 -15 22 -15 22 -16 21 -16 20 -17 19 -16 20 -17 18 -16 19 -16 19 -16 17 -16 17 -15 16 -15 16 -16 16 -14 15 -14 16 -15 15 -15 15 -14 16 -14 15 -13 14 -13 13 -12 14 -13 14 -12 13 -12 13 0 0 -11 12 -11 12 -10 12 -9 11 -9 11 -8 11 -8 11 -7 10 -7 10 -6 10 -6 10 -6 10 -4 10 -4 11 -3 10 -3 10 -2 10 -2 10 -2 11 -2 11 -2 11 -1 10 -1 11 -1 10 -1 10 -2 10 0 0 0 0 0 0 0 0 0 0 ],a36fd9337ec7391b,1.67023E+12,2022/12/5 15:32,example_experiment_name
CSI_DATA,STA,8C:CE:4E:9A:6D:15,-52,11,1,5,1,1,1,1,0,0,0,-88,1,6,1,114955641,0,110,0,0,115.151,384,[110 96 6 0 0 0 0 0 0 0 0 0 -6 26 -7 26 -8 25 -9 25 -9 23 -9 24 -9 23 -9 22 -10 22 -9 21 -9 21 -10 21 -9 20 -8 20 -9 20 -8 19 -8 19 -8 18 -9 19 -8 18 -8 17 -8 17 -7 16 -7 17 -6 17 -7 16 0 0 -6 15 -5 14 -5 14 -5 12 -4 13 -4 13 -4 12 -4 11 -2 12 -2 11 -2 11 -1 11 0 11 1 11 1 10 1 11 2 9 2 10 2 11 2 10 2 10 3 10 3 10 3 10 3 10 3 10 0 0 0 0 0 0 0 0 0 0 ],a36fd9337ec7391b,1.67023E+12,2022/12/5 15:32,example_experiment_name
CSI_DATA,STA,8C:CE:4E:9A:6D:15,-52,11,1,5,1,1,1,1,0,0,0,-88,2,6,1,114976630,0,110,0,0,115.172,384,[110 96 6 0 0 0 0 0 0 0 0 0 26 21 25 21 25 20 24 21 23 21 22 22 22 21 21 22 21 20 20 21 19 21 18 21 18 20 18 20 18 20 18 19 18 19 18 19 17 18 16 17 16 18 16 17 15 18 15 17 15 16 14 16 0 0 13 15 13 15 12 13 13 13 13 12 12 11 12 10 12 9 11 9 12 8 12 7 11 7 11 6 12 5 12 4 12 4 12 3 12 3 13 3 13 3 13 2 13 2 13 3 13 3 12 3 12 2 0 0 0 0 0 0 0 0 0 0 ],a36fd9337ec7391b,1.67023E+12,2022/12/5 15:32,example_experiment_name
CSI_DATA,STA,8C:CE:4E:9A:6D:15,-53,11,1,6,1,1,1,1,0,0,0,-88,2,6,1,115000061,0,110,0,0,115.196,384,[110 96 6 0 0 0 0 0 0 0 0 0 -24 -19 -23 -20 -22 -19 -22 -20 -21 -20 -21 -20 -19 -20 -20 -20 -18 -19 -18 -20 -18 -19 -17 -19 -17 -19 -17 -18 -17 -19 -17 -17 -16 -17 -16 -17 -16 -17 -15 -17 -15 -16 -15 -16 -15 -16 -14 -15 -14 -15 -14 -15 0 0 -14 -14 -13 -13 -13 -13 -13 -12 -13 -11 -12 -11 -11 -10 -12 -9 -11 -8 -9 -6 -11 -7 -11 -7 -11 -6 -11 -5 -12 -4 -12 -4 -12 -3 -12 -3 -13 -3 -12 -3 -12 -3 -12 -2 -13 -2 -12 -2 -12 -2 -12 -3 0 0 0 0 0 0 0 0 0 0 ],a36fd9337ec7391b,1.67023E+12,2022/12/5 15:32,example_experiment_name
CSI_DATA,STA,8C:CE:4E:9A:6D:15,-52,11,1,5,1,1,1,1,0,0,0,-88,1,6,1,115018912,0,110,0,0,115.214,384,[110 96 6 0 0 0 0 0 0 0 0 0 29 0 29 0 29 1 28 2 28 3 27 2 27 3 26 5 26 4 25 4 25 3 24 2 22 4 24 3 23 5 22 3 23 5 22 2 22 5 21 4 23 4 22 2 20 5 20 4 18 2 17 3 0 0 17 4 17 3 17 2 16 2 15 2 15 2 15 2 14 0 13 0 11 -1 13 -2 11 -2 11 -2 10 -2 11 -4 11 -4 11 -4 10 -5 11 -4 10 -4 11 -5 10 -5 11 -5 11 -6 11 -5 10 -5 0 0 0 0 0 0 0 0 0 0 ],a36fd9337ec7391b,1.67023E+12,2022/12/5 15:32,example_experiment_name
CSI_DATA,STA,8C:CE:4E:9A:6D:15,-53,11,1,6,1,1,1,1,0,0,0,-88,1,6,1,115048107,0,110,0,0,115.244,384,[110 96 6 0 0 0 0 0 0 0 0 0 31 4 31 5 30 5 30 7 30 6 29 7 28 8 28 8 27 8 26 8 26 8 26 7 26 7 25 7 25 9 24 8 24 8 23 7 23 8 22 8 22 8 21 7 21 7 21 6 20 6 20 6 0 0 18 7 18 5 17 6 17 5 17 5 15 4 15 4 14 3 14 3 13 1 13 1 14 0 13 0 13 -1 12 -1 13 -2 12 -3 12 -2 12 -3 13 -4 13 -3 12 -4 12 -4 13 -4 12 -4 12 -4 0 0 0 0 0 0 0 0 0 0 ],a36fd9337ec7391b,1.67023E+12,2022/12/5 15:32,example_experiment_name
CSI_DATA,STA,8C:CE:4E:9A:6D:15,-50,11,1,4,1,1,1,1,0,0,0,-88,2,6,1,115063250,0,110,0,0,115.259,384,[110 96 6 0 0 0 0 0 0 0 0 0 28 11 27 12 27 12 26 13 26 13 24 13 24 13 23 14 24 13 22 13 22 13 21 13 21 13 21 13 20 13 21 13 19 11 20 11 19 12 19 11 18 12 18 12 18 11 17 10 17 10 17 10 0 0 15 10 16 9 15 8 14 8 14 7 13 7 13 6 13 5 13 5 12 4 12 3 12 3 12 2 12 1 12 0 12 0 12 0 12 -1 12 0 12 -1 12 -1 12 -1 12 -1 12 -2 12 -1 11 -1 0 0 0 0 0 0 0 0 0 0 ],a36fd9337ec7391b,1.67023E+12,2022/12/5 15:32,example_experiment_name
CSI_DATA,STA,8C:CE:4E:9A:6D:15,-50,11,1,4,1,1,1,1,0,0,0,-88,2,6,1,115098191,0,110,0,0,115.294,384,[110 96 6 0 0 0 0 0 0 0 0 0 -31 4 -31 3 -30 2 -31 1 -30 1 -30 0 -29 0 -29 -1 -28 -1 -28 -2 -27 -1 -26 -2 -26 -2 -26 -1 -26 -2 -26 -1 -24 -1 -24 -1 -24 -2 -24 -2 -23 -2 -23 -2 -22 -2 -22 -2 -22 -2 -21 -1 0 0 -19 -2 -19 -1 -18 -1 -17 0 -17 -1 -17 0 -16 0 -15 1 -14 1 -14 2 -14 2 -13 2 -13 3 -12 4 -12 4 -12 5 -11 5 -11 6 -12 6 -12 6 -12 6 -11 7 -11 6 -11 7 -11 6 -11 6 0 0 0 0 0 0 0 0 0 0 ],a36fd9337ec7391b,1.67023E+12,2022/12/5 15:32,example_experiment_name
CSI_DATA,STA,8C:CE:4E:9A:6D:15,-53,11,1,6,1,1,1,1,0,0,0,-88,1,6,1,115098580,0,110,0,0,115.299,384,[110 96 6 0 0 0 0 0 0 0 0 0 12 -27 14 -26 14 -25 14 -27 14 -24 14 -24 14 -24 14 -24 13 -22 14 -22 14 -22 14 -21 14 -21 13 -20 13 -20 12 -20 13 -20 12 -19 12 -20 12 -19 11 -19 11 -18 11 -17 10 -18 10 -17 10 -17 0 0 9 -16 8 -16 8 -15 8 -15 7 -15 6 -14 5 -13 5 -14 3 -13 5 -12 3 -12 3 -12 2 -12 1 -12 1 -12 0 -12 -1 -13 -1 -13 -1 -12 -1 -13 -1 -13 -2 -13 -1 -13 -2 -12 -2 -12 -1 -12 0 0 0 0 0 0 0 0 0 0 ],a36fd9337ec7391b,1.67023E+12,2022/12/5 15:32,example_experiment_name
CSI_DATA,STA,8C:CE:4E:9A:6D:15,-53,11,1,6,1,1,1,1,0,0,0,-88,2,6,1,115129188,0,110,0,0,115.325,384,[110 96 6 0 0 0 0 0 0 0 0 0 -14 31 -15 29 -15 29 -16 28 -16 27 -16 26 -16 26 -17 25 -17 24 -17 24 -17 23 -16 22 -16 22 -17 22 -16 21 -16 22 -15 21 -16 21 -15 20 -15 20 -15 19 -14 19 -14 18 -14 18 -14 18 -13 17 0 0 -13 16 -13 16 -12 15 -11 15 -11 15 -10 14 -10 13 -8 13 -8 12 -7 13 -7 13 -6 12 -5 12 -5 13 -3 13 -4 13 -2 13 -2 13 -2 13 -2 13 -2 13 -1 14 -1 14 -1 13 -1 13 -2 13 0 0 0 0 0 0 0 0 0 0 ],a36fd9337ec7391b,1.67023E+12,2022/12/5 15:32,example_experiment_name
CSI_DATA,STA,8C:CE:4E:9A:6D:15,-52,11,1,5,1,1,1,1,0,0,0,-88,1,6,1,115142489,0,110,0,0,115.338,384,[110 96 6 0 0 0 0 0 0 0 0 0 -28 12 -28 11 -27 11 -28 10 -27 9 -27 8 -27 8 -26 7 -26 7 -25 7 -25 6 -25 6 -24 5 -24 6 -24 5 -24 5 -23 6 -22 6 -22 5 -22 5 -22 5 -22 5 -21 5 -20 5 -20 4 -20 4 0 0 -18 4 -18 5 -17 4 -16 4 -16 4 -15 4 -14 5 -14 5 -13 5 -12 5 -12 6 -11 6 -10 7 -10 7 -10 7 -9 8 -9 8 -9 8 -9 9 -9 9 -9 9 -8 9 -9 9 -9 9 -9 9 -8 8 0 0 0 0 0 0 0 0 0 0 ],a36fd9337ec7391b,1.67023E+12,2022/12/5 15:32,example_experiment_name
CSI_DATA,STA,8C:CE:4E:9A:6D:15,-53,11,1,6,1,1,1,1,0,0,0,-88,1,6,1,115146299,0,110,0,0,115.343,384,[110 96 6 0 0 0 0 0 0 0 0 0 -29 -11 -29 -11 -28 -12 -27 -12 -26 -12 -25 -13 -25 -12 -25 -13 -24 -13 -23 -13 -23 -13 -22 -13 -22 -13 -22 -13 -22 -12 -21 -12 -21 -12 -21 -12 -20 -12 -20 -11 -19 -11 -19 -12 -19 -11 -18 -11 -18 -11 -17 -10 0 0 -16 -10 -16 -10 -16 -9 -15 -8 -15 -8 -14 -7 -13 -7 -14 -6 -13 -5 -13 -5 -13 -5 -13 -4 -13 -2 -12 -2 -13 -2 -13 -1 -13 0 -13 -1 -13 1 -13 1 -12 1 -13 1 -13 0 -12 2 -13 0 -12 0 0 0 0 0 0 0 0 0 0 0 ],a36fd9337ec7391b,1.67023E+12,2022/12/5 15:32,example_experiment_name
CSI_DATA,STA,8C:CE:4E:9A:6D:15,-53,11,1,6,1,1,1,1,0,0,0,-88,2,6,1,115164486,0,110,0,0,115.36,384,[110 96 6 0 0 0 0 0 0 0 0 0 20 -28 21 -27 20 -25 21 -26 21 -24 21 -24 21 -23 21 -23 21 -22 21 -22 20 -21 20 -21 19 -20 19 -20 20 -19 19 -20 19 -19 18 -18 18 -18 18 -17 17 -18 17 -17 17 -17 15 -17 16 -16 15 -17 0 0 15 -15 14 -15 13 -14 12 -13 13 -14 12 -13 10 -13 9 -13 9 -13 8 -13 7 -12 7 -13 5 -13 6 -13 5 -13 4 -13 3 -14 4 -14 2 -14 3 -14 3 -14 2 -14 2 -15 2 -14 2 -14 2 -14 0 0 0 0 0 0 0 0 0 0 ],a36fd9337ec7391b,1.67023E+12,2022/12/5 15:32,example_experiment_name
CSI_DATA,STA,8C:CE:4E:9A:6D:15,-53,11,1,6,1,1,1,1,0,0,0,-88,2,6,1,115196344,0,110,0,0,115.392,384,[110 96 6 0 0 0 0 0 0 0 0 0 -9 -32 -9 -32 -8 -32 -7 -32 -7 -31 -6 -30 -5 -30 -5 -30 -5 -29 -4 -29 -4 -28 -4 -28 -4 -27 -4 -27 -3 -27 -4 -27 -4 -26 -4 -25 -3 -25 -3 -24 -3 -24 -3 -24 -3 -23 -3 -23 -3 -22 -3 -21 0 0 -3 -20 -3 -20 -4 -18 -3 -18 -3 -18 -4 -17 -4 -16 -4 -16 -4 -15 -5 -15 -6 -13 -6 -14 -7 -13 -8 -12 -8 -11 -8 -12 -9 -11 -9 -10 -9 -11 -9 -11 -9 -11 -11 -10 -9 -10 -11 -11 -10 -10 -9 -11 0 0 0 0 0 0 0 0 0 0 ],a36fd9337ec7391b,1.67023E+12,2022/12/5 15:32,example_experiment_name
CSI_DATA,STA,8C:CE:4E:9A:6D:15,-53,11,1,6,1,1,1,1,0,0,0,-88,3,6,1,115224279,0,110,0,0,115.42,384,[110 96 6 0 0 0 0 0 0 0 0 0 -5 26 -6 26 -6 25 -7 25 -7 24 -7 24 -8 23 -8 23 -8 22 -8 22 -8 22 -8 21 -7 21 -7 20 -8 20 -8 19 -7 19 -7 19 -7 18 -7 18 -7 18 -7 17 -7 17 -6 17 -6 16 -6 16 0 0 -6 15 -6 15 -6 14 -5 14 -4 13 -4 13 -4 12 -3 12 -3 12 -3 11 -2 11 -1 11 -1 10 0 11 0 10 0 10 2 10 1 10 1 11 1 10 2 10 2 10 2 10 2 9 2 10 2 10 0 0 0 0 0 0 0 0 0 0 ],a36fd9337ec7391b,1.67023E+12,2022/12/5 15:32,example_experiment_name
CSI_DATA,STA,8C:CE:4E:9A:6D:15,-53,11,1,6,1,1,1,1,0,0,0,-88,1,6,1,115238694,0,110,0,0,115.434,384,[110 96 6 0 0 0 0 0 0 0 0 0 14 -23 15 -22 14 -22 15 -21 15 -21 15 -20 15 -19 15 -19 15 -19 15 -18 15 -18 15 -17 15 -17 14 -16 14 -16 14 -16 13 -16 13 -16 13 -15 13 -15 12 -15 12 -14 12 -14 11 -14 12 -14 11 -14 0 0 10 -13 10 -13 10 -12 9 -12 8 -12 8 -12 7 -12 6 -11 6 -11 5 -10 5 -10 4 -11 3 -10 3 -11 3 -11 2 -11 2 -11 1 -11 1 -11 1 -12 1 -12 0 -12 0 -11 0 -12 1 -12 1 -11 0 0 0 0 0 0 0 0 0 0 ],a36fd9337ec7391b,1.67023E+12,2022/12/5 15:32,example_experiment_name
CSI_DATA,STA,8C:CE:4E:9A:6D:15,-50,11,1,4,1,1,1,1,0,0,0,-88,1,6,1,115241979,0,110,0,0,115.439,384,[110 96 6 0 0 0 0 0 0 0 0 0 -20 23 -20 23 -20 22 -21 22 -20 21 -21 21 -21 20 -20 19 -20 18 -20 18 -21 18 -20 17 -20 17 -19 16 -19 16 -18 16 -18 16 -17 15 -18 15 -17 15 -17 15 -17 14 -16 14 -16 14 -16 13 -16 13 0 0 -14 13 -14 12 -13 12 -12 12 -12 11 -11 11 -10 11 -10 11 -9 10 -9 11 -8 11 -7 10 -7 11 -6 11 -5 11 -4 11 -4 11 -4 12 -3 12 -3 12 -3 12 -3 12 -3 12 -3 12 -3 12 -3 11 0 0 0 0 0 0 0 0 0 0 ],a36fd9337ec7391b,1.67023E+12,2022/12/5 15:32,example_experiment_name
CSI_DATA,STA,8C:CE:4E:9A:6D:15,-53,11,1,6,1,1,1,1,0,0,0,-88,2,6,1,115263267,0,110,0,0,115.459,384,[110 96 6 0 0 0 0 0 0 0 0 0 -5 29 -5 29 -6 28 -7 29 -7 28 -7 27 -7 26 -7 26 -7 25 -8 25 -8 24 -8 23 -8 23 -7 23 -7 23 -7 22 -7 22 -6 22 -7 21 -7 21 -8 21 -6 20 -7 20 -6 20 -6 19 -6 18 0 0 -6 17 -4 17 -4 17 -4 16 -4 15 -3 15 -2 15 -2 14 -2 13 -2 12 -1 13 -1 13 1 12 1 11 2 11 3 11 3 10 3 10 4 11 4 11 3 11 3 10 3 11 4 11 3 11 4 10 0 0 0 0 0 0 0 0 0 0 ],a36fd9337ec7391b,1.67023E+12,2022/12/5 15:32,example_experiment_name
CSI_DATA,STA,8C:CE:4E:9A:6D:15,-50,11,1,4,1,1,1,1,0,0,0,-88,3,6,1,115292947,0,110,0,0,115.488,384,[110 96 6 0 0 0 0 0 0 0 0 0 -12 25 -13 25 -13 24 -13 24 -13 23 -13 22 -14 21 -14 22 -14 21 -14 20 -13 21 -13 20 -13 20 -12 20 -13 18 -12 19 -12 18 -12 17 -12 18 -12 17 -12 17 -12 16 -11 16 -10 16 -10 16 -10 16 0 0 -10 15 -8 15 -8 14 -8 13 -7 12 -7 13 -7 12 -5 12 -5 11 -4 12 -4 10 -3 11 -2 11 -2 11 -1 11 -1 11 0 11 -1 12 -1 11 1 10 -2 11 0 11 1 10 1 15 0 10 0 10 0 0 0 0 0 0 0 0 0 0 ],a36fd9337ec7391b,1.67023E+12,2022/12/5 15:32,example_experiment_name
CSI_DATA,STA,8C:CE:4E:9A:6D:15,-52,11,1,5,1,1,1,1,0,0,0,-88,2,6,1,115325037,0,110,0,0,115.521,384,[110 96 6 0 0 0 0 0 0 0 0 0 -28 -13 -28 -14 -27 -15 -26 -15 -25 -15 -25 -16 -24 -16 -24 -16 -22 -16 -22 -16 -23 -15 -21 -15 -21 -15 -21 -15 -21 -15 -20 -15 -20 -14 -19 -14 -19 -14 -19 -14 -18 -13 -18 -14 -18 -13 -18 -13 -17 -13 -17 -12 0 0 -16 -11 -15 -11 -15 -10 -15 -10 -14 -10 -14 -9 -13 -9 -13 -8 -13 -6 -12 -7 -12 -6 -13 -5 -12 -5 -13 -3 -12 -3 -13 -3 -13 -3 -13 -2 -12 -2 -13 -2 -13 -2 -13 -2 -13 -2 -13 -2 -12 -1 -13 -2 0 0 0 0 0 0 0 0 0 0 ],a36fd9337ec7391b,1.67023E+12,2022/12/5 15:32,example_experiment_name
CSI_DATA,STA,8C:CE:4E:9A:6D:15,-52,11,1,5,1,1,1,1,0,0,0,-88,1,6,1,115339734,0,110,0,0,115.535,384,[110 96 6 0 0 0 0 0 0 0 0 0 29 5 29 6 28 6 28 7 28 7 27 7 26 7 26 7 25 7 25 8 24 8 24 8 24 8 23 8 23 8 22 8 22 8 22 8 21 7 21 7 21 7 20 7 20 7 19 7 19 7 19 6 0 0 17 6 17 5 16 5 15 5 15 4 15 4 14 3 14 2 13 2 13 2 13 1 13 1 12 0 12 -1 11 -2 12 -2 12 -2 12 -3 11 -3 12 -3 12 -3 12 -4 12 -3 11 -3 11 -3 11 -3 0 0 0 0 0 0 0 0 0 0 ],a36fd9337ec7391b,1.67023E+12,2022/12/5 15:32,example_experiment_name
CSI_DATA,STA,8C:CE:4E:9A:6D:15,-52,11,1,6,1,1,1,1,0,0,0,-88,1,6,1,115340070,0,110,0,0,115.539,384,[110 96 6 0 0 0 0 0 0 0 0 0 26 -1 26 0 26 1 26 1 25 1 25 2 24 2 24 2 23 3 23 3 22 3 22 3 22 3 21 3 20 3 20 3 20 2 20 3 19 3 20 3 19 2 18 2 18 3 18 3 17 3 17 2 0 0 16 2 16 2 15 2 14 1 14 1 14 1 13 0 13 0 12 1 11 0 11 -1 10 -2 11 -2 9 -3 9 -3 10 -3 10 -4 10 -4 9 -5 10 -5 9 -5 10 -5 10 -5 9 -5 10 -5 9 -5 0 0 0 0 0 0 0 0 0 0 ],a36fd9337ec7391b,1.67023E+12,2022/12/5 15:32,example_experiment_name
CSI_DATA,STA,8C:CE:4E:9A:6D:15,-52,11,1,6,1,1,1,1,0,0,0,-88,1,6,1,115374526,0,110,0,0,115.57,384,[110 96 6 0 0 0 0 0 0 0 0 0 -26 -10 -26 -11 -25 -11 -25 -11 -23 -11 -24 -12 -23 -12 -23 -12 -22 -12 -21 -12 -21 -12 -20 -12 -21 -11 -20 -11 -20 -11 -20 -11 -20 -12 -18 -10 -19 -11 -19 -11 -18 -11 -17 -11 -17 -9 -17 -10 -16 -9 -16 -9 0 0 -15 -9 -14 -9 -14 -8 -14 -7 -14 -7 -13 -7 -13 -6 -12 -5 -12 -5 -12 -4 -12 -4 -12 -3 -12 -2 -12 -2 -11 -2 -12 -1 -11 -1 -11 0 -12 0 -12 0 -11 0 -12 0 -11 0 -11 0 -11 0 -11 0 0 0 0 0 0 0 0 0 0 0 ],a36fd9337ec7391b,1.67023E+12,2022/12/5 15:32,example_experiment_name
CSI_DATA,STA,8C:CE:4E:9A:6D:15,-53,11,1,6,1,1,1,1,0,0,0,-88,1,6,1,115388765,0,110,0,0,115.584,384,[110 96 6 0 0 0 0 0 0 0 0 0 -19 24 -20 24 -18 23 -19 23 -19 21 -19 21 -19 20 -19 20 -19 19 -19 18 -19 18 -19 17 -19 16 -18 17 -18 16 -17 16 -17 16 -17 16 -17 15 -16 15 -16 15 -15 15 -16 15 -15 14 -16 13 -15 14 0 0 -14 12 -13 12 -12 12 -12 12 -11 12 -11 11 -10 12 -10 11 -9 11 -8 10 -8 11 -7 11 -6 11 -5 11 -5 11 -4 11 -3 11 -4 11 -3 12 -3 12 -3 12 -3 11 -3 12 -3 12 -3 11 -3 11 0 0 0 0 0 0 0 0 0 0 ],a36fd9337ec7391b,1.67023E+12,2022/12/5 15:32,example_experiment_name
CSI_DATA,STA,8C:CE:4E:9A:6D:15,-52,11,1,5,1,1,1,1,0,0,0,-88,2,6,1,115401807,0,110,0,0,115.597,384,[110 96 6 0 0 0 0 0 0 0 0 0 -31 -3 -30 -3 -30 -4 -30 -5 -29 -5 -28 -5 -28 -6 -27 -6 -27 -6 -27 -6 -26 -6 -25 -6 -25 -6 -24 -6 -25 -6 -24 -6 -24 -6 -23 -6 -23 -6 -23 -6 -22 -6 -22 -6 -22 -6 -21 -6 -20 -5 -20 -5 0 0 -19 -5 -18 -4 -18 -5 -17 -4 -16 -3 -16 -3 -15 -3 -15 -3 -14 -1 -14 -1 -13 -1 -13 0 -13 1 -13 1 -12 2 -12 3 -12 3 -12 3 -12 3 -12 3 -12 4 -12 3 -13 4 -12 4 -12 4 -12 4 0 0 0 0 0 0 0 0 0 0 ],a36fd9337ec7391b,1.67023E+12,2022/12/5 15:32,example_experiment_name
CSI_DATA,STA,8C:CE:4E:9A:6D:15,-52,11,1,6,1,1,1,1,0,0,0,-88,1,6,1,115406341,0,110,0,0,115.602,384,[110 96 6 0 0 0 0 0 0 0 0 0 29 -2 30 -1 29 0 29 0 28 0 28 1 28 1 27 1 27 2 26 1 26 2 25 2 25 2 24 3 25 2 24 2 24 2 22 2 22 2 22 2 21 2 21 2 21 2 21 2 20 1 20 1 0 0 18 1 17 1 18 1 16 1 17 1 16 -1 14 -1 15 -1 14 -2 12 -2 13 -3 12 -3 11 -3 12 -4 12 -4 11 -5 11 -6 11 -6 10 -6 11 -7 11 -6 10 -7 11 -7 10 -7 11 -6 10 -7 0 0 0 0 0 0 0 0 0 0 ],a36fd9337ec7391b,1.67023E+12,2022/12/5 15:32,example_experiment_name
CSI_DATA,STA,8C:CE:4E:9A:6D:15,-52,11,1,6,1,1,1,1,0,0,0,-88,1,6,1,115424284,0,110,0,0,115.62,384,[110 96 6 0 0 0 0 0 0 0 0 0 -21 23 -21 23 -21 21 -21 21 -21 20 -22 20 -21 19 -21 18 -21 17 -21 18 -21 17 -21 16 -20 16 -21 15 -20 16 -19 15 -20 15 -19 14 -19 14 -18 13 -18 14 -17 13 -17 13 -17 13 -16 12 -17 12 0 0 -15 11 -15 11 -14 11 -13 10 -13 10 -12 10 -11 10 -11 11 -10 10 -10 10 -9 10 -8 11 -7 10 -8 10 -7 11 -6 11 -6 11 -5 11 -5 11 -6 11 -5 11 -5 11 -5 11 -5 12 -5 11 -5 11 0 0 0 0 0 0 0 0 0 0 ],a36fd9337ec7391b,1.67023E+12,2022/12/5 15:32,example_experiment_name
CSI_DATA,STA,8C:CE:4E:9A:6D:15,-51,11,1,5,1,1,1,1,0,0,0,-88,1,6,1,115428596,0,110,0,0,115.625,384,[110 96 6 0 0 0 0 0 0 0 0 0 -28 1 -28 1 -27 0 -27 -1 -27 -1 -27 -2 -26 -2 -26 -2 -25 -2 -25 -3 -25 -3 -24 -3 -24 -3 -23 -3 -23 -3 -23 -3 -22 -3 -21 -2 -21 -3 -21 -2 -21 -3 -21 -3 -20 -3 -20 -2 -19 -3 -19 -2 0 0 -18 -2 -17 -1 -17 -2 -16 -2 -15 -1 -15 -1 -15 0 -14 0 -14 0 -13 1 -12 1 -12 2 -12 2 -12 3 -11 3 -12 4 -10 4 -11 4 -11 5 -11 4 -11 5 -11 4 -11 5 -10 5 -11 4 -10 5 0 0 0 0 0 0 0 0 0 0 ],a36fd9337ec7391b,1.67023E+12,2022/12/5 15:32,example_experiment_name
CSI_DATA,STA,8C:CE:4E:9A:6D:15,-50,11,1,4,1,1,1,1,0,0,0,-88,2,6,1,115457580,0,110,0,0,115.653,384,[110 96 6 0 0 0 0 0 0 0 0 0 3 -32 4 -32 4 -31 6 -31 6 -31 6 -29 7 -29 7 -28 7 -28 7 -28 7 -28 7 -27 7 -26 7 -25 7 -25 8 -25 7 -24 7 -24 7 -24 8 -23 7 -22 7 -22 7 -22 6 -22 6 -21 6 -21 0 0 6 -19 5 -19 5 -18 5 -18 4 -17 4 -17 4 -16 3 -16 2 -15 1 -14 0 -15 0 -14 -1 -14 -1 -14 -1 -14 -3 -14 -2 -14 -2 -14 -3 -13 -3 -13 -3 -14 -4 -14 -3 -14 -4 -13 -4 -13 -3 -13 0 0 0 0 0 0 0 0 0 0 ],a36fd9337ec7391b,1.67023E+12,2022/12/5 15:32,example_experiment_name
CSI_DATA,STA,8C:CE:4E:9A:6D:15,-50,11,1,4,1,1,1,1,0,0,0,-88,1,6,1,115459931,0,110,0,0,115.658,384,[110 96 6 0 0 0 0 0 0 0 0 0 -25 12 -25 12 -25 11 -25 10 -24 9 -26 9 -24 8 -24 8 -24 7 -24 7 -24 7 -23 7 -23 7 -23 7 -22 6 -23 6 -22 7 -21 6 -21 6 -20 5 -20 5 -20 5 -19 5 -19 5 -19 5 -19 5 0 0 -18 5 -16 5 -16 5 -15 5 -15 5 -15 5 -13 5 -13 5 -13 6 -12 6 -11 6 -11 7 -10 7 -10 7 -10 6 -9 8 -9 8 -9 9 -8 9 -8 9 -9 9 -8 8 -8 8 -8 9 -8 9 -8 8 0 0 0 0 0 0 0 0 0 0 ],a36fd9337ec7391b,1.67023E+12,2022/12/5 15:32,example_experiment_name
CSI_DATA,STA,8C:CE:4E:9A:6D:15,-51,11,1,5,1,1,1,1,0,0,0,-88,1,6,1,115483417,0,110,0,0,115.679,384,[110 96 6 0 0 0 0 0 0 0 0 0 12 24 12 24 11 24 10 24 10 24 9 23 8 23 8 23 7 23 7 23 7 22 7 22 7 21 7 21 6 21 6 21 5 20 5 20 5 20 4 20 6 19 5 19 5 18 5 18 5 17 5 17 0 0 4 16 4 15 5 15 5 14 5 13 5 13 5 13 5 12 4 12 5 10 5 10 6 10 7 10 6 10 6 8 7 9 8 8 8 8 8 8 8 7 8 8 8 7 8 7 8 7 8 8 7 7 0 0 0 0 0 0 0 0 0 0 ],a36fd9337ec7391b,1.67023E+12,2022/12/5 15:32,example_experiment_name
CSI_DATA,STA,8C:CE:4E:9A:6D:15,-50,11,1,4,1,1,1,1,0,0,0,-88,2,6,1,115508934,0,110,0,0,115.704,384,[110 96 6 0 0 0 0 0 0 0 0 0 -27 5 -28 4 -27 3 -28 3 -26 2 -27 2 -26 1 -26 1 -25 0 -25 1 -24 1 -24 1 -24 1 -24 1 -23 0 -23 0 -23 0 -22 0 -22 0 -21 -1 -21 -1 -21 -1 -20 0 -20 0 -20 0 -19 0 0 0 -18 0 -17 0 -17 1 -16 1 -16 1 -15 0 -14 1 -14 2 -13 1 -13 2 -13 3 -12 4 -12 4 -12 5 -11 4 -11 5 -11 5 -11 6 -11 6 -11 6 -11 6 -11 6 -11 6 -10 6 -10 6 -10 6 0 0 0 0 0 0 0 0 0 0 ],a36fd9337ec7391b,1.67023E+12,2022/12/5 15:32,example_experiment_name
CSI_DATA,STA,8C:CE:4E:9A:6D:15,-52,11,1,5,1,1,1,1,0,0,0,-88,1,6,1,115520349,0,110,0,0,115.717,384,[110 96 6 0 0 0 0 0 0 0 0 0 10 31 9 30 8 30 7 29 7 30 6 30 5 30 5 29 4 28 4 28 4 28 4 28 4 26 4 27 3 26 3 26 3 25 3 25 2 25 2 24 3 24 3 23 3 23 2 22 3 22 2 21 0 0 2 19 3 19 3 18 3 18 3 17 3 16 4 15 4 14 5 15 6 12 5 14 6 13 6 12 6 12 8 11 8 11 8 11 9 12 8 11 8 11 8 11 9 10 9 11 9 11 8 11 8 10 0 0 0 0 0 0 0 0 0 0 ],a36fd9337ec7391b,1.67023E+12,2022/12/5 15:32,example_experiment_name
CSI_DATA,STA,8C:CE:4E:9A:6D:15,-51,11,1,5,1,1,1,1,0,0,0,-88,1,6,1,115527604,0,110,0,0,115.723,384,[110 96 6 0 0 0 0 0 0 0 0 0 14 -27 16 -24 16 -26 17 -23 17 -23 16 -22 17 -24 17 -23 16 -22 17 -22 17 -21 16 -20 16 -20 16 -20 16 -20 16 -19 15 -18 15 -19 15 -18 14 -18 14 -18 14 -17 14 -17 13 -17 13 -17 13 -17 0 0 11 -15 11 -16 10 -15 9 -15 9 -14 8 -14 8 -14 6 -14 6 -14 6 -14 5 -14 4 -13 3 -13 3 -13 2 -13 3 -13 2 -14 2 -14 1 -13 1 -15 1 -14 0 -13 1 -14 1 -14 0 -14 1 -13 0 0 0 0 0 0 0 0 0 0 ],a36fd9337ec7391b,1.67023E+12,2022/12/5 15:32,example_experiment_name
CSI_DATA,STA,8C:CE:4E:9A:6D:15,-51,11,1,5,1,1,1,1,0,0,0,-88,2,6,1,115565917,0,110,0,0,115.761,384,[110 96 6 0 0 0 0 0 0 0 0 0 18 23 16 22 16 23 15 24 14 23 13 22 13 22 14 22 12 22 12 22 11 22 10 21 11 21 10 21 11 21 9 20 9 19 10 19 10 18 9 19 9 19 9 18 9 18 8 17 8 17 8 17 0 0 8 16 8 15 8 14 7 13 8 13 7 12 7 12 7 11 7 10 7 10 8 9 8 9 9 8 9 8 9 7 9 7 10 6 10 6 10 6 10 6 10 6 11 6 10 6 10 6 10 6 9 6 0 0 0 0 0 0 0 0 0 0 ],a36fd9337ec7391b,1.67023E+12,2022/12/5 15:32,example_experiment_name
CSI_DATA,STA,8C:CE:4E:9A:6D:15,-51,11,1,5,1,1,1,1,0,0,0,-88,2,6,1,115570108,0,110,0,0,115.766,384,[110 96 6 0 0 0 0 0 0 0 0 0 4 -26 4 -25 5 -25 5 -24 6 -24 6 -24 6 -23 7 -23 7 -22 7 -22 6 -22 7 -21 7 -21 7 -21 7 -20 6 -20 6 -20 6 -19 6 -19 6 -19 6 -18 6 -18 6 -18 5 -18 5 -17 6 -17 0 0 5 -16 4 -15 4 -15 3 -14 4 -14 3 -13 3 -13 2 -13 2 -12 1 -12 0 -12 -1 -12 -1 -11 -1 -12 -1 -11 -2 -11 -2 -11 -3 -11 -3 -11 -3 -12 -3 -11 -3 -11 -3 -12 -4 -11 -3 -12 -3 -11 0 0 0 0 0 0 0 0 0 0 ],a36fd9337ec7391b,1.67023E+12,2022/12/5 15:32,example_experiment_name
CSI_DATA,STA,8C:CE:4E:9A:6D:15,-51,11,1,5,1,1,1,1,0,0,0,-88,1,6,1,115570587,0,110,0,0,115.77,384,[110 96 6 0 0 0 0 0 0 0 0 0 27 0 27 0 27 1 27 2 26 2 26 2 25 3 25 3 25 4 24 4 24 4 23 4 23 4 22 4 23 4 22 3 22 4 21 3 21 4 20 4 20 4 20 4 19 4 19 3 19 4 18 3 0 0 17 3 16 3 16 3 15 2 15 1 15 1 14 1 13 1 13 0 13 0 12 -1 12 -1 11 -2 12 -3 11 -3 12 -4 11 -4 11 -4 11 -4 12 -3 12 -4 11 -4 11 -4 11 -5 11 -4 10 -4 0 0 0 0 0 0 0 0 0 0 ],a36fd9337ec7391b,1.67023E+12,2022/12/5 15:32,example_experiment_name
CSI_DATA,STA,8C:CE:4E:9A:6D:15,-50,11,1,3,1,1,1,1,0,0,0,-88,3,6,1,115610120,0,110,0,0,115.806,384,[110 96 6 0 0 0 0 0 0 0 0 0 18 -22 19 -22 19 -21 20 -21 19 -20 20 -20 20 -18 20 -18 19 -18 19 -18 19 -17 19 -17 18 -16 18 -16 18 -16 18 -16 17 -15 17 -15 17 -15 17 -15 16 -14 16 -14 16 -14 15 -14 15 -13 14 -14 0 0 14 -12 13 -12 12 -12 11 -12 11 -12 11 -11 10 -11 9 -11 8 -11 7 -11 6 -11 6 -12 5 -11 5 -11 4 -11 4 -12 3 -12 3 -12 3 -12 3 -12 3 -12 2 -12 3 -13 2 -13 2 -12 2 -12 0 0 0 0 0 0 0 0 0 0 ],a36fd9337ec7391b,1.67023E+12,2022/12/5 15:32,example_experiment_name
CSI_DATA,STA,8C:CE:4E:9A:6D:15,-49,11,1,4,1,1,1,1,0,0,0,-88,1,6,1,115631082,0,110,0,0,115.827,384,[110 96 6 0 0 0 0 0 0 0 0 0 29 -3 30 -3 29 -1 29 -1 28 -1 28 0 28 0 27 0 27 1 26 1 26 2 25 1 25 2 24 2 24 1 24 2 23 1 23 1 23 1 22 1 22 1 21 1 21 2 21 1 20 1 20 1 0 0 18 0 18 1 17 0 16 0 16 0 15 -1 15 -1 14 -2 13 -2 13 -3 13 -3 12 -3 11 -4 11 -5 11 -5 11 -6 10 -6 10 -7 10 -7 10 -7 10 -7 10 -7 10 -7 10 -7 10 -7 10 -6 0 0 0 0 0 0 0 0 0 0 ],a36fd9337ec7391b,1.67023E+12,2022/12/5 15:32,example_experiment_name
CSI_DATA,STA,8C:CE:4E:9A:6D:15,-51,11,1,5,1,1,1,1,0,0,0,-88,4,6,1,115666675,0,110,0,0,115.862,384,[110 96 6 0 0 0 0 0 0 0 0 0 27 -12 28 -11 27 -10 27 -10 27 -8 26 -8 28 -7 25 -7 25 -7 25 -8 25 -7 25 -6 23 -6 24 -6 23 -5 23 -5 22 -5 20 -6 21 -6 21 -4 20 -5 20 -5 19 -6 19 -5 19 -5 19 -5 0 0 17 -5 17 -5 16 -5 15 -5 15 -5 14 -5 13 -5 13 -6 12 -6 12 -6 11 -6 10 -7 9 -7 10 -8 9 -8 8 -8 9 -9 8 -9 9 -8 8 -10 8 -9 9 -10 9 -9 8 -9 8 -8 8 -10 0 0 0 0 0 0 0 0 0 0 ],a36fd9337ec7391b,1.67023E+12,2022/12/5 15:32,example_experiment_name
CSI_DATA,STA,8C:CE:4E:9A:6D:15,-51,11,1,5,1,1,1,1,0,0,0,-88,1,6,1,115667206,0,110,0,0,115.867,384,[110 96 6 0 0 0 0 0 0 0 0 0 -29 -6 -30 -6 -29 -7 -29 -8 -28 -8 -28 -8 -27 -8 -27 -8 -25 -8 -25 -8 -25 -10 -24 -9 -24 -9 -24 -9 -24 -10 -22 -8 -23 -9 -21 -8 -22 -9 -21 -8 -21 -8 -20 -7 -20 -7 -20 -8 -19 -7 -19 -8 0 0 -18 -6 -17 -7 -17 -6 -16 -6 -16 -5 -15 -4 -14 -5 -15 -4 -15 -3 -14 -3 -13 -2 -14 -2 -12 -1 -13 1 -12 0 -13 1 -11 2 -13 1 -12 2 -14 2 -13 2 -13 3 -13 3 -11 3 -12 1 -12 3 0 0 0 0 0 0 0 0 0 0 ],a36fd9337ec7391b,1.67023E+12,2022/12/5 15:32,example_experiment_name
CSI_DATA,STA,8C:CE:4E:9A:6D:15,-51,11,1,5,1,1,1,1,0,0,0,-88,2,6,1,115693055,0,110,0,0,115.889,384,[110 96 6 0 0 0 0 0 0 0 0 0 -9 -28 -9 -29 -7 -28 -7 -29 -6 -28 -6 -27 -4 -27 -4 -27 -4 -27 -4 -26 -4 -26 -4 -25 -4 -25 -5 -25 -4 -25 -3 -24 -3 -24 -4 -23 -4 -22 -3 -22 -3 -22 -3 -22 -3 -21 -4 -20 -4 -20 -3 -20 0 0 -3 -19 -3 -18 -4 -17 -3 -16 -4 -16 -4 -15 -4 -15 -5 -14 -5 -15 -6 -14 -6 -12 -6 -12 -6 -11 -7 -11 -7 -11 -8 -10 -8 -9 -8 -10 -8 -9 -8 -9 -9 -9 -9 -9 -10 -10 -10 -9 -9 -9 -9 -9 0 0 0 0 0 0 0 0 0 0 ],a36fd9337ec7391b,1.67023E+12,2022/12/5 15:32,example_experiment_name
CSI_DATA,STA,8C:CE:4E:9A:6D:15,-50,11,1,4,1,1,1,1,0,0,0,-88,1,6,1,115704334,0,110,0,0,115.9,384,[110 96 6 0 0 0 0 0 0 0 0 0 29 2 30 4 28 4 30 5 28 5 28 5 27 6 26 6 26 6 25 6 25 6 25 6 25 6 24 6 23 6 23 5 23 5 22 5 22 5 21 5 21 5 21 5 19 5 20 4 19 4 19 4 0 0 18 3 17 3 17 3 16 2 15 2 15 2 14 1 14 1 13 1 13 -1 13 -2 12 -1 11 -2 12 -3 11 -4 12 -5 10 -5 12 -5 10 -4 13 -6 14 -6 11 -4 12 -7 8 -6 12 -4 10 -5 0 0 0 0 0 0 0 0 0 0 ],a36fd9337ec7391b,1.67023E+12,2022/12/5 15:32,example_experiment_name
CSI_DATA,STA,8C:CE:4E:9A:6D:15,-50,11,1,4,1,1,1,1,0,0,0,-88,1,6,1,115727281,0,110,0,0,115.924,384,[110 96 6 0 0 0 0 0 0 0 0 0 4 28 3 29 2 27 1 29 1 27 1 27 0 26 0 26 -1 26 -1 25 0 25 -1 24 -1 24 -1 24 -1 23 -2 23 -1 23 -1 22 -1 21 -1 21 -1 20 -1 20 -1 20 0 19 -1 19 0 19 0 0 -1 17 0 17 0 17 0 15 1 14 0 14 1 14 1 13 1 13 3 11 3 11 3 11 4 11 4 11 4 10 5 10 5 10 6 10 6 10 6 10 5 10 7 9 6 10 7 9 6 9 6 9 0 0 0 0 0 0 0 0 0 0 ],a36fd9337ec7391b,1.67023E+12,2022/12/5 15:32,example_experiment_name
CSI_DATA,STA,8C:CE:4E:9A:6D:15,-51,11,1,5,1,1,1,1,0,0,0,-88,1,6,1,115727703,0,110,0,0,115.928,384,[110 96 6 0 0 0 0 0 0 0 0 0 18 21 17 21 17 22 16 22 14 22 14 21 14 21 13 21 13 20 12 21 11 21 11 20 11 21 10 20 10 19 10 19 10 18 10 18 9 18 10 18 10 17 10 17 9 17 9 16 9 16 9 15 0 0 8 14 8 14 8 13 8 13 8 12 8 11 8 10 8 10 8 10 8 9 7 9 8 8 9 7 9 7 9 6 10 6 9 5 10 6 11 5 10 5 10 4 10 4 10 4 10 5 10 4 10 4 0 0 0 0 0 0 0 0 0 0 ],a36fd9337ec7391b,1.67023E+12,2022/12/5 15:32,example_experiment_name
CSI_DATA,STA,8C:CE:4E:9A:6D:15,-50,11,1,4,1,1,1,1,0,0,0,-88,3,6,1,115769350,0,110,0,0,115.965,384,[110 96 6 0 0 0 0 0 0 0 0 0 -8 -29 -8 -29 -8 -28 -5 -28 -5 -29 -6 -28 -4 -28 -4 -26 -3 -27 -4 -27 -4 -26 -3 -26 -3 -25 -3 -25 -1 -24 -2 -24 -2 -23 -3 -22 -2 -21 -3 -22 -2 -22 -2 -21 -2 -21 -3 -20 -3 -20 -3 -19 0 0 -3 -18 -4 -18 -3 -17 -3 -17 -4 -16 -3 -15 -4 -14 -5 -14 -4 -13 -5 -13 -6 -12 -6 -12 -6 -11 -7 -11 -7 -11 -7 -10 -8 -10 -8 -10 -9 -10 -8 -10 -9 -9 -9 -9 -9 -10 -9 -10 -9 -9 -8 -9 0 0 0 0 0 0 0 0 0 0 ],a36fd9337ec7391b,1.67023E+12,2022/12/5 15:32,example_experiment_name
CSI_DATA,STA,8C:CE:4E:9A:6D:15,-51,11,1,5,1,1,1,1,0,0,0,-88,1,6,1,115770642,0,110,0,0,115.971,384,[110 96 6 0 0 0 0 0 0 0 0 0 20 20 20 20 18 20 18 20 17 20 17 21 16 20 15 21 15 20 14 19 14 20 14 19 13 19 13 17 13 19 11 18 12 18 12 16 12 17 11 17 11 16 11 16 10 15 11 15 10 15 10 15 0 0 9 14 9 13 10 13 8 12 9 12 9 10 9 10 9 10 9 9 9 8 9 8 8 8 9 7 10 6 9 6 10 6 10 5 10 5 11 5 10 4 10 4 9 4 10 5 10 5 10 5 10 4 0 0 0 0 0 0 0 0 0 0 ],a36fd9337ec7391b,1.67023E+12,2022/12/5 15:32,example_experiment_name
CSI_DATA,STA,8C:CE:4E:9A:6D:15,-51,11,1,5,1,1,1,1,0,0,0,-88,2,6,1,115792038,0,110,0,0,115.988,384,[110 96 6 0 0 0 0 0 0 0 0 0 26 -18 26 -17 27 -16 27 -15 26 -15 26 -14 25 -13 26 -13 24 -12 25 -12 24 -11 23 -10 23 -10 23 -10 23 -10 22 -10 22 -10 21 -9 21 -9 21 -9 20 -10 20 -9 19 -8 18 -9 18 -8 18 -9 0 0 17 -9 16 -8 16 -8 14 -8 14 -9 14 -8 13 -8 13 -8 11 -9 10 -9 10 -9 9 -9 9 -9 9 -10 8 -10 8 -10 8 -10 8 -10 7 -11 6 -10 7 -12 5 -11 8 -11 6 -11 7 -11 6 -11 0 0 0 0 0 0 0 0 0 0 ],a36fd9337ec7391b,1.67023E+12,2022/12/5 15:32,example_experiment_name
CSI_DATA,STA,8C:CE:4E:9A:6D:15,-50,11,1,4,1,1,1,1,0,0,0,-88,1,6,1,115814547,0,110,0,0,116.01,384,[110 96 6 0 0 0 0 0 0 0 0 0 10 30 10 29 10 30 8 29 8 30 7 28 7 28 7 28 6 27 6 28 5 27 4 26 5 26 4 25 4 25 5 25 5 23 5 23 4 23 5 22 5 22 5 21 4 22 5 21 4 20 4 20 0 0 4 18 6 18 5 17 5 16 4 16 5 15 6 14 5 14 6 12 7 13 6 12 7 11 7 11 8 10 8 9 8 9 9 9 9 8 9 9 9 8 10 9 10 8 10 9 10 8 9 8 8 8 0 0 0 0 0 0 0 0 0 0 ],a36fd9337ec7391b,1.67023E+12,2022/12/5 15:32,example_experiment_name
CSI_DATA,STA,8C:CE:4E:9A:6D:15,-50,11,1,4,1,1,1,1,0,0,0,-88,5,6,1,115863520,0,110,0,0,116.059,384,[110 96 6 0 0 0 0 0 0 0 0 0 -15 25 -16 25 -14 24 -17 23 -16 22 -18 21 -16 22 -16 20 -15 21 -16 19 -17 20 -16 19 -15 18 -15 17 -16 17 -15 18 -15 18 -14 16 -13 17 -14 16 -13 16 -13 16 -12 15 -13 15 -12 15 -11 15 0 0 -12 14 -10 13 -10 14 -9 13 -9 13 -9 12 -8 12 -7 12 -6 11 -6 11 -6 11 -5 11 -4 11 -3 11 -3 11 -3 11 -2 11 -2 11 -1 11 -1 11 -1 11 -1 11 -1 11 -1 11 -1 11 -1 10 0 0 0 0 0 0 0 0 0 0 ],a36fd9337ec7391b,1.67023E+12,2022/12/5 15:32,example_experiment_name
CSI_DATA,STA,8C:CE:4E:9A:6D:15,-51,11,1,5,1,1,1,1,0,0,0,-88,1,6,1,115864623,0,110,0,0,116.064,384,[110 96 6 0 0 0 0 0 0 0 0 0 30 -2 29 -2 30 -1 29 -1 29 -1 28 -1 28 0 29 0 27 2 27 2 26 3 26 3 23 2 23 3 24 2 25 3 24 3 23 2 21 2 23 4 22 2 20 2 22 3 19 2 20 3 19 3 0 0 18 2 18 2 17 1 17 1 16 1 15 1 15 0 14 0 14 -2 14 -1 13 -1 13 -1 12 -2 12 -3 12 -3 12 -4 12 -4 11 -5 12 -5 11 -5 12 -5 11 -5 11 -5 11 -5 11 -5 11 -5 0 0 0 0 0 0 0 0 0 0 ],a36fd9337ec7391b,1.67023E+12,2022/12/5 15:32,example_experiment_name
CSI_DATA,STA,8C:CE:4E:9A:6D:15,-51,11,1,5,1,1,1,1,0,0,0,-88,1,6,1,115887674,0,110,0,0,116.083,384,[110 96 6 0 0 0 0 0 0 0 0 0 -1 -32 0 -32 1 -31 2 -31 2 -30 3 -29 3 -29 3 -29 4 -28 4 -27 4 -27 4 -27 4 -26 4 -26 4 -25 4 -25 4 -25 4 -23 4 -23 3 -24 4 -23 3 -23 4 -22 4 -21 4 -21 3 -20 0 0 3 -20 3 -19 2 -18 2 -18 2 -17 2 -16 1 -16 0 -16 0 -15 -1 -15 -1 -14 -1 -14 -2 -13 -3 -13 -2 -13 -3 -13 -4 -13 -4 -12 -5 -12 -5 -13 -4 -12 -5 -13 -4 -12 -5 -11 -5 -12 -4 -11 0 0 0 0 0 0 0 0 0 0 ],a36fd9337ec7391b,1.67023E+12,2022/12/5 15:32,example_experiment_name
CSI_DATA,STA,8C:CE:4E:9A:6D:15,-51,11,1,5,1,1,1,1,0,0,0,-88,1,6,1,115888138,0,110,0,0,116.088,384,[110 96 6 0 0 0 0 0 0 0 0 0 5 30 4 30 3 30 3 30 2 29 2 29 1 29 1 28 0 27 0 27 2 27 0 26 0 26 1 25 1 25 0 25 1 24 1 23 1 23 0 23 0 22 1 21 1 21 1 20 1 20 1 20 0 0 2 19 2 19 2 17 2 17 2 16 2 16 2 15 2 14 3 13 3 13 4 13 4 13 5 12 5 11 5 11 6 10 6 10 7 10 7 10 7 10 7 9 6 9 7 9 7 9 7 9 6 9 0 0 0 0 0 0 0 0 0 0 ],a36fd9337ec7391b,1.67023E+12,2022/12/5 15:32,example_experiment_name
CSI_DATA,STA,8C:CE:4E:9A:6D:15,-52,11,1,5,1,1,1,1,0,0,0,-88,3,6,1,115926079,0,110,0,0,116.122,384,[110 96 6 0 0 0 0 0 0 0 0 0 15 -26 16 -26 16 -24 16 -25 17 -23 16 -23 16 -23 17 -22 17 -21 17 -21 16 -21 16 -20 17 -19 16 -20 16 -19 16 -19 15 -19 15 -19 14 -18 14 -18 14 -18 13 -17 13 -18 13 -16 13 -16 12 -16 0 0 11 -16 11 -15 11 -15 9 -14 9 -14 9 -14 8 -14 8 -14 6 -14 7 -13 6 -13 5 -13 4 -12 3 -13 3 -13 3 -13 2 -13 2 -13 2 -12 1 -13 1 -12 1 -13 1 -12 1 -12 1 -12 1 -12 0 0 0 0 0 0 0 0 0 0 ],a36fd9337ec7391b,1.67023E+12,2022/12/5 15:32,example_experiment_name
CSI_DATA,STA,8C:CE:4E:9A:6D:15,-51,11,1,5,1,1,1,1,0,0,0,-88,2,6,1,115948022,0,110,0,0,116.144,384,[110 96 6 0 0 0 0 0 0 0 0 0 31 0 31 0 29 1 31 2 28 2 29 3 28 3 28 3 27 3 26 3 26 5 25 4 25 5 24 4 25 4 23 4 24 4 23 4 23 4 22 4 22 4 22 3 21 4 21 4 20 4 21 3 0 0 19 4 18 3 18 3 17 2 17 2 16 2 15 1 15 1 14 0 13 0 14 0 13 0 13 -1 13 -2 12 -2 13 -3 12 -3 12 -4 12 -4 12 -4 12 -4 11 -5 11 -4 12 -4 11 -4 11 -3 0 0 0 0 0 0 0 0 0 0 ],a36fd9337ec7391b,1.67023E+12,2022/12/5 15:32,example_experiment_name
CSI_DATA,STA,8C:CE:4E:9A:6D:15,-50,11,1,3,1,1,1,1,0,0,0,-88,2,6,1,115977042,0,110,0,0,116.173,384,[110 96 6 0 0 0 0 0 0 0 0 0 23 15 24 16 22 16 22 17 21 16 21 17 19 17 20 15 19 16 17 16 19 16 17 16 17 15 17 15 18 16 17 15 15 15 16 14 16 14 15 15 15 14 15 13 14 13 15 13 14 13 14 13 0 0 13 12 13 11 12 11 12 10 11 10 12 9 11 9 11 8 10 7 10 7 10 6 10 5 11 5 11 5 10 4 11 4 11 3 11 3 11 3 11 2 11 3 10 2 11 2 11 1 10 2 10 2 0 0 0 0 0 0 0 0 0 0 ],a36fd9337ec7391b,1.67023E+12,2022/12/5 15:32,example_experiment_name
CSI_DATA,STA,8C:CE:4E:9A:6D:15,-51,11,1,5,1,1,1,1,0,0,0,-88,1,6,1,115978010,0,110,0,0,116.177,384,[110 96 6 0 0 0 0 0 0 0 0 0 -28 6 -27 7 -26 4 -28 4 -26 3 -27 4 -25 4 -26 3 -24 1 -25 2 -24 2 -24 1 -24 1 -23 1 -23 2 -22 1 -22 0 -21 2 -22 2 -22 1 -22 1 -21 1 -19 2 -20 1 -19 2 -19 1 0 0 -19 1 -18 2 -17 1 -16 1 -16 2 -15 1 -14 2 -15 1 -12 3 -12 3 -13 3 -12 3 -11 4 -11 4 -11 4 -11 5 -10 5 -10 6 -11 6 -10 6 -10 6 -9 6 -10 6 -10 6 -10 6 -9 6 0 0 0 0 0 0 0 0 0 0 ],a36fd9337ec7391b,1.67023E+12,2022/12/5 15:32,example_experiment_name
CSI_DATA,STA,8C:CE:4E:9A:6D:15,-51,11,1,5,1,1,1,1,0,0,0,-88,1,6,1,115997373,0,110,0,0,116.193,384,[110 96 6 0 0 0 0 0 0 0 0 0 -27 -2 -27 -3 -26 -4 -27 -4 -25 -5 -25 -5 -25 -5 -24 -5 -24 -6 -23 -5 -23 -5 -23 -6 -23 -6 -22 -5 -22 -6 -21 -5 -21 -5 -20 -5 -21 -6 -20 -6 -20 -6 -19 -6 -19 -5 -19 -5 -18 -5 -18 -5 0 0 -17 -5 -16 -4 -16 -4 -15 -3 -16 -4 -15 -4 -14 -3 -14 -3 -13 -3 -13 -2 -12 -1 -12 0 -12 0 -12 0 -11 1 -12 2 -11 2 -11 2 -11 2 -11 1 -11 3 -11 3 -10 3 -9 2 -11 2 -11 3 0 0 0 0 0 0 0 0 0 0 ],a36fd9337ec7391b,1.67023E+12,2022/12/5 15:32,example_experiment_name
CSI_DATA,STA,8C:CE:4E:9A:6D:15,-51,11,1,5,1,1,1,1,0,0,0,-88,1,6,1,116004180,0,110,0,0,116.199,384,[110 96 6 0 0 0 0 0 0 0 0 0 -26 -17 -25 -17 -25 -16 -25 -18 -23 -17 -23 -18 -22 -18 -22 -18 -21 -17 -21 -17 -21 -17 -20 -17 -20 -17 -19 -17 -19 -17 -19 -17 -19 -16 -18 -16 -18 -16 -18 -16 -17 -16 -17 -16 -17 -15 -16 -15 -16 -15 -16 -14 0 0 -15 -14 -14 -13 -14 -13 -13 -12 -14 -12 -13 -11 -13 -11 -13 -10 -13 -9 -12 -8 -12 -8 -12 -7 -12 -7 -12 -6 -13 -5 -13 -5 -12 -4 -13 -4 -13 -3 -12 -4 -13 -3 -13 -3 -13 -4 -13 -4 -13 -4 -12 -4 0 0 0 0 0 0 0 0 0 0 ],a36fd9337ec7391b,1.67023E+12,2022/12/5 15:32,example_experiment_name
CSI_DATA,STA,8C:CE:4E:9A:6D:15,-50,11,1,3,1,1,1,1,0,0,0,-88,1,6,1,116013686,0,110,0,0,116.209,384,[110 96 6 0 0 0 0 0 0 0 0 0 0 30 -2 30 -2 30 -3 29 -3 29 -3 28 -4 28 -5 27 -5 26 -4 26 -4 26 -5 26 -4 25 -4 24 -5 24 -4 25 -4 23 -4 24 -4 23 -4 23 -5 22 -4 22 -4 21 -4 21 -3 21 -4 21 0 0 -4 19 -3 19 -3 18 -3 17 -2 17 -3 16 -2 16 -2 15 -1 14 -1 13 0 14 1 13 2 14 2 13 3 13 5 14 5 12 4 10 7 11 2 11 5 11 5 13 4 11 5 11 5 12 3 9 0 0 0 0 0 0 0 0 0 0 ],a36fd9337ec7391b,1.67023E+12,2022/12/5 15:32,example_experiment_name
CSI_DATA,STA,8C:CE:4E:9A:6D:15,-51,11,1,5,1,1,1,1,0,0,0,-88,1,6,1,116042871,0,110,0,0,116.239,384,[110 96 6 0 0 0 0 0 0 0 0 0 -30 0 -30 0 -30 -1 -30 -2 -30 -2 -29 -3 -28 -2 -28 -3 -27 -3 -28 -3 -27 -4 -26 -4 -26 -4 -26 -4 -25 -4 -24 -3 -25 -4 -25 -3 -24 -3 -24 -3 -23 -4 -23 -4 -22 -4 -23 -4 -21 -4 -21 -4 0 0 -20 -3 -20 -3 -19 -4 -18 -2 -18 -2 -17 -2 -17 -2 -16 -1 -15 0 -15 -1 -15 0 -14 0 -13 1 -13 2 -13 2 -13 3 -13 3 -13 4 -13 4 -13 4 -13 4 -13 4 -12 4 -12 4 -12 4 -12 4 0 0 0 0 0 0 0 0 0 0 ],a36fd9337ec7391b,1.67023E+12,2022/12/5 15:32,example_experiment_name
CSI_DATA,STA,8C:CE:4E:9A:6D:15,-51,11,1,5,1,1,1,1,0,0,0,-88,1,6,1,116043108,0,110,0,0,116.243,384,[110 96 6 0 0 0 0 0 0 0 0 0 -23 -26 -23 -26 -22 -26 -20 -26 -20 -26 -19 -27 -18 -26 -18 -27 -18 -26 -17 -25 -17 -25 -16 -25 -16 -25 -16 -25 -16 -25 -15 -24 -15 -24 -15 -23 -14 -23 -14 -24 -14 -23 -14 -23 -13 -22 -13 -21 -13 -21 -13 -21 0 0 -12 -20 -11 -19 -11 -19 -11 -17 -11 -18 -11 -17 -10 -15 -11 -15 -12 -14 -11 -14 -11 -12 -11 -12 -11 -11 -12 -11 -11 -10 -12 -9 -12 -8 -13 -8 -13 -7 -13 -8 -13 -8 -13 -7 -13 -7 -13 -8 -13 -8 -12 -7 0 0 0 0 0 0 0 0 0 0 ],a36fd9337ec7391b,1.67023E+12,2022/12/5 15:32,example_experiment_name
CSI_DATA,STA,8C:CE:4E:9A:6D:15,-51,11,1,5,1,1,1,1,0,0,0,-88,1,6,1,116050118,0,110,0,0,116.25,384,[110 96 6 0 0 0 0 0 0 0 0 0 3 27 3 27 2 26 2 27 1 26 1 26 0 25 0 25 -1 25 0 24 -1 24 -1 24 -1 23 -2 23 -1 23 -1 22 -1 22 -1 21 -2 21 -1 21 -2 21 -2 20 -1 20 -1 20 -2 19 -2 19 0 0 -2 18 -1 18 -1 17 -1 15 -1 16 -1 15 0 14 0 14 0 13 1 13 1 13 2 12 2 12 2 11 3 11 3 11 4 10 4 11 4 11 4 10 4 10 4 10 4 10 4 10 4 10 4 9 0 0 0 0 0 0 0 0 0 0 ],a36fd9337ec7391b,1.67023E+12,2022/12/5 15:32,example_experiment_name
CSI_DATA,STA,8C:CE:4E:9A:6D:15,-51,11,1,5,1,1,1,1,0,0,0,-88,2,6,1,116078577,0,110,0,0,116.274,384,[110 96 6 0 0 0 0 0 0 0 0 0 20 -18 21 -18 21 -17 21 -17 20 -16 22 -16 20 -15 21 -15 21 -13 21 -14 21 -13 21 -14 22 -11 21 -13 19 -13 19 -11 19 -12 18 -12 18 -12 18 -12 19 -12 18 -11 17 -11 17 -11 17 -10 17 -11 0 0 16 -11 15 -10 14 -9 14 -10 14 -10 13 -9 12 -9 11 -10 10 -9 10 -9 9 -9 9 -10 8 -9 8 -10 7 -10 7 -11 7 -11 7 -10 6 -10 5 -11 6 -11 5 -12 6 -11 5 -11 6 -11 6 -11 0 0 0 0 0 0 0 0 0 0 ],a36fd9337ec7391b,1.67023E+12,2022/12/5 15:32,example_experiment_name
CSI_DATA,STA,8C:CE:4E:9A:6D:15,-50,11,1,4,1,1,1,1,0,0,0,-88,1,6,1,116085865,0,110,0,0,116.281,384,[110 96 6 0 0 0 0 0 0 0 0 0 24 17 24 17 23 18 23 18 23 18 22 19 21 19 21 19 20 19 20 19 19 20 19 19 18 19 18 19 18 19 18 19 17 18 17 17 17 18 16 18 16 18 16 17 15 17 15 17 14 17 15 16 0 0 14 15 13 15 13 15 12 14 12 14 12 13 12 12 12 11 12 11 11 10 11 9 11 9 11 8 11 7 11 7 12 6 13 6 12 5 12 5 11 5 12 5 12 5 12 5 13 5 12 5 11 4 0 0 0 0 0 0 0 0 0 0 ],a36fd9337ec7391b,1.67023E+12,2022/12/5 15:32,example_experiment_name
CSI_DATA,STA,8C:CE:4E:9A:6D:15,-50,11,1,5,1,1,1,1,0,0,0,-88,1,6,1,116093522,0,110,0,0,116.289,384,[110 96 6 0 0 0 0 0 0 0 0 0 27 0 26 0 26 1 26 2 26 2 26 2 25 3 25 3 24 3 24 3 24 3 23 3 23 3 22 3 23 4 22 3 22 4 22 3 21 3 21 3 21 3 20 3 20 3 20 3 19 3 19 3 0 0 17 3 17 3 17 3 16 2 16 2 15 1 14 1 14 1 14 0 14 -1 13 -1 12 -1 12 -2 12 -2 12 -3 11 -3 11 -3 12 -4 11 -3 11 -4 11 -4 11 -4 11 -5 11 -5 11 -4 11 -4 0 0 0 0 0 0 0 0 0 0 ],a36fd9337ec7391b,1.67023E+12,2022/12/5 15:32,example_experiment_name
CSI_DATA,STA,8C:CE:4E:9A:6D:15,-50,11,1,3,1,1,1,1,0,0,0,-88,4,6,1,116143720,0,110,0,0,116.34,384,[110 96 6 0 0 0 0 0 0 0 0 0 -30 0 -30 -1 -29 -1 -30 -2 -29 -3 -29 -3 -28 -3 -28 -4 -27 -4 -27 -5 -27 -5 -27 -5 -27 -5 -26 -5 -25 -6 -25 -5 -25 -5 -24 -5 -24 -5 -24 -5 -23 -6 -22 -5 -22 -6 -22 -5 -21 -5 -21 -5 0 0 -20 -5 -19 -4 -19 -4 -18 -4 -18 -4 -17 -3 -16 -3 -16 -2 -16 -1 -16 -1 -15 -1 -15 0 -15 1 -14 1 -14 2 -15 2 -14 3 -14 3 -14 3 -14 3 -13 3 -13 3 -14 3 -13 4 -14 3 -13 3 0 0 0 0 0 0 0 0 0 0 ],a36fd9337ec7391b,1.67023E+12,2022/12/5 15:32,example_experiment_name
CSI_DATA,STA,8C:CE:4E:9A:6D:15,-52,11,1,5,1,1,1,1,0,0,0,-88,1,6,1,116165925,0,110,0,0,116.361,384,[110 96 6 0 0 0 0 0 0 0 0 0 -19 25 -19 24 -20 24 -20 23 -21 23 -20 23 -21 22 -21 21 -21 21 -21 21 -20 20 -21 19 -20 19 -21 19 -20 19 -20 18 -20 17 -19 17 -20 17 -20 16 -19 16 -18 16 -19 15 -18 16 -17 15 -17 15 0 0 -16 14 -15 14 -15 13 -14 13 -14 12 -13 12 -13 12 -12 13 -11 12 -10 12 -10 13 -9 12 -8 12 -7 13 -7 13 -7 13 -6 13 -6 14 -5 14 -6 13 -6 14 -5 13 -5 14 -5 13 -5 13 -5 12 0 0 0 0 0 0 0 0 0 0 ],a36fd9337ec7391b,1.67023E+12,2022/12/5 15:32,example_experiment_name
CSI_DATA,STA,8C:CE:4E:9A:6D:15,-52,11,1,5,1,1,1,1,0,0,0,-88,1,6,1,116166470,0,110,0,0,116.366,384,[110 96 6 0 0 0 0 0 0 0 0 0 14 -24 14 -24 15 -24 15 -23 16 -22 16 -23 15 -22 15 -22 16 -21 16 -20 16 -20 16 -20 16 -19 15 -19 16 -19 15 -18 15 -18 15 -18 14 -18 14 -18 14 -17 14 -17 13 -17 14 -16 13 -15 13 -16 0 0 12 -15 11 -14 11 -14 10 -13 10 -13 9 -13 8 -13 7 -13 8 -13 8 -14 6 -13 5 -13 4 -13 4 -13 4 -13 4 -13 3 -13 2 -13 2 -13 2 -14 2 -13 1 -14 2 -14 2 -13 2 -13 2 -13 0 0 0 0 0 0 0 0 0 0 ],a36fd9337ec7391b,1.67023E+12,2022/12/5 15:32,example_experiment_name
CSI_DATA,STA,8C:CE:4E:9A:6D:15,-52,11,1,5,1,1,1,1,0,0,0,-88,2,6,1,116187825,0,110,0,0,116.383,384,[110 96 6 0 0 0 0 0 0 0 0 0 8 -26 8 -26 8 -26 9 -26 9 -25 9 -25 9 -24 10 -24 10 -23 10 -24 10 -23 10 -22 10 -22 11 -22 10 -22 10 -21 10 -21 9 -21 10 -20 9 -20 10 -20 10 -19 9 -19 9 -19 9 -18 9 -18 0 0 8 -17 8 -16 7 -16 7 -15 6 -15 6 -15 5 -14 4 -14 4 -14 4 -14 3 -13 2 -14 2 -13 1 -14 1 -13 1 -13 0 -13 0 -13 -1 -13 0 -13 0 -13 -1 -13 0 -13 -1 -13 0 -13 0 -13 0 0 0 0 0 0 0 0 0 0 ],a36fd9337ec7391b,1.67023E+12,2022/12/5 15:32,example_experiment_name
CSI_DATA,STA,8C:CE:4E:9A:6D:15,-52,11,1,5,1,1,1,1,0,0,0,-88,1,6,1,116200615,0,110,0,0,116.396,384,[110 96 6 0 0 0 0 0 0 0 0 0 23 -13 24 -14 22 -12 23 -12 23 -12 23 -12 22 -11 23 -10 23 -9 22 -10 21 -9 22 -10 22 -10 22 -9 22 -9 21 -9 20 -8 20 -8 21 -8 20 -7 20 -7 20 -7 19 -8 19 -8 18 -8 18 -8 0 0 17 -7 16 -6 16 -6 15 -7 15 -7 14 -7 13 -6 13 -7 11 -6 11 -8 11 -8 10 -8 9 -8 9 -9 9 -8 9 -10 8 -8 8 -8 9 -9 8 -9 9 -10 8 -9 8 -10 8 -10 8 -10 8 -9 0 0 0 0 0 0 0 0 0 0 ],a36fd9337ec7391b,1.67023E+12,2022/12/5 15:32,example_experiment_name
CSI_DATA,STA,8C:CE:4E:9A:6D:15,-51,11,1,3,1,1,1,1,0,0,0,-88,1,6,1,116218528,0,110,0,0,116.414,384,[110 96 6 0 0 0 0 0 0 0 0 0 24 22 23 23 24 21 22 23 22 23 21 23 21 21 21 22 20 22 20 22 19 22 19 23 18 22 17 22 18 23 19 22 17 21 18 22 16 22 17 21 15 22 16 21 15 20 14 20 14 20 15 19 0 0 14 19 13 18 12 17 13 17 11 15 12 16 11 16 11 13 12 13 12 13 12 12 12 12 12 9 12 10 12 8 13 8 14 10 13 9 13 5 14 5 12 8 14 6 15 7 12 5 14 9 12 7 0 0 0 0 0 0 0 0 0 0 ],a36fd9337ec7391b,1.67023E+12,2022/12/5 15:32,example_experiment_name
CSI_DATA,STA,8C:CE:4E:9A:6D:15,-50,11,1,3,1,1,1,1,0,0,0,-88,3,6,1,116244885,0,110,0,0,116.441,384,[110 96 6 0 0 0 0 0 0 0 0 0 21 14 21 15 20 14 21 15 20 15 19 15 19 15 19 15 18 14 18 15 18 15 17 15 17 15 17 14 17 14 17 14 16 14 16 14 16 14 16 14 15 14 15 13 14 13 15 13 14 13 14 13 0 0 13 12 13 12 13 11 12 10 12 11 11 10 11 9 11 8 11 8 11 8 11 7 11 6 10 6 11 5 11 5 12 4 12 4 12 4 12 4 12 3 11 4 11 3 11 4 11 4 10 4 10 4 0 0 0 0 0 0 0 0 0 0 ],a36fd9337ec7391b,1.67023E+12,2022/12/5 15:32,example_experiment_name
CSI_DATA,STA,8C:CE:4E:9A:6D:15,-51,11,1,3,1,1,1,1,0,0,0,-88,1,6,1,116268508,0,110,0,0,116.464,384,[110 96 6 0 0 0 0 0 0 0 0 0 14 -23 14 -23 14 -22 15 -22 14 -21 14 -21 15 -20 15 -19 14 -19 14 -19 14 -19 15 -19 14 -19 14 -18 14 -18 14 -19 13 -18 13 -17 12 -18 13 -17 13 -17 13 -17 13 -16 12 -16 12 -16 12 -15 0 0 11 -15 10 -15 10 -14 10 -14 9 -13 9 -13 8 -13 8 -13 7 -13 7 -12 6 -12 5 -12 4 -12 4 -12 4 -12 4 -13 3 -12 3 -13 3 -12 3 -13 3 -13 3 -13 3 -13 2 -13 3 -12 3 -12 0 0 0 0 0 0 0 0 0 0 ],a36fd9337ec7391b,1.67023E+12,2022/12/5 15:32,example_experiment_name
CSI_DATA,STA,8C:CE:4E:9A:6D:15,-51,11,1,3,1,1,1,1,0,0,0,-88,2,6,1,116276778,0,110,0,0,116.472,384,[110 96 6 0 0 0 0 0 0 0 0 0 0 29 0 29 -1 28 -1 29 -2 27 -2 28 -3 27 -3 27 -3 26 -3 25 -3 25 -3 25 -3 25 -3 25 -4 25 -4 24 -3 24 -3 23 -3 23 -3 23 -4 23 -4 22 -4 22 -4 22 -4 22 -4 21 0 0 -4 20 -3 19 -3 19 -3 18 -3 18 -3 17 -3 16 -2 16 -2 15 -1 15 0 15 0 15 0 14 1 14 1 13 2 14 2 13 2 14 2 14 2 13 3 14 2 13 2 13 2 13 2 13 2 13 0 0 0 0 0 0 0 0 0 0 ],a36fd9337ec7391b,1.67023E+12,2022/12/5 15:32,example_experiment_name
CSI_DATA,STA,8C:CE:4E:9A:6D:15,-51,11,1,3,1,1,1,1,0,0,0,-88,2,6,1,116307215,0,110,0,0,116.503,384,[110 96 6 0 0 0 0 0 0 0 0 0 26 4 26 4 26 5 25 6 24 5 24 6 24 6 23 7 23 6 23 7 23 7 22 7 21 7 21 7 21 7 21 7 21 6 20 6 20 7 20 7 20 7 19 6 19 7 19 6 18 7 18 6 0 0 17 6 17 6 16 5 16 4 15 5 15 4 15 4 14 3 13 3 14 2 13 2 13 2 13 0 14 0 13 0 14 0 15 -1 13 -1 13 0 13 -1 13 -1 14 -1 14 0 14 -1 14 -1 12 0 0 0 0 0 0 0 0 0 0 0 ],a36fd9337ec7391b,1.67023E+12,2022/12/5 15:32,example_experiment_name
CSI_DATA,STA,8C:CE:4E:9A:6D:15,-51,11,1,3,1,1,1,1,0,0,0,-88,1,6,1,116314287,0,110,0,0,116.51,384,[110 96 6 0 0 0 0 0 0 0 0 0 9 -28 10 -28 9 -27 10 -28 11 -26 11 -26 11 -25 11 -25 11 -25 11 -24 11 -24 11 -23 11 -23 12 -23 11 -23 11 -23 11 -22 11 -21 11 -21 11 -21 11 -21 11 -21 10 -20 10 -20 11 -20 10 -20 0 0 10 -18 10 -18 9 -18 8 -17 8 -17 8 -16 7 -16 7 -16 6 -15 6 -15 5 -17 4 -16 3 -15 3 -15 4 -15 2 -17 1 -17 3 -18 2 -17 2 -17 1 -15 0 -15 3 -18 1 -16 2 -15 2 -15 0 0 0 0 0 0 0 0 0 0 ],a36fd9337ec7391b,1.67023E+12,2022/12/5 15:32,example_experiment_name
CSI_DATA,STA,8C:CE:4E:9A:6D:15,-51,11,1,3,1,1,1,1,0,0,0,-88,1,6,1,116326933,0,110,0,0,116.522,384,[110 96 6 0 0 0 0 0 0 0 0 0 -15 -21 -15 -22 -14 -22 -14 -22 -13 -22 -13 -22 -12 -21 -12 -22 -12 -21 -12 -21 -12 -21 -12 -21 -11 -21 -11 -21 -11 -20 -11 -20 -10 -20 -10 -20 -10 -19 -10 -20 -9 -20 -9 -20 -9 -19 -9 -19 -8 -19 -9 -18 0 0 -7 -17 -8 -17 -7 -16 -7 -15 -8 -15 -8 -15 -7 -14 -8 -14 -8 -13 -9 -12 -9 -12 -9 -12 -9 -11 -9 -11 -9 -11 -10 -11 -9 -11 -10 -10 -11 -11 -10 -11 -11 -12 -10 -10 -10 -12 -10 -11 -9 -11 -9 -11 0 0 0 0 0 0 0 0 0 0 ],a36fd9337ec7391b,1.67023E+12,2022/12/5 15:32,example_experiment_name
CSI_DATA,STA,8C:CE:4E:9A:6D:15,-51,11,1,4,1,1,1,1,0,0,0,-88,2,6,1,116347535,0,110,0,0,116.543,384,[110 96 6 0 0 0 0 0 0 0 0 0 25 9 25 10 24 10 25 10 23 10 24 11 23 11 23 11 23 11 22 10 22 11 23 11 22 10 22 11 22 11 22 11 22 11 20 10 21 11 21 11 20 11 20 11 19 11 19 11 19 11 19 10 0 0 18 10 17 10 17 9 16 8 16 9 16 8 15 7 15 7 14 6 14 5 15 5 14 5 14 4 15 4 14 3 15 3 15 2 16 2 15 3 15 2 15 3 15 2 15 3 15 2 14 3 14 3 0 0 0 0 0 0 0 0 0 0 ],a36fd9337ec7391b,1.67023E+12,2022/12/5 15:32,example_experiment_name
CSI_DATA,STA,8C:CE:4E:9A:6D:15,-51,11,1,4,1,1,1,1,0,0,0,-88,1,6,1,116365814,0,110,0,0,116.561,384,[110 96 6 0 0 0 0 0 0 0 0 0 20 -14 21 -14 20 -13 21 -13 19 -12 21 -12 20 -11 20 -11 20 -11 19 -11 20 -12 20 -11 20 -11 19 -11 20 -11 20 -10 20 -10 19 -10 20 -9 19 -9 20 -9 19 -9 18 -8 19 -9 19 -9 19 -8 0 0 18 -7 17 -7 17 -7 15 -7 16 -7 15 -7 14 -7 13 -7 13 -7 13 -8 12 -8 12 -8 11 -9 12 -9 11 -8 11 -10 10 -9 11 -10 11 -9 10 -10 11 -9 11 -9 10 -9 10 -9 10 -9 11 -8 0 0 0 0 0 0 0 0 0 0 ],a36fd9337ec7391b,1.67023E+12,2022/12/5 15:32,example_experiment_name
CSI_DATA,STA,8C:CE:4E:9A:6D:15,-51,11,1,4,1,1,1,1,0,0,0,-88,1,6,1,116369261,0,110,0,0,116.566,384,[110 96 6 0 0 0 0 0 0 0 0 0 -11 22 -12 21 -12 21 -12 21 -11 20 -11 20 -12 20 -12 19 -12 19 -12 20 -12 20 -11 19 -12 20 -12 19 -13 20 -12 19 -12 19 -12 17 -12 19 -13 18 -13 17 -13 17 -12 17 -12 17 -12 16 -12 16 0 0 -11 15 -11 15 -11 14 -10 14 -10 14 -10 13 -9 13 -8 13 -8 13 -7 13 -6 13 -6 13 -5 13 -5 13 -5 13 -4 13 -4 13 -4 13 -4 13 -4 13 -4 13 -5 13 -4 13 -4 13 -4 13 -4 13 0 0 0 0 0 0 0 0 0 0 ],a36fd9337ec7391b,1.67023E+12,2022/12/5 15:32,example_experiment_name
CSI_DATA,STA,8C:CE:4E:9A:6D:15,-51,11,1,4,1,1,1,1,0,0,0,-88,2,6,1,116385734,0,110,0,0,116.581,384,[110 96 6 0 0 0 0 0 0 0 0 0 22 9 21 10 22 10 22 10 21 11 20 10 20 11 20 10 21 9 18 10 19 11 18 12 18 10 19 11 19 11 19 9 18 11 18 10 18 10 19 10 18 11 18 11 17 11 17 10 16 10 17 10 0 0 16 10 16 9 15 9 14 8 14 8 14 8 14 7 13 7 13 6 13 6 13 6 13 5 13 4 13 4 13 3 14 3 13 3 13 2 13 3 13 2 13 2 13 2 13 3 13 2 13 3 12 3 0 0 0 0 0 0 0 0 0 0 ],a36fd9337ec7391b,1.67023E+12,2022/12/5 15:32,example_experiment_name
CSI_DATA,STA,8C:CE:4E:9A:6D:15,-51,11,1,4,1,1,1,1,0,0,0,-88,1,6,1,116405222,0,110,0,0,116.601,384,[110 96 6 0 0 0 0 0 0 0 0 0 -21 18 -22 19 -21 17 -22 17 -21 16 -22 16 -21 14 -21 15 -21 14 -20 15 -21 15 -20 15 -20 14 -20 14 -20 14 -20 14 -20 13 -19 13 -20 13 -20 12 -20 12 -20 11 -19 11 -19 12 -19 11 -19 12 0 0 -18 10 -17 10 -16 10 -15 10 -16 9 -15 9 -15 9 -14 9 -14 8 -12 10 -11 10 -11 10 -10 11 -10 10 -10 10 -10 12 -9 11 -9 11 -11 12 -10 12 -11 11 -11 11 -9 12 -9 11 -10 12 -10 11 0 0 0 0 0 0 0 0 0 0 ],a36fd9337ec7391b,1.67023E+12,2022/12/5 15:32,example_experiment_name
CSI_DATA,STA,8C:CE:4E:9A:6D:15,-51,11,1,4,1,1,1,1,0,0,0,-88,2,6,1,116431503,0,110,0,0,116.627,384,[110 96 6 0 0 0 0 0 0 0 0 0 9 -32 10 -32 10 -31 11 -31 10 -30 11 -30 11 -29 11 -28 11 -27 11 -27 11 -28 11 -27 11 -26 11 -26 11 -26 11 -26 11 -25 10 -24 11 -25 11 -24 12 -24 11 -24 12 -22 10 -23 11 -22 10 -22 0 0 10 -20 10 -20 9 -20 9 -19 8 -18 8 -18 7 -18 7 -17 6 -17 5 -16 3 -16 4 -16 2 -16 3 -16 2 -17 1 -17 1 -17 1 -17 0 -17 0 -17 0 -17 0 -17 1 -17 0 -17 1 -17 1 -16 0 0 0 0 0 0 0 0 0 0 ],a36fd9337ec7391b,1.67023E+12,2022/12/5 15:32,example_experiment_name
CSI_DATA,STA,8C:CE:4E:9A:6D:15,-50,11,1,3,1,1,1,1,0,0,0,-88,1,6,1,116465159,0,110,0,0,116.661,384,[110 96 6 0 0 0 0 0 0 0 0 0 -26 -5 -25 -5 -25 -5 -25 -5 -24 -5 -24 -6 -24 -5 -24 -5 -24 -6 -23 -6 -23 -6 -23 -6 -23 -6 -23 -6 -22 -7 -22 -7 -22 -6 -22 -6 -22 -6 -21 -6 -21 -6 -21 -7 -20 -7 -20 -6 -20 -7 -19 -6 0 0 -19 -6 -18 -5 -18 -5 -17 -5 -16 -5 -15 -4 -15 -4 -15 -4 -14 -3 -14 -3 -14 -2 -14 -2 -13 -1 -13 -1 -13 0 -13 0 -12 1 -13 1 -13 1 -13 1 -13 1 -13 2 -13 1 -13 2 -13 1 -12 1 0 0 0 0 0 0 0 0 0 0 ],a36fd9337ec7391b,1.67023E+12,2022/12/5 15:32,example_experiment_name
CSI_DATA,STA,8C:CE:4E:9A:6D:15,-50,11,1,3,1,1,1,1,0,0,0,-88,2,6,1,116469329,0,110,0,0,116.666,384,[110 96 6 0 0 0 0 0 0 0 0 0 -2 27 -3 27 -3 27 -3 27 -4 26 -4 26 -4 26 -4 26 -4 25 -5 25 -5 25 -5 25 -5 24 -5 24 -5 24 -5 25 -5 24 -5 23 -4 23 -5 23 -5 23 -5 22 -6 22 -5 22 -5 21 -5 21 0 0 -5 20 -5 19 -5 19 -5 18 -4 17 -4 17 -4 16 -3 15 -3 15 -2 15 -1 15 -1 14 0 14 0 14 1 13 2 13 2 14 2 13 3 13 2 13 3 13 2 12 3 13 3 13 2 13 2 12 0 0 0 0 0 0 0 0 0 0 ],a36fd9337ec7391b,1.67023E+12,2022/12/5 15:32,example_experiment_name
CSI_DATA,STA,8C:CE:4E:9A:6D:15,-50,11,1,3,1,1,1,1,0,0,0,-88,2,6,1,116490705,0,110,0,0,116.686,384,[110 96 6 0 0 0 0 0 0 0 0 0 26 -6 26 -6 26 -5 26 -5 26 -4 26 -4 25 -4 25 -3 25 -3 25 -3 25 -3 25 -3 25 -2 25 -1 25 -2 25 -1 24 -1 24 -1 24 -1 23 0 23 0 23 0 23 0 22 0 22 1 22 0 0 0 21 1 20 0 20 0 19 0 18 0 18 0 17 0 17 0 16 -1 16 -1 15 -2 15 -2 14 -2 14 -2 14 -3 14 -4 14 -4 14 -4 14 -4 14 -4 14 -5 14 -4 14 -4 14 -4 14 -4 13 -4 0 0 0 0 0 0 0 0 0 0 ],a36fd9337ec7391b,1.67023E+12,2022/12/5 15:32,example_experiment_name
CSI_DATA,STA,8C:CE:4E:9A:6D:15,-50,11,1,4,1,1,1,1,0,0,0,-88,1,6,1,116503127,0,110,0,0,116.699,384,[110 96 6 0 0 0 0 0 0 0 0 0 -23 7 -24 8 -23 7 -25 7 -24 6 -23 7 -24 6 -22 6 -22 6 -24 5 -23 4 -24 4 -25 5 -22 3 -22 3 -24 4 -22 3 -22 3 -23 4 -22 4 -22 3 -21 3 -21 2 -21 3 -21 2 -21 2 0 0 -19 2 -19 2 -19 2 -18 2 -18 2 -17 2 -16 2 -16 2 -15 2 -15 3 -15 3 -14 3 -14 4 -13 4 -13 4 -13 5 -13 5 -13 5 -13 6 -13 5 -13 5 -12 5 -12 5 -13 5 -12 5 -12 4 0 0 0 0 0 0 0 0 0 0 ],a36fd9337ec7391b,1.67023E+12,2022/12/5 15:32,example_experiment_name
CSI_DATA,STA,8C:CE:4E:9A:6D:15,-50,11,1,4,1,1,1,1,0,0,0,-88,1,6,1,116509833,0,110,0,0,116.705,384,[110 96 6 0 0 0 0 0 0 0 0 0 2 -25 3 -26 2 -25 4 -25 4 -25 4 -24 3 -24 4 -23 5 -23 4 -23 5 -24 5 -24 4 -24 5 -23 6 -23 4 -22 5 -23 4 -21 5 -22 6 -22 5 -22 5 -21 5 -20 4 -20 5 -20 5 -20 0 0 5 -19 4 -18 4 -19 4 -17 4 -17 3 -17 3 -16 3 -16 2 -15 1 -14 1 -15 0 -14 0 -14 0 -15 0 -14 -1 -14 -2 -14 -2 -14 -2 -14 -2 -14 -2 -13 -3 -14 -2 -13 -3 -13 -2 -13 -2 -13 0 0 0 0 0 0 0 0 0 0 ],a36fd9337ec7391b,1.67023E+12,2022/12/5 15:32,example_experiment_name
CSI_DATA,STA,8C:CE:4E:9A:6D:15,-50,11,1,3,1,1,1,1,0,0,0,-88,1,6,1,116520165,0,110,0,0,116.715,384,[110 96 6 0 0 0 0 0 0 0 0 0 -24 16 -24 16 -24 15 -24 15 -23 14 -24 14 -23 14 -24 13 -23 14 -23 12 -24 13 -23 12 -23 12 -23 12 -23 12 -23 12 -22 12 -22 11 -22 11 -22 11 -22 11 -21 11 -21 10 -21 11 -21 10 -21 10 0 0 -20 9 -19 9 -18 9 -17 8 -16 9 -16 8 -16 10 -14 8 -15 9 -13 8 -13 9 -12 10 -11 9 -12 11 -10 10 -8 10 -8 11 -8 11 -7 10 -8 11 -7 10 -11 13 -6 11 -7 11 -8 12 -11 11 0 0 0 0 0 0 0 0 0 0 ],a36fd9337ec7391b,1.67023E+12,2022/12/5 15:32,example_experiment_name
CSI_DATA,STA,8C:CE:4E:9A:6D:15,-50,11,1,4,1,1,1,1,0,0,0,-88,2,6,1,116542148,0,110,0,0,116.738,384,[110 96 6 0 0 0 0 0 0 0 0 0 17 -20 17 -20 17 -20 18 -19 17 -19 18 -18 18 -18 18 -18 18 -17 18 -17 18 -17 18 -16 18 -16 18 -16 18 -16 17 -16 17 -15 17 -15 16 -15 17 -14 16 -14 17 -14 16 -13 16 -13 16 -12 15 -13 0 0 15 -12 14 -12 14 -11 13 -11 12 -11 11 -11 11 -10 10 -11 10 -11 10 -10 9 -10 8 -10 7 -10 6 -11 7 -10 6 -11 5 -11 4 -11 5 -11 4 -11 4 -12 4 -12 4 -11 4 -11 4 -11 4 -11 0 0 0 0 0 0 0 0 0 0 ],a36fd9337ec7391b,1.67023E+12,2022/12/5 15:32,example_experiment_name
CSI_DATA,STA,8C:CE:4E:9A:6D:15,-50,11,1,5,1,1,1,1,0,0,0,-88,1,6,1,116566502,0,110,0,0,116.762,384,[110 96 6 0 0 0 0 0 0 0 0 0 -24 0 -25 0 -25 0 -24 -1 -24 -1 -24 -1 -24 -1 -24 -2 -24 -3 -24 -2 -24 -2 -23 -3 -24 -4 -24 -3 -23 -3 -23 -4 -22 -3 -22 -3 -22 -3 -22 -3 -22 -4 -22 -4 -22 -4 -21 -4 -20 -4 -21 -4 0 0 -19 -4 -19 -3 -18 -4 -18 -3 -17 -3 -17 -3 -16 -3 -15 -2 -16 -1 -16 -2 -15 -1 -15 0 -14 0 -14 1 -14 1 -14 1 -14 2 -14 2 -13 2 -13 2 -14 2 -13 2 -13 2 -13 2 -12 2 -12 2 0 0 0 0 0 0 0 0 0 0 ],a36fd9337ec7391b,1.67023E+12,2022/12/5 15:32,example_experiment_name
CSI_DATA,STA,8C:CE:4E:9A:6D:15,-50,11,1,5,1,1,1,1,0,0,0,-88,2,6,1,116587305,0,110,0,0,116.783,384,[110 96 6 0 0 0 0 0 0 0 0 0 10 -23 10 -23 10 -21 12 -22 10 -21 11 -22 11 -21 11 -20 11 -21 11 -21 12 -21 12 -20 12 -20 11 -19 12 -19 13 -19 13 -20 13 -18 13 -19 12 -18 13 -18 13 -17 12 -17 12 -18 11 -17 12 -17 0 0 11 -15 11 -15 11 -15 10 -15 10 -14 9 -14 9 -14 9 -13 8 -13 8 -13 7 -13 6 -13 6 -13 6 -14 5 -13 5 -14 4 -13 4 -13 4 -13 4 -13 4 -14 3 -13 3 -13 4 -13 3 -13 4 -13 0 0 0 0 0 0 0 0 0 0 ],a36fd9337ec7391b,1.67023E+12,2022/12/5 15:32,example_experiment_name
CSI_DATA,STA,8C:CE:4E:9A:6D:15,-50,11,1,5,1,1,1,1,0,0,0,-88,1,6,1,116595419,0,110,0,0,116.791,384,[110 96 6 0 0 0 0 0 0 0 0 0 14 23 14 23 13 23 13 24 12 23 12 24 12 23 11 24 11 24 11 24 10 24 10 23 10 24 10 23 10 23 9 23 9 22 9 22 8 23 9 22 9 22 8 22 8 21 8 21 8 20 8 20 0 0 7 19 7 19 7 18 6 17 7 17 7 17 7 16 8 15 7 14 8 14 8 14 8 13 8 12 9 12 9 12 9 11 10 11 10 10 10 11 10 10 11 10 11 10 11 10 10 10 10 10 10 10 0 0 0 0 0 0 0 0 0 0 ],a36fd9337ec7391b,1.67023E+12,2022/12/5 15:32,example_experiment_name
CSI_DATA,STA,8C:CE:4E:9A:6D:15,-50,11,1,5,1,1,1,1,0,0,0,-88,1,6,1,116608396,0,110,0,0,116.804,384,[110 96 6 0 0 0 0 0 0 0 0 0 -20 -17 -20 -17 -19 -16 -19 -17 -18 -17 -18 -18 -17 -18 -17 -18 -17 -18 -16 -18 -16 -18 -15 -18 -16 -18 -16 -17 -15 -18 -15 -17 -14 -17 -14 -16 -15 -16 -14 -17 -14 -17 -14 -17 -13 -16 -14 -15 -13 -16 -13 -15 0 0 -13 -15 -13 -14 -13 -14 -12 -13 -12 -12 -11 -12 -11 -12 -12 -11 -12 -11 -11 -10 -12 -9 -12 -9 -11 -8 -12 -8 -12 -7 -12 -7 -13 -7 -13 -6 -13 -6 -13 -6 -13 -7 -13 -6 -12 -6 -12 -6 -13 -6 -13 -6 0 0 0 0 0 0 0 0 0 0 ],a36fd9337ec7391b,1.67023E+12,2022/12/5 15:32,example_experiment_name
CSI_DATA,STA,8C:CE:4E:9A:6D:15,-50,11,1,5,1,1,1,1,0,0,0,-88,1,6,1,116626913,0,110,0,0,116.822,384,[110 96 6 0 0 0 0 0 0 0 0 0 -28 9 -28 7 -27 7 -28 6 -28 7 -28 3 -26 4 -28 5 -26 4 -26 4 -27 3 -26 2 -26 2 -24 2 -25 3 -25 3 -24 3 -23 2 -26 2 -23 2 -23 2 -23 1 -24 2 -25 1 -22 0 -23 1 0 0 -21 1 -21 1 -21 1 -20 2 -20 2 -20 2 -19 2 -18 2 -18 2 -17 3 -19 2 -16 4 -16 3 -16 5 -17 3 -16 5 -16 7 -14 5 -18 5 -16 4 -14 5 -18 6 -16 7 -18 6 -15 6 -15 8 0 0 0 0 0 0 0 0 0 0 ],a36fd9337ec7391b,1.67023E+12,2022/12/5 15:32,example_experiment_name
CSI_DATA,STA,8C:CE:4E:9A:6D:15,-50,11,1,5,1,1,1,1,0,0,0,-88,1,6,1,116627975,0,110,0,0,116.827,384,[110 96 6 0 0 0 0 0 0 0 0 0 -8 -28 -7 -29 -7 -27 -6 -28 -5 -27 -5 -28 -4 -27 -4 -27 -4 -27 -3 -26 -4 -26 -3 -26 -4 -25 -4 -26 -3 -26 -3 -25 -3 -25 -3 -24 -3 -25 -3 -24 -3 -24 -3 -24 -3 -23 -3 -23 -3 -23 -3 -23 0 0 -3 -22 -3 -21 -3 -21 -3 -20 -3 -21 -4 -20 -4 -19 -4 -18 -5 -16 -5 -17 -6 -17 -7 -16 -7 -17 -7 -16 -6 -15 -6 -16 -8 -16 -9 -15 -9 -14 -6 -13 -9 -14 -10 -13 -6 -12 -9 -16 -11 -17 -7 -14 0 0 0 0 0 0 0 0 0 0 ],a36fd9337ec7391b,1.67023E+12,2022/12/5 15:32,example_experiment_name
CSI_DATA,STA,8C:CE:4E:9A:6D:15,-50,11,1,5,1,1,1,1,0,0,0,-88,1,6,1,116653016,0,110,0,0,116.849,384,[110 96 6 0 0 0 0 0 0 0 0 0 20 21 19 21 19 22 18 22 18 23 17 22 16 22 16 23 15 22 15 23 15 22 14 22 14 22 14 21 14 21 13 22 13 21 13 21 13 21 12 21 12 21 12 20 12 20 12 19 11 20 11 19 0 0 11 18 11 18 10 17 10 17 10 16 10 16 10 15 10 15 10 14 10 14 10 13 10 12 11 11 11 11 11 11 11 10 12 10 12 10 12 10 12 9 12 9 12 9 12 10 12 9 12 9 12 9 0 0 0 0 0 0 0 0 0 0 ],a36fd9337ec7391b,1.67023E+12,2022/12/5 15:32,example_experiment_name
CSI_DATA,STA,8C:CE:4E:9A:6D:15,-49,11,1,5,1,1,1,1,0,0,0,-88,1,6,1,116653462,0,110,0,0,116.854,384,[110 96 6 0 0 0 0 0 0 0 0 0 4 -27 4 -27 5 -26 6 -26 6 -26 7 -26 7 -25 7 -25 7 -24 7 -24 8 -24 8 -23 7 -23 8 -23 7 -23 8 -22 8 -22 7 -22 8 -21 8 -21 8 -21 8 -21 7 -20 7 -20 7 -20 7 -20 0 0 7 -19 7 -18 6 -18 6 -18 6 -17 6 -17 5 -16 4 -16 4 -17 4 -16 3 -15 2 -15 2 -15 2 -15 1 -15 1 -15 0 -15 0 -15 0 -15 -1 -15 0 -15 -1 -15 -1 -15 -1 -15 -1 -15 -1 -14 0 0 0 0 0 0 0 0 0 0 ],a36fd9337ec7391b,1.67023E+12,2022/12/5 15:32,example_experiment_name
CSI_DATA,STA,8C:CE:4E:9A:6D:15,-50,11,1,5,1,1,1,1,0,0,0,-88,1,6,1,116675823,0,110,0,0,116.871,384,[110 96 6 0 0 0 0 0 0 0 0 0 -24 16 -25 15 -24 14 -25 14 -24 12 -24 12 -24 12 -24 12 -24 11 -23 10 -23 10 -23 10 -23 10 -22 10 -23 9 -21 9 -21 9 -21 9 -21 9 -21 9 -20 8 -20 9 -20 8 -19 9 -19 8 -19 8 0 0 -18 8 -18 8 -17 8 -16 8 -16 8 -15 8 -15 7 -14 8 -14 8 -13 8 -13 9 -12 9 -11 9 -11 9 -11 9 -10 10 -10 10 -10 11 -10 11 -10 10 -10 11 -9 10 -9 10 -9 10 -9 10 -9 10 0 0 0 0 0 0 0 0 0 0 ],a36fd9337ec7391b,1.67023E+12,2022/12/5 15:32,example_experiment_name
CSI_DATA,STA,8C:CE:4E:9A:6D:15,-50,11,1,5,1,1,1,1,0,0,0,-88,1,6,1,116676352,0,110,0,0,116.876,384,[110 96 6 0 0 0 0 0 0 0 0 0 26 2 26 2 25 3 25 3 24 4 23 4 23 4 22 4 22 5 21 5 21 5 22 6 21 5 20 5 20 6 20 5 20 5 19 5 19 5 19 5 18 5 18 4 18 5 17 5 17 5 17 4 0 0 16 5 16 4 15 4 15 3 14 3 15 3 14 2 14 2 13 2 13 1 13 1 13 1 12 1 12 0 13 -1 12 -1 12 -1 12 -2 12 -2 12 -2 13 -2 12 -2 12 -2 12 -2 12 -2 12 -2 0 0 0 0 0 0 0 0 0 0 ],a36fd9337ec7391b,1.67023E+12,2022/12/5 15:32,example_experiment_name
CSI_DATA,STA,8C:CE:4E:9A:6D:15,-50,11,1,5,1,1,1,1,0,0,0,-88,1,6,1,116686149,0,110,0,0,116.881,384,[110 96 6 0 0 0 0 0 0 0 0 0 25 -9 25 -8 25 -8 25 -7 25 -6 24 -6 24 -5 24 -5 24 -5 23 -4 24 -4 23 -3 23 -3 22 -3 21 -3 21 -3 21 -3 21 -4 20 -3 20 -3 20 -3 19 -3 19 -3 19 -3 19 -3 18 -3 0 0 17 -3 17 -3 16 -3 16 -4 15 -4 14 -4 14 -4 14 -4 13 -5 13 -5 13 -5 12 -5 11 -6 11 -6 11 -7 11 -7 11 -8 11 -8 10 -7 10 -8 10 -8 10 -8 11 -7 10 -8 10 -7 9 -8 0 0 0 0 0 0 0 0 0 0 ],a36fd9337ec7391b,1.67023E+12,2022/12/5 15:32,example_experiment_name
CSI_DATA,STA,8C:CE:4E:9A:6D:15,-49,11,1,5,1,1,1,1,0,0,0,-88,2,6,1,116704319,0,110,0,0,116.9,384,[110 96 6 0 0 0 0 0 0 0 0 0 29 -1 28 -1 28 -1 28 0 28 1 27 1 27 1 26 2 26 2 26 3 25 3 25 3 24 3 24 3 24 3 24 3 23 2 23 3 22 3 23 3 22 3 22 2 22 3 21 2 20 3 20 3 0 0 19 2 19 2 18 1 18 1 17 0 17 0 16 0 16 0 15 -1 16 -1 15 -2 15 -2 14 -3 14 -3 14 -4 13 -5 14 -5 13 -5 13 -5 13 -5 13 -5 13 -6 14 -5 13 -6 13 -5 12 -5 0 0 0 0 0 0 0 0 0 0 ],a36fd9337ec7391b,1.67023E+12,2022/12/5 15:32,example_experiment_name
CSI_DATA,STA,8C:CE:4E:9A:6D:15,-49,11,1,5,1,1,1,1,0,0,0,-88,1,6,1,116718838,0,110,0,0,116.914,384,[110 96 6 0 0 0 0 0 0 0 0 0 17 -20 17 -20 17 -19 18 -19 17 -17 18 -18 18 -17 17 -16 18 -16 17 -16 17 -16 17 -15 17 -15 17 -15 17 -14 16 -14 17 -14 15 -13 16 -14 16 -13 16 -12 15 -12 15 -12 15 -13 14 -13 14 -13 0 0 14 -12 13 -12 13 -12 12 -11 12 -11 11 -11 10 -11 9 -11 9 -11 9 -11 8 -11 8 -12 7 -11 7 -12 6 -12 6 -13 6 -12 6 -13 5 -12 6 -13 5 -12 5 -12 5 -12 5 -13 5 -12 5 -13 0 0 0 0 0 0 0 0 0 0 ],a36fd9337ec7391b,1.67023E+12,2022/12/5 15:32,example_experiment_name
CSI_DATA,STA,8C:CE:4E:9A:6D:15,-49,11,1,4,1,1,1,1,0,0,0,-88,2,6,1,116743856,0,110,0,0,116.94,384,[110 96 6 0 0 0 0 0 0 0 0 0 -3 27 -3 28 -4 27 -4 27 -5 26 -5 26 -5 25 -5 26 -6 24 -6 24 -7 24 -7 23 -7 23 -7 23 -6 23 -7 22 -7 21 -7 21 -7 21 -6 21 -6 20 -7 20 -6 20 -6 19 -6 19 -6 19 0 0 -5 17 -5 17 -5 17 -4 16 -4 15 -3 15 -3 15 -2 14 -3 14 -2 14 -1 14 -1 14 0 13 1 14 0 13 1 14 2 13 2 13 2 14 3 13 3 13 3 13 3 13 3 12 3 12 3 12 0 0 0 0 0 0 0 0 0 0 ],a36fd9337ec7391b,1.67023E+12,2022/12/5 15:32,example_experiment_name
CSI_DATA,STA,8C:CE:4E:9A:6D:15,-50,11,1,5,1,1,1,1,0,0,0,-88,1,6,1,116755329,0,110,0,0,116.951,384,[110 96 6 0 0 0 0 0 0 0 0 0 24 15 22 15 22 16 21 16 21 16 20 16 20 16 19 16 18 16 18 17 18 16 17 16 17 16 17 16 16 16 16 16 15 15 15 15 15 15 15 15 14 15 14 15 14 14 14 14 13 14 13 13 0 0 12 13 12 13 12 12 11 11 11 10 11 10 11 10 11 9 11 8 11 8 11 7 12 7 11 6 12 6 12 6 11 5 12 5 12 4 12 5 12 4 12 4 12 4 12 4 12 4 12 3 11 3 0 0 0 0 0 0 0 0 0 0 ],a36fd9337ec7391b,1.67023E+12,2022/12/5 15:32,example_experiment_name
CSI_DATA,STA,8C:CE:4E:9A:6D:15,-50,11,1,5,1,1,1,1,0,0,0,-88,1,6,1,116767207,0,110,0,0,116.963,384,[110 96 6 0 0 0 0 0 0 0 0 0 14 -25 14 -25 14 -24 16 -23 15 -23 16 -22 16 -21 16 -21 16 -20 16 -20 16 -20 16 -19 16 -19 16 -19 16 -18 15 -18 15 -18 15 -17 15 -17 15 -16 15 -16 15 -16 14 -15 14 -16 13 -15 13 -15 0 0 13 -14 12 -14 11 -14 11 -13 10 -13 10 -13 9 -13 9 -12 8 -13 8 -13 7 -13 6 -13 6 -13 5 -13 5 -13 5 -14 4 -13 4 -13 4 -13 3 -14 3 -14 3 -14 3 -13 3 -13 3 -13 3 -13 0 0 0 0 0 0 0 0 0 0 ],a36fd9337ec7391b,1.67023E+12,2022/12/5 15:32,example_experiment_name
CSI_DATA,STA,8C:CE:4E:9A:6D:15,-49,11,1,5,1,1,1,1,0,0,0,-88,1,6,1,116771683,0,110,0,0,116.967,384,[110 96 6 0 0 0 0 0 0 0 0 0 28 -15 28 -14 28 -13 28 -12 28 -12 28 -11 28 -11 27 -10 27 -10 27 -9 26 -10 26 -9 26 -9 26 -8 26 -8 25 -8 25 -8 24 -8 24 -7 23 -7 23 -7 23 -7 22 -7 22 -7 21 -7 21 -7 0 0 20 -7 19 -7 18 -7 17 -7 17 -7 17 -7 16 -7 15 -8 15 -8 14 -8 13 -9 13 -9 12 -10 12 -10 11 -10 11 -11 11 -11 11 -11 10 -11 10 -11 10 -12 9 -12 10 -12 9 -12 9 -12 9 -12 0 0 0 0 0 0 0 0 0 0 ],a36fd9337ec7391b,1.67023E+12,2022/12/5 15:32,example_experiment_name
CSI_DATA,STA,8C:CE:4E:9A:6D:15,-49,11,1,5,1,1,1,1,0,0,0,-88,1,6,1,116785313,0,110,0,0,116.981,384,[110 96 6 0 0 0 0 0 0 0 0 0 -24 11 -25 10 -24 9 -25 9 -24 8 -25 8 -24 7 -24 6 -24 7 -24 6 -24 6 -23 6 -23 5 -23 5 -23 5 -22 5 -22 5 -21 5 -22 4 -21 4 -21 4 -21 4 -20 4 -20 4 -19 4 -19 4 0 0 -18 4 -17 4 -17 4 -16 4 -16 4 -15 4 -14 4 -14 4 -13 5 -13 5 -13 6 -12 6 -11 6 -11 7 -11 7 -11 7 -11 8 -11 8 -11 8 -10 8 -10 8 -9 8 -10 8 -10 8 -9 8 -9 8 0 0 0 0 0 0 0 0 0 0 ],a36fd9337ec7391b,1.67023E+12,2022/12/5 15:32,example_experiment_name
CSI_DATA,STA,8C:CE:4E:9A:6D:15,-49,11,1,5,1,1,1,1,0,0,0,-88,1,6,1,116806242,0,110,0,0,117.002,384,[110 96 6 0 0 0 0 0 0 0 0 0 29 2 29 3 28 3 28 4 28 4 27 5 26 5 27 5 26 5 26 6 26 7 25 7 25 7 25 7 24 7 24 7 23 7 23 6 23 7 22 7 22 7 22 7 21 7 20 7 20 6 20 6 0 0 18 5 18 5 17 5 17 4 16 4 16 3 15 3 15 2 15 1 15 1 14 1 14 0 14 0 14 -2 14 -2 14 -2 13 -3 13 -3 13 -3 13 -3 13 -4 13 -4 13 -4 13 -4 13 -3 12 -4 0 0 0 0 0 0 0 0 0 0 ],a36fd9337ec7391b,1.67023E+12,2022/12/5 15:32,example_experiment_name
CSI_DATA,STA,8C:CE:4E:9A:6D:15,-49,11,1,5,1,1,1,1,0,0,0,-88,1,6,1,116820217,0,110,0,0,117.016,384,[110 96 6 0 0 0 0 0 0 0 0 0 -9 -31 -9 -31 -8 -30 -8 -31 -7 -30 -6 -31 -6 -30 -6 -30 -5 -30 -5 -30 -5 -30 -4 -29 -4 -29 -4 -29 -3 -29 -3 -28 -3 -27 -3 -27 -2 -27 -3 -27 -3 -26 -3 -25 -3 -25 -3 -25 -3 -23 -3 -24 0 0 -3 -22 -3 -21 -3 -21 -3 -19 -3 -19 -4 -19 -4 -18 -5 -17 -5 -16 -6 -16 -6 -15 -6 -15 -7 -14 -8 -14 -7 -13 -8 -13 -9 -13 -9 -13 -9 -11 -9 -12 -9 -12 -10 -11 -9 -11 -9 -11 -9 -11 -9 -10 0 0 0 0 0 0 0 0 0 0 ],a36fd9337ec7391b,1.67023E+12,2022/12/5 15:32,example_experiment_name
CSI_DATA,STA,8C:CE:4E:9A:6D:15,-49,11,1,3,1,1,1,1,0,0,0,-88,2,6,1,116850666,0,110,0,0,117.046,384,[110 96 6 0 0 0 0 0 0 0 0 0 -4 -30 -2 -29 -3 -28 -3 -30 -2 -29 -2 -29 -1 -28 -1 -27 -1 -27 1 -28 0 -28 0 -27 -1 -27 1 -26 1 -27 0 -26 2 -25 1 -25 1 -25 2 -24 3 -24 2 -24 2 -23 1 -22 1 -22 1 -22 0 0 1 -20 1 -19 0 -19 0 -18 0 -18 0 -17 0 -16 -1 -16 -1 -15 -2 -15 -3 -14 -3 -13 -3 -13 -3 -13 -4 -12 -4 -12 -5 -12 -5 -11 -4 -11 -5 -11 -5 -10 -6 -10 -5 -10 -6 -9 -5 -9 -4 -9 0 0 0 0 0 0 0 0 0 0 ],a36fd9337ec7391b,1.67023E+12,2022/12/5 15:32,example_experiment_name
CSI_DATA,STA,8C:CE:4E:9A:6D:15,-51,11,1,5,1,1,1,1,0,0,0,-88,1,6,1,116860819,0,110,0,0,117.056,384,[110 96 6 0 0 0 0 0 0 0 0 0 -19 -21 -18 -21 -18 -21 -18 -22 -17 -21 -17 -22 -16 -21 -16 -22 -16 -22 -16 -22 -15 -22 -15 -22 -14 -22 -15 -21 -14 -21 -14 -21 -14 -20 -13 -20 -13 -20 -13 -19 -12 -20 -12 -19 -12 -19 -11 -18 -11 -18 -11 -18 0 0 -10 -16 -10 -15 -10 -15 -10 -14 -9 -14 -9 -13 -10 -12 -9 -12 -10 -11 -10 -10 -10 -9 -10 -9 -10 -9 -10 -8 -9 -8 -10 -7 -10 -7 -9 -7 -11 -5 -10 -6 -10 -5 -10 -4 -10 -5 -9 -5 -9 -4 -7 -5 0 0 0 0 0 0 0 0 0 0 ],a36fd9337ec7391b,1.67023E+12,2022/12/5 15:32,example_experiment_name
CSI_DATA,STA,8C:CE:4E:9A:6D:15,-51,11,1,4,1,1,1,1,0,0,0,-88,3,6,1,116887769,0,110,0,0,117.083,384,[110 96 6 0 0 0 0 0 0 0 0 0 -21 -22 -21 -22 -20 -22 -20 -22 -19 -22 -18 -22 -18 -22 -18 -23 -17 -22 -17 -22 -17 -22 -17 -22 -17 -22 -16 -22 -16 -22 -16 -21 -16 -21 -15 -20 -14 -21 -14 -20 -14 -20 -14 -20 -14 -19 -13 -18 -13 -18 -13 -18 0 0 -12 -17 -12 -15 -11 -15 -11 -14 -11 -14 -11 -13 -11 -12 -10 -12 -10 -10 -11 -9 -11 -9 -10 -8 -11 -8 -11 -7 -10 -6 -11 -6 -11 -6 -10 -5 -11 -5 -11 -5 -11 -4 -11 -4 -11 -4 -10 -4 -9 -4 -9 -3 0 0 0 0 0 0 0 0 0 0 ],a36fd9337ec7391b,1.67023E+12,2022/12/5 15:32,example_experiment_name
CSI_DATA,STA,8C:CE:4E:9A:6D:15,-52,11,1,4,1,1,1,1,0,0,0,-88,2,6,1,116905248,0,110,0,0,117.101,384,[110 96 6 0 0 0 0 0 0 0 0 0 -9 25 -10 26 -9 25 -10 25 -10 24 -11 24 -11 24 -11 24 -11 23 -10 23 -11 22 -11 22 -11 22 -11 21 -11 21 -11 21 -10 20 -10 20 -11 20 -10 20 -10 19 -10 18 -10 18 -10 18 -10 17 -9 17 0 0 -8 15 -8 15 -8 15 -7 13 -7 13 -6 13 -5 12 -5 12 -4 11 -4 11 -3 11 -3 10 -2 10 -1 10 -1 9 0 10 1 9 1 9 1 9 1 9 2 9 2 8 2 8 2 8 2 8 2 8 0 0 0 0 0 0 0 0 0 0 ],a36fd9337ec7391b,1.67023E+12,2022/12/5 15:32,example_experiment_name
CSI_DATA,STA,8C:CE:4E:9A:6D:15,-54,11,1,5,1,1,1,1,0,0,0,-88,1,6,1,116919095,0,110,0,0,117.114,384,[110 96 6 0 0 0 0 0 0 0 0 0 -30 1 -31 2 -30 1 -30 -1 -29 0 -30 -1 -29 -2 -29 -1 -28 -1 -27 -2 -28 -3 -27 -3 -27 -3 -26 -3 -27 -2 -25 -2 -25 -2 -24 -2 -24 -2 -24 -3 -24 -3 -23 -3 -23 -3 -22 -3 -21 -3 -21 -3 0 0 -20 -3 -18 -2 -18 2 -17 -3 -17 -2 -16 -2 -15 -1 -15 0 -14 -1 -13 0 -12 1 -11 1 -11 2 -10 2 -10 3 -10 4 -9 4 -9 5 -9 5 -9 5 -9 5 -9 5 -9 5 -7 5 -8 5 -8 5 0 0 0 0 0 0 0 0 0 0 ],a36fd9337ec7391b,1.67023E+12,2022/12/5 15:32,example_experiment_name
CSI_DATA,STA,8C:CE:4E:9A:6D:15,-54,11,1,5,1,1,1,1,0,0,0,-88,1,6,1,116926105,0,110,0,0,117.121,384,[110 96 6 0 0 0 0 0 0 0 0 0 26 -7 26 -7 26 -6 26 -5 25 -5 24 -4 25 -4 25 -4 24 -4 24 -3 24 -3 23 -3 23 -3 22 -3 22 -2 22 -2 21 -2 21 -2 21 -2 20 -2 20 -2 19 -2 19 -2 18 -2 18 -2 18 -2 0 0 16 -1 16 -1 15 -2 14 -2 14 -2 13 -2 12 -2 11 -2 11 -3 10 -4 9 -3 9 -4 8 -3 7 -5 8 -5 7 -5 7 -5 7 -6 5 -8 6 -7 6 -6 5 -8 5 -7 5 -7 6 -7 3 -6 0 0 0 0 0 0 0 0 0 0 ],a36fd9337ec7391b,1.67023E+12,2022/12/5 15:32,example_experiment_name
CSI_DATA,STA,8C:CE:4E:9A:6D:15,-52,11,1,4,1,1,1,1,0,0,0,-88,2,6,1,116953138,0,110,0,0,117.149,384,[110 96 6 0 0 0 0 0 0 0 0 0 21 19 21 20 20 19 20 20 18 20 18 20 18 19 17 19 16 19 16 18 16 18 16 18 16 18 15 18 15 18 15 17 14 17 14 16 14 17 14 16 14 16 13 16 13 15 13 15 12 15 12 14 0 0 11 14 11 13 11 13 10 12 10 11 10 11 9 10 9 10 8 10 8 10 8 9 8 7 9 7 9 6 8 6 9 5 8 4 8 4 8 4 8 4 9 3 8 3 8 3 8 3 8 3 7 3 0 0 0 0 0 0 0 0 0 0 ],a36fd9337ec7391b,1.67023E+12,2022/12/5 15:32,example_experiment_name
CSI_DATA,STA,8C:CE:4E:9A:6D:15,-52,11,1,5,1,1,1,1,0,0,0,-88,2,6,1,116976738,0,110,0,0,117.172,384,[110 96 6 0 0 0 0 0 0 0 0 0 23 -18 23 -18 22 -18 22 -17 22 -16 22 -16 22 -15 21 -15 21 -15 21 -14 21 -14 20 -14 20 -14 20 -14 19 -14 19 -13 19 -14 19 -14 19 -13 19 -13 18 -13 18 -13 18 -12 18 -12 18 -12 18 -12 0 0 17 -11 16 -11 16 -11 15 -10 15 -10 14 -10 14 -10 13 -10 12 -10 12 -9 11 -10 11 -9 10 -9 9 -10 9 -10 9 -10 8 -10 9 -10 8 -10 7 -10 8 -10 7 -10 8 -10 8 -10 8 -10 7 -9 0 0 0 0 0 0 0 0 0 0 ],a36fd9337ec7391b,1.67023E+12,2022/12/5 15:32,example_experiment_name
CSI_DATA,STA,8C:CE:4E:9A:6D:15,-53,11,1,5,1,1,1,1,0,0,0,-88,2,6,1,116995308,0,110,0,0,117.191,384,[110 96 6 0 0 0 0 0 0 0 0 0 20 9 21 9 21 9 20 10 20 10 19 9 20 10 18 11 19 9 17 10 18 10 17 11 16 10 17 9 15 10 17 10 16 10 17 9 16 10 15 10 16 10 16 9 15 9 15 10 15 10 15 11 0 0 14 10 14 9 13 9 12 8 12 8 12 7 11 7 11 7 10 5 11 6 11 6 10 5 10 5 10 4 11 4 11 3 11 3 11 3 11 3 11 3 11 4 11 2 11 3 10 3 11 3 10 3 0 0 0 0 0 0 0 0 0 0 ],a36fd9337ec7391b,1.67023E+12,2022/12/5 15:32,example_experiment_name
CSI_DATA,STA,8C:CE:4E:9A:6D:15,-53,11,1,5,1,1,1,1,0,0,0,-88,1,6,1,117020810,0,110,0,0,117.216,384,[110 96 6 0 0 0 0 0 0 0 0 0 -1 -28 1 -28 1 -26 1 -26 2 -25 2 -26 3 -24 2 -24 2 -24 2 -23 2 -23 2 -23 2 -23 2 -22 2 -22 2 -21 2 -21 2 -20 2 -21 2 -21 2 -20 2 -20 2 -19 2 -20 2 -19 1 -19 0 0 2 -18 1 -17 1 -17 1 -16 1 -16 1 -15 1 -14 -1 -14 -1 -13 -2 -13 -2 -13 -2 -13 -3 -12 -3 -13 -3 -12 -4 -12 -4 -12 -4 -12 -5 -12 -4 -12 -5 -12 -5 -11 -6 -11 -6 -11 -5 -12 -5 -11 0 0 0 0 0 0 0 0 0 0 ],a36fd9337ec7391b,1.67023E+12,2022/12/5 15:32,example_experiment_name
CSI_DATA,STA,8C:CE:4E:9A:6D:15,-53,11,1,5,1,1,1,1,0,0,0,-88,1,6,1,117031925,0,110,0,0,117.227,384,[110 96 6 0 0 0 0 0 0 0 0 0 2 -28 3 -27 3 -27 4 -26 4 -26 4 -25 5 -25 5 -24 5 -24 5 -23 4 -24 5 -23 5 -23 4 -22 5 -23 4 -22 4 -22 4 -22 4 -21 5 -21 5 -21 5 -20 5 -20 4 -20 4 -19 5 -19 0 0 4 -18 4 -18 3 -17 3 -17 3 -16 3 -16 2 -14 2 -15 1 -14 1 -13 0 -14 0 -13 -1 -12 -1 -13 -1 -13 -2 -12 -3 -12 -3 -12 -3 -12 -3 -12 -2 -12 -3 -12 -3 -12 -4 -12 -4 -12 -3 -11 0 0 0 0 0 0 0 0 0 0 ],a36fd9337ec7391b,1.67023E+12,2022/12/5 15:32,example_experiment_name
