CSI_DATA,STA,8C:CE:4E:9A:6D:15,-53,11,1,6,1,1,1,1,0,0,0,-88,1,6,1,19524096,0,110,0,0,19.7195,384,[110 96 6 0 0 0 0 0 0 0 0 0 14 25 13 25 12 26 11 23 10 24 10 23 12 23 10 24 9 23 8 23 7 23 8 22 7 22 8 21 7 22 7 21 7 20 8 20 6 19 7 20 7 20 7 19 6 20 7 18 6 18 6 18 0 0 6 17 6 16 6 15 5 15 6 14 6 14 6 12 7 12 7 12 7 11 7 10 7 10 8 9 8 9 8 9 10 7 10 8 9 7 9 7 8 6 10 7 10 7 10 7 9 9 10 7 9 7 0 0 0 0 0 0 0 0 0 0 ],a36fd9337ec7391b,1.67023E+12,2022/12/5 15:30,example_experiment_name
CSI_DATA,STA,8C:CE:4E:9A:6D:15,-49,11,1,2,1,1,1,1,0,0,0,-88,3,6,1,19569877,0,110,0,0,19.7656,384,[110 96 6 0 0 0 0 0 0 0 0 0 21 -16 21 -16 20 -16 21 -15 21 -14 21 -14 20 -13 20 -12 20 -12 20 -11 20 -11 20 -11 19 -11 19 -10 19 -10 19 -11 18 -10 18 -10 18 -10 18 -9 17 -9 17 -9 16 -9 17 -9 17 -8 16 -8 0 0 15 -8 14 -8 14 -8 13 -8 13 -8 12 -8 12 -8 11 -7 10 -8 9 -8 9 -8 9 -9 8 -9 7 -9 7 -9 7 -10 7 -10 6 -10 6 -10 6 -10 7 -11 6 -11 7 -11 6 -11 6 -10 6 -10 0 0 0 0 0 0 0 0 0 0 ],a36fd9337ec7391b,1.67023E+12,2022/12/5 15:30,example_experiment_name
CSI_DATA,STA,8C:CE:4E:9A:6D:15,-53,11,1,6,1,1,1,1,0,0,0,-88,1,6,1,19579432,0,110,0,0,19.7747,384,[110 96 6 0 0 0 0 0 0 0 0 0 -27 9 -27 9 -27 8 -26 7 -26 7 -25 6 -25 6 -25 5 -25 5 -25 5 -25 4 -24 4 -24 4 -23 4 -23 3 -23 4 -22 3 -22 4 -22 3 -22 3 -21 3 -21 3 -21 2 -20 3 -20 2 -20 2 0 0 -18 2 -18 3 -17 2 -17 3 -16 3 -16 3 -15 3 -15 3 -13 4 -13 4 -13 4 -12 5 -12 5 -11 5 -11 6 -11 6 -11 7 -11 7 -11 8 -11 7 -11 7 -11 7 -11 8 -11 7 -11 8 -10 7 0 0 0 0 0 0 0 0 0 0 ],a36fd9337ec7391b,1.67023E+12,2022/12/5 15:30,example_experiment_name
CSI_DATA,STA,8C:CE:4E:9A:6D:15,-53,11,1,6,1,1,1,1,0,0,0,-88,1,6,1,19595741,0,110,0,0,19.7912,384,[110 96 6 0 0 0 0 0 0 0 0 0 6 27 5 27 4 27 3 26 3 26 3 26 3 25 2 26 2 25 1 25 1 24 1 24 1 23 1 23 1 22 2 22 1 22 1 22 1 21 1 21 1 21 1 20 1 20 1 20 1 19 1 19 0 0 1 17 1 17 2 16 1 16 2 15 2 15 2 14 2 14 3 13 3 13 4 12 5 11 5 11 5 11 6 11 6 10 7 10 7 10 7 10 7 10 7 10 7 10 8 10 8 9 7 9 7 9 0 0 0 0 0 0 0 0 0 0 ],a36fd9337ec7391b,1.67023E+12,2022/12/5 15:30,example_experiment_name
CSI_DATA,STA,8C:CE:4E:9A:6D:15,-53,11,1,6,1,1,1,1,0,0,0,-88,1,6,1,19596255,0,110,0,0,19.7956,384,[110 96 6 0 0 0 0 0 0 0 0 0 13 -22 14 -21 13 -21 14 -20 14 -20 13 -19 14 -18 14 -17 15 -17 14 -17 14 -17 13 -16 14 -16 13 -16 14 -15 13 -16 13 -15 13 -15 13 -15 13 -14 12 -14 12 -14 12 -14 12 -14 12 -13 11 -13 0 0 10 -12 10 -12 9 -12 9 -12 8 -11 8 -11 8 -11 8 -10 6 -10 8 -10 5 -10 4 -11 4 -11 3 -11 4 -11 3 -11 3 -11 2 -11 2 -11 2 -12 2 -12 2 -12 2 -12 2 -12 2 -12 2 -11 0 0 0 0 0 0 0 0 0 0 ],a36fd9337ec7391b,1.67023E+12,2022/12/5 15:30,example_experiment_name
CSI_DATA,STA,8C:CE:4E:9A:6D:15,-53,11,1,6,1,1,1,1,0,0,0,-88,2,6,1,19616581,0,110,0,0,19.812,384,[110 96 6 0 0 0 0 0 0 0 0 0 -5 25 -5 24 -7 23 -7 23 -7 23 -8 22 -6 23 -7 20 -7 19 -7 21 -8 20 -7 20 -9 20 -7 19 -7 19 -8 19 -7 18 -7 19 -7 18 -6 19 -7 18 -7 18 -7 17 -7 17 -7 16 -6 16 0 0 -5 15 -5 15 -5 14 -4 13 -4 13 -3 13 -3 12 -3 12 -2 11 -2 11 -2 11 -1 11 0 11 0 11 1 10 1 11 2 10 2 11 2 11 2 11 3 11 2 10 2 11 3 10 2 11 3 10 0 0 0 0 0 0 0 0 0 0 ],a36fd9337ec7391b,1.67023E+12,2022/12/5 15:30,example_experiment_name
CSI_DATA,STA,8C:CE:4E:9A:6D:15,-53,11,1,6,1,1,1,1,0,0,0,-88,1,6,1,19629259,0,110,0,0,19.8245,384,[110 96 6 0 0 0 0 0 0 0 0 0 -29 0 -28 -1 -29 -1 -28 -1 -27 -3 -27 -2 -26 -2 -26 -3 -25 -3 -26 -3 -25 -4 -24 -4 -24 -4 -24 -4 -23 -4 -24 -3 -23 -4 -23 -4 -22 -4 -22 -4 -22 -4 -21 -4 -21 -4 -20 -4 -20 -4 -19 -3 0 0 -18 -4 -18 -3 -17 -3 -17 -2 -16 -2 -15 -2 -15 -2 -15 -1 -14 0 -14 0 -14 0 -13 1 -13 2 -13 2 -13 3 -12 3 -12 3 -12 3 -12 5 -13 4 -12 5 -12 5 -13 5 -12 4 -12 4 -12 4 0 0 0 0 0 0 0 0 0 0 ],a36fd9337ec7391b,1.67023E+12,2022/12/5 15:30,example_experiment_name
CSI_DATA,STA,8C:CE:4E:9A:6D:15,-51,11,1,4,1,1,1,1,0,0,0,-88,3,6,1,19665900,0,110,0,0,19.8614,384,[110 96 6 0 0 0 0 0 0 0 0 0 -28 -9 -28 -10 -26 -9 -27 -11 -25 -11 -26 -11 -25 -10 -25 -11 -24 -11 -23 -11 -23 -12 -22 -11 -23 -11 -22 -11 -22 -12 -21 -11 -21 -11 -20 -11 -21 -11 -20 -10 -20 -11 -19 -10 -19 -10 -19 -10 -18 -10 -18 -10 0 0 -17 -9 -16 -9 -16 -9 -15 -8 -15 -8 -15 -7 -14 -7 -14 -6 -14 -5 -13 -4 -14 -5 -13 -4 -13 -3 -13 -2 -13 -2 -14 -1 -13 -1 -13 0 -14 0 -13 0 -14 0 -13 1 -13 0 -13 0 -13 0 -13 0 0 0 0 0 0 0 0 0 0 0 ],a36fd9337ec7391b,1.67023E+12,2022/12/5 15:30,example_experiment_name
CSI_DATA,STA,8C:CE:4E:9A:6D:15,-52,11,1,5,1,1,1,1,0,0,0,-88,2,6,1,19685944,0,110,0,0,19.8816,384,[110 96 6 0 0 0 0 0 0 0 0 0 15 -24 15 -23 15 -22 16 -21 16 -21 15 -20 15 -20 15 -20 16 -19 15 -19 15 -18 15 -18 16 -18 15 -18 15 -17 15 -17 15 -16 14 -15 13 -16 14 -16 14 -16 13 -15 13 -15 13 -15 13 -14 13 -14 0 0 13 -13 11 -13 11 -13 10 -13 10 -12 9 -12 9 -13 8 -12 7 -11 6 -12 6 -11 6 -11 5 -11 4 -12 4 -12 4 -12 3 -12 3 -12 2 -12 2 -13 2 -13 2 -13 3 -13 2 -13 3 -13 3 -12 0 0 0 0 0 0 0 0 0 0 ],a36fd9337ec7391b,1.67023E+12,2022/12/5 15:30,example_experiment_name
CSI_DATA,STA,8C:CE:4E:9A:6D:15,-53,11,1,6,1,1,1,1,0,0,0,-88,2,6,1,19704434,0,110,0,0,19.8999,384,[110 96 6 0 0 0 0 0 0 0 0 0 28 -1 27 0 27 0 27 1 27 2 26 1 25 2 25 3 25 3 24 3 24 3 23 3 24 3 23 3 23 3 22 3 22 3 22 3 21 3 21 3 21 3 20 3 20 3 20 2 19 3 19 3 0 0 18 3 17 2 16 2 16 2 15 1 15 1 14 1 14 0 14 0 13 -1 12 -2 12 -2 12 -2 12 -3 12 -3 12 -4 11 -4 12 -5 12 -5 12 -5 12 -5 12 -5 12 -5 12 -6 11 -5 11 -5 0 0 0 0 0 0 0 0 0 0 ],a36fd9337ec7391b,1.67023E+12,2022/12/5 15:30,example_experiment_name
CSI_DATA,STA,8C:CE:4E:9A:6D:15,-53,11,1,6,1,1,1,1,0,0,0,-88,1,6,1,19716941,0,110,0,0,19.9122,384,[110 96 6 0 0 0 0 0 0 0 0 0 17 -14 18 -14 18 -12 18 -12 19 -12 18 -11 18 -11 17 -13 17 -10 17 -10 17 -11 17 -10 16 -9 17 -10 15 -10 15 -10 16 -10 15 -9 15 -9 15 -8 15 -9 14 -8 14 -8 14 -9 14 -8 13 -8 0 0 12 -8 12 -7 12 -7 11 -7 10 -7 10 -7 10 -7 9 -8 8 -7 8 -8 7 -8 6 -8 6 -8 6 -8 5 -9 5 -9 5 -9 5 -10 4 -9 5 -10 4 -10 4 -10 5 -10 5 -10 5 -10 4 -10 0 0 0 0 0 0 0 0 0 0 ],a36fd9337ec7391b,1.67023E+12,2022/12/5 15:30,example_experiment_name
CSI_DATA,STA,8C:CE:4E:9A:6D:15,-53,11,1,6,1,1,1,1,0,0,0,-88,1,6,1,19728883,0,110,0,0,19.9243,384,[110 96 6 0 0 0 0 0 0 0 0 0 -25 -14 -26 -15 -23 -15 -24 -16 -22 -15 -23 -16 -22 -16 -21 -16 -21 -16 -20 -15 -21 -15 -20 -16 -19 -15 -20 -15 -20 -15 -18 -15 -18 -15 -17 -14 -18 -15 -17 -15 -17 -15 -16 -14 -16 -14 -17 -13 -16 -13 -16 -13 0 0 -15 -12 -14 -12 -14 -11 -13 -10 -13 -11 -14 -10 -13 -9 -13 -9 -12 -8 -11 -7 -12 -6 -13 -6 -12 -5 -13 -5 -12 -4 -14 -4 -12 -3 -14 -3 -13 -3 -14 -3 -14 -3 -13 -3 -13 -3 -14 -3 -13 -3 -13 -3 0 0 0 0 0 0 0 0 0 0 ],a36fd9337ec7391b,1.67023E+12,2022/12/5 15:30,example_experiment_name
CSI_DATA,STA,8C:CE:4E:9A:6D:15,-53,11,1,6,1,1,1,1,0,0,0,-88,2,6,1,19750641,0,110,0,0,19.9461,384,[110 96 6 0 0 0 0 0 0 0 0 0 26 -10 27 -10 25 -9 26 -9 25 -8 25 -8 24 -7 24 -7 24 -8 23 -6 23 -6 23 -6 23 -6 23 -6 23 -6 22 -6 22 -6 21 -6 21 -6 20 -6 20 -5 20 -6 19 -5 19 -5 19 -5 19 -5 0 0 17 -5 16 -5 16 -5 15 -5 15 -5 14 -5 13 -6 13 -6 13 -6 12 -7 11 -7 11 -8 10 -7 10 -9 10 -8 9 -9 7 -8 9 -10 8 -10 8 -12 8 -10 9 -11 7 -9 8 -10 11 -10 9 -9 0 0 0 0 0 0 0 0 0 0 ],a36fd9337ec7391b,1.67023E+12,2022/12/5 15:30,example_experiment_name
CSI_DATA,STA,8C:CE:4E:9A:6D:15,-52,11,1,5,1,1,1,1,0,0,0,-88,4,6,1,19792704,0,110,0,0,19.9884,384,[110 96 6 0 0 0 0 0 0 0 0 0 25 18 24 18 23 18 23 18 22 18 22 18 21 18 21 18 20 18 20 18 19 18 19 18 18 18 18 18 18 18 17 17 17 17 17 16 17 17 16 16 16 16 16 16 16 15 15 15 15 15 15 14 0 0 14 13 13 13 13 13 12 12 12 11 12 10 12 10 12 9 12 8 11 8 12 7 12 6 12 6 12 5 12 4 12 4 13 3 13 3 13 3 13 3 13 2 13 3 14 2 13 3 13 2 12 2 0 0 0 0 0 0 0 0 0 0 ],a36fd9337ec7391b,1.67023E+12,2022/12/5 15:30,example_experiment_name
CSI_DATA,STA,8C:CE:4E:9A:6D:15,-51,11,1,4,1,1,1,1,0,0,0,-88,1,6,1,19796757,0,110,0,0,19.9932,384,[110 96 6 0 0 0 0 0 0 0 0 0 -6 28 -7 27 -7 27 -8 27 -8 26 -8 25 -9 25 -9 24 -10 24 -9 23 -8 24 -9 23 -9 23 -8 22 -9 22 -9 22 -9 21 -8 21 -9 20 -9 20 -9 20 -8 19 -8 19 -8 19 -8 18 -7 18 0 0 -7 17 -7 17 -6 16 -6 15 -6 14 -5 14 -5 14 -5 13 -4 14 -3 13 -3 13 -2 13 -1 13 -1 12 0 12 0 12 1 12 1 12 1 13 1 13 1 12 1 13 2 13 2 12 2 13 2 12 0 0 0 0 0 0 0 0 0 0 ],a36fd9337ec7391b,1.67023E+12,2022/12/5 15:30,example_experiment_name
CSI_DATA,STA,8C:CE:4E:9A:6D:15,-52,11,1,5,1,1,1,1,0,0,0,-88,1,6,1,19826442,0,110,0,0,20.0219,384,[110 96 6 0 0 0 0 0 0 0 0 0 21 22 20 23 20 22 19 23 19 23 18 23 17 23 17 23 16 22 16 22 15 22 15 22 14 21 14 21 14 21 14 21 13 20 14 20 14 20 13 20 13 20 13 18 12 19 12 18 11 18 12 17 0 0 11 16 11 16 10 16 10 14 11 14 10 14 10 12 10 11 10 11 11 11 11 10 11 9 12 9 11 7 11 7 12 7 12 6 12 6 12 6 12 6 13 6 12 6 13 6 13 6 12 5 13 5 0 0 0 0 0 0 0 0 0 0 ],a36fd9337ec7391b,1.67023E+12,2022/12/5 15:30,example_experiment_name
CSI_DATA,STA,8C:CE:4E:9A:6D:15,-52,11,1,5,1,1,1,1,0,0,0,-88,1,6,1,19827084,0,110,0,0,20.0265,384,[110 96 6 0 0 0 0 0 0 0 0 0 -32 7 -30 9 -28 5 -33 4 -31 6 -29 4 -29 2 -30 3 -28 3 -27 1 -28 0 -28 1 -27 1 -27 -1 -29 0 -27 2 -25 1 -24 -2 -27 0 -24 1 -23 -1 -25 0 -24 0 -22 0 -22 -2 -23 0 0 0 -21 -1 -20 -1 -19 1 -19 -1 -19 0 -18 0 -16 0 -16 0 -17 2 -16 2 -15 1 -14 2 -15 3 -14 4 -14 3 -15 5 -13 6 -13 5 -15 5 -14 8 -12 6 -14 4 -15 6 -12 8 -12 4 -14 4 0 0 0 0 0 0 0 0 0 0 ],a36fd9337ec7391b,1.67023E+12,2022/12/5 15:30,example_experiment_name
CSI_DATA,STA,8C:CE:4E:9A:6D:15,-52,11,1,5,1,1,1,1,0,0,0,-88,1,6,1,19827351,0,110,0,0,20.0307,384,[110 96 6 0 0 0 0 0 0 0 0 0 -3 -32 -3 -31 -2 -31 -2 -31 -1 -30 -1 -30 -1 -29 -1 -29 0 -29 0 -28 1 -28 1 -27 1 -27 1 -26 1 -27 0 -26 1 -25 0 -25 0 -25 0 -25 0 -24 0 -23 1 -24 0 -23 1 -22 1 -22 0 0 0 -20 0 -20 0 -20 -1 -19 -1 -18 -1 -18 -2 -17 -2 -16 -2 -15 -3 -14 -3 -15 -4 -14 -5 -14 -5 -14 -5 -13 -7 -13 -7 -13 -7 -13 -8 -13 -8 -13 -8 -13 -9 -12 -9 -13 -8 -13 -8 -12 -7 -12 0 0 0 0 0 0 0 0 0 0 ],a36fd9337ec7391b,1.67023E+12,2022/12/5 15:30,example_experiment_name
CSI_DATA,STA,8C:CE:4E:9A:6D:15,-52,11,1,5,1,1,1,1,0,0,0,-88,2,6,1,19850495,0,110,0,0,20.0461,384,[110 96 6 0 0 0 0 0 0 0 0 0 22 -17 23 -16 22 -15 23 -15 22 -14 22 -13 22 -13 22 -12 21 -12 21 -11 21 -12 21 -11 21 -11 20 -10 20 -10 20 -10 19 -10 19 -10 19 -10 19 -9 19 -9 18 -10 18 -9 18 -9 17 -9 17 -8 0 0 16 -8 15 -8 15 -8 14 -8 13 -8 13 -8 12 -8 12 -8 11 -9 11 -9 9 -9 9 -9 8 -9 8 -10 8 -10 8 -10 7 -10 7 -11 7 -10 7 -11 7 -12 7 -11 7 -11 7 -11 7 -11 6 -11 0 0 0 0 0 0 0 0 0 0 ],a36fd9337ec7391b,1.67023E+12,2022/12/5 15:30,example_experiment_name
CSI_DATA,STA,8C:CE:4E:9A:6D:15,-52,11,1,5,1,1,1,1,0,0,0,-88,3,6,1,19887583,0,110,0,0,20.0833,384,[110 96 6 0 0 0 0 0 0 0 0 0 15 22 15 22 14 22 13 22 12 22 12 22 12 22 11 23 10 21 11 22 11 22 11 21 10 21 9 21 9 21 8 20 8 20 8 20 8 20 7 20 7 19 7 19 7 18 7 18 7 17 7 17 0 0 6 16 6 16 6 15 6 15 6 14 5 14 6 12 6 12 6 12 7 10 6 10 8 11 7 9 8 9 7 8 9 9 9 8 11 8 9 9 11 9 9 9 9 8 9 8 10 8 9 8 9 7 0 0 0 0 0 0 0 0 0 0 ],a36fd9337ec7391b,1.67023E+12,2022/12/5 15:30,example_experiment_name
CSI_DATA,STA,8C:CE:4E:9A:6D:15,-52,11,1,5,1,1,1,1,0,0,0,-88,3,6,1,19919431,0,110,0,0,20.1149,384,[110 96 6 0 0 0 0 0 0 0 0 0 -7 -32 -6 -30 -4 -31 -4 -29 -4 -29 -5 -28 -3 -28 -3 -29 -2 -28 -1 -29 -2 -28 -2 -28 -2 -26 -1 -27 -2 -27 -2 -26 -2 -25 -1 -26 0 -24 -2 -24 -1 -25 -1 -23 -1 -24 -1 -22 -1 -22 -2 -21 0 0 -1 -20 -1 -21 -2 -19 -2 -19 -2 -18 -2 -17 -2 -17 -3 -16 -3 -16 -4 -15 -4 -14 -5 -14 -5 -14 -6 -13 -6 -13 -7 -13 -7 -13 -7 -13 -8 -12 -8 -13 -8 -13 -9 -13 -9 -13 -9 -13 -8 -13 -8 -12 0 0 0 0 0 0 0 0 0 0 ],a36fd9337ec7391b,1.67023E+12,2022/12/5 15:30,example_experiment_name
CSI_DATA,STA,8C:CE:4E:9A:6D:15,-52,11,1,5,1,1,1,1,0,0,0,-88,1,6,1,19925678,0,110,0,0,20.1207,384,[110 96 6 0 0 0 0 0 0 0 0 0 23 8 23 8 22 9 22 9 21 9 21 10 21 10 20 10 20 10 19 9 19 10 18 10 18 10 18 10 18 10 17 10 17 10 17 9 17 9 17 9 16 9 16 9 15 9 15 8 15 8 15 9 0 0 14 8 13 7 13 8 12 6 12 5 12 5 11 5 11 5 11 4 11 3 11 3 11 3 10 2 11 1 11 2 11 1 11 1 11 0 11 0 11 0 11 0 11 -1 11 -1 11 -1 11 0 11 -1 0 0 0 0 0 0 0 0 0 0 ],a36fd9337ec7391b,1.67023E+12,2022/12/5 15:30,example_experiment_name
CSI_DATA,STA,8C:CE:4E:9A:6D:15,-52,11,1,5,1,1,1,1,0,0,0,-88,1,6,1,19966246,0,110,0,0,20.1617,384,[110 96 6 0 0 0 0 0 0 0 0 0 -21 -16 -20 -17 -20 -17 -20 -18 -18 -15 -19 -18 -16 -18 -16 -18 -17 -18 -16 -16 -16 -17 -15 -15 -16 -16 -16 -16 -16 -16 -14 -16 -14 -15 -13 -15 -15 -14 -14 -15 -14 -15 -13 -15 -13 -13 -14 -13 -13 -14 -13 -13 0 0 -12 -12 -11 -12 -11 -12 -10 -11 -11 -11 -10 -10 -10 -10 -11 -9 -11 -9 -10 -8 -11 -7 -10 -6 -11 -5 -12 -6 -11 -5 -11 -5 -11 -4 -12 -4 -12 -4 -11 -3 -12 -4 -12 -3 -12 -3 -13 -3 -12 -4 -11 -3 0 0 0 0 0 0 0 0 0 0 ],a36fd9337ec7391b,1.67023E+12,2022/12/5 15:30,example_experiment_name
CSI_DATA,STA,8C:CE:4E:9A:6D:15,-52,11,1,5,1,1,1,1,0,0,0,-88,3,6,1,20016629,0,110,0,0,20.2123,384,[110 96 6 0 0 0 0 0 0 0 0 0 -18 -26 -17 -26 -17 -25 -15 -26 -15 -26 -15 -26 -14 -26 -14 -26 -14 -25 -13 -25 -12 -25 -12 -25 -11 -24 -11 -24 -12 -23 -12 -23 -12 -22 -11 -23 -12 -22 -11 -22 -11 -22 -11 -21 -10 -21 -11 -20 -10 -20 -10 -19 0 0 -9 -18 -10 -18 -9 -17 -9 -17 -9 -16 -9 -16 -10 -14 -9 -14 -9 -13 -10 -13 -10 -11 -10 -11 -10 -10 -11 -10 -11 -9 -12 -9 -12 -9 -12 -9 -12 -7 -13 -8 -13 -9 -13 -8 -13 -8 -14 -8 -12 -8 -12 -8 0 0 0 0 0 0 0 0 0 0 ],a36fd9337ec7391b,1.67023E+12,2022/12/5 15:30,example_experiment_name
CSI_DATA,STA,8C:CE:4E:9A:6D:15,-51,11,1,4,1,1,1,1,0,0,0,-88,6,6,1,20038002,0,110,0,0,20.2337,384,[110 96 6 0 0 0 0 0 0 0 0 0 25 2 25 3 25 3 25 4 24 4 24 5 23 5 23 5 22 6 22 5 22 6 21 5 21 5 20 5 20 6 20 5 20 6 19 5 19 5 19 5 18 5 18 6 17 5 18 5 17 5 17 4 0 0 16 4 15 4 15 4 14 3 14 3 13 3 14 2 12 2 11 0 11 0 12 0 12 0 12 0 11 -1 12 -1 11 -2 10 -3 11 -3 12 -3 11 -3 11 -3 10 -3 11 -2 11 -5 11 -4 10 -3 0 0 0 0 0 0 0 0 0 0 ],a36fd9337ec7391b,1.67023E+12,2022/12/5 15:30,example_experiment_name
CSI_DATA,STA,8C:CE:4E:9A:6D:15,-52,11,1,5,1,1,1,1,0,0,0,-88,2,6,1,20074146,0,110,0,0,20.2697,384,[110 96 6 0 0 0 0 0 0 0 0 0 31 -2 30 -1 29 -1 29 0 28 1 28 1 27 1 28 2 27 2 26 3 26 2 25 2 25 2 25 3 25 3 23 3 24 3 24 2 24 3 23 3 22 3 22 3 22 3 21 2 20 3 21 3 0 0 20 2 19 2 18 2 18 2 17 1 16 1 15 0 16 0 15 -1 14 0 14 -2 13 -2 13 -1 14 -3 13 -4 13 -4 13 -5 13 -5 13 -5 13 -6 13 -5 12 -6 13 -5 12 -6 13 -5 12 -5 0 0 0 0 0 0 0 0 0 0 ],a36fd9337ec7391b,1.67023E+12,2022/12/5 15:30,example_experiment_name
CSI_DATA,STA,8C:CE:4E:9A:6D:15,-52,11,1,5,1,1,1,1,0,0,0,-88,1,6,1,20082782,0,110,0,0,20.2782,384,[110 96 6 0 0 0 0 0 0 0 0 0 26 -7 26 -7 26 -6 26 -5 25 -5 25 -5 24 -3 25 -3 25 -3 24 -3 23 -3 23 -3 23 -2 23 -2 22 -2 21 -2 21 -2 21 -2 20 -2 20 -1 20 -1 19 -2 20 -1 19 -2 19 -2 18 -1 0 0 17 -1 17 -2 16 -2 16 -2 15 -1 15 -2 14 -2 14 -2 12 -4 12 -4 12 -5 11 -4 11 -6 11 -6 11 -5 11 -7 10 -6 10 -7 10 -7 10 -8 10 -7 10 -8 11 -7 10 -8 10 -7 10 -8 0 0 0 0 0 0 0 0 0 0 ],a36fd9337ec7391b,1.67023E+12,2022/12/5 15:30,example_experiment_name
CSI_DATA,STA,8C:CE:4E:9A:6D:15,-51,11,1,4,1,1,1,1,0,0,0,-88,2,6,1,20102682,0,110,0,0,20.2983,384,[110 96 6 0 0 0 0 0 0 0 0 0 -28 8 -28 7 -28 7 -28 5 -28 5 -27 4 -26 3 -27 3 -26 3 -26 3 -26 3 -25 2 -25 2 -24 2 -24 2 -24 2 -23 2 -23 2 -23 1 -22 2 -22 1 -22 1 -22 1 -21 2 -21 1 -20 1 0 0 -19 1 -19 1 -18 1 -18 2 -17 1 -16 1 -15 2 -15 2 -14 2 -14 3 -14 3 -13 4 -13 5 -12 5 -13 5 -12 6 -12 6 -11 6 -12 7 -12 6 -12 7 -12 7 -12 7 -11 7 -11 7 -11 7 0 0 0 0 0 0 0 0 0 0 ],a36fd9337ec7391b,1.67023E+12,2022/12/5 15:30,example_experiment_name
CSI_DATA,STA,8C:CE:4E:9A:6D:15,-52,11,1,5,1,1,1,1,0,0,0,-88,2,6,1,20117581,0,110,0,0,20.313,384,[110 96 6 0 0 0 0 0 0 0 0 0 -20 -20 -19 -21 -18 -21 -17 -21 -17 -22 -16 -21 -15 -21 -15 -21 -14 -21 -15 -21 -15 -21 -14 -21 -14 -20 -13 -20 -12 -20 -13 -19 -13 -19 -13 -19 -12 -19 -12 -19 -12 -18 -11 -18 -11 -18 -12 -17 -12 -17 -11 -17 0 0 -10 -16 -10 -15 -10 -15 -9 -13 -10 -13 -9 -13 -9 -12 -10 -11 -9 -11 -10 -10 -10 -9 -10 -9 -10 -8 -11 -8 -10 -8 -12 -8 -12 -7 -11 -7 -12 -6 -12 -7 -12 -7 -12 -6 -12 -7 -13 -6 -12 -6 -12 -6 0 0 0 0 0 0 0 0 0 0 ],a36fd9337ec7391b,1.67023E+12,2022/12/5 15:30,example_experiment_name
CSI_DATA,STA,8C:CE:4E:9A:6D:15,-52,11,1,5,1,1,1,1,0,0,0,-88,1,6,1,20124922,0,110,0,0,20.3201,384,[110 96 6 0 0 0 0 0 0 0 0 0 1 -28 2 -28 3 -28 4 -28 3 -27 5 -27 4 -25 5 -25 5 -27 5 -25 4 -25 5 -23 3 -25 4 -23 4 -23 3 -23 5 -23 4 -22 4 -22 4 -21 3 -21 4 -20 4 -20 3 -20 3 -20 3 -20 0 0 3 -19 3 -18 3 -17 2 -17 1 -16 1 -16 1 -15 0 -15 0 -14 -1 -14 -1 -14 -2 -13 -2 -13 -3 -13 -3 -13 -4 -13 -4 -12 -4 -13 -5 -12 -5 -13 -6 -13 -6 -12 -6 -13 -6 -12 -6 -12 -6 -12 0 0 0 0 0 0 0 0 0 0 ],a36fd9337ec7391b,1.67023E+12,2022/12/5 15:30,example_experiment_name
CSI_DATA,STA,8C:CE:4E:9A:6D:15,-50,11,1,4,1,1,1,1,0,0,0,-88,1,6,1,20153449,0,110,0,0,20.3489,384,[110 96 6 0 0 0 0 0 0 0 0 0 24 -10 24 -10 23 -9 24 -8 23 -7 24 -7 22 -7 23 -7 22 -6 22 -6 22 -5 22 -5 21 -5 21 -4 21 -5 21 -5 20 -5 19 -4 19 -4 19 -5 19 -4 19 -4 18 -4 18 -3 18 -3 17 -4 0 0 16 -4 16 -3 15 -4 14 -3 14 -4 13 -4 13 -4 12 -5 12 -5 11 -5 11 -5 10 -6 10 -6 9 -7 9 -6 9 -7 8 -7 9 -8 9 -8 8 -8 9 -8 8 -8 8 -8 8 -8 9 -9 8 -8 0 0 0 0 0 0 0 0 0 0 ],a36fd9337ec7391b,1.67023E+12,2022/12/5 15:30,example_experiment_name
CSI_DATA,STA,8C:CE:4E:9A:6D:15,-52,11,1,5,1,1,1,1,0,0,0,-88,1,6,1,20158924,0,110,0,0,20.3544,384,[110 96 6 0 0 0 0 0 0 0 0 0 -18 21 -19 20 -18 19 -20 19 -18 18 -19 18 -19 17 -19 17 -19 16 -18 16 -18 17 -18 16 -18 16 -18 15 -18 15 -17 15 -17 15 -16 14 -17 14 -16 14 -16 13 -16 13 -15 13 -15 13 -15 13 -15 13 0 0 -14 12 -13 12 -13 11 -12 10 -12 11 -11 10 -10 10 -9 11 -10 10 -8 12 -8 11 -7 11 -6 10 -6 11 -5 11 -5 11 -5 11 -4 10 -5 11 -4 11 -4 12 -3 10 -3 13 -3 12 -5 12 -4 12 0 0 0 0 0 0 0 0 0 0 ],a36fd9337ec7391b,1.67023E+12,2022/12/5 15:30,example_experiment_name
CSI_DATA,STA,8C:CE:4E:9A:6D:15,-52,11,1,5,1,1,1,1,0,0,0,-88,1,6,1,20160056,0,110,0,0,20.3594,384,[110 96 6 0 0 0 0 0 0 0 0 0 -20 -21 -19 -21 -18 -21 -18 -22 -17 -21 -16 -21 -16 -21 -15 -21 -15 -21 -15 -21 -14 -20 -14 -21 -13 -20 -14 -20 -13 -20 -13 -20 -13 -19 -12 -19 -12 -19 -12 -19 -12 -19 -11 -18 -11 -18 -11 -17 -11 -17 -11 -17 0 0 -10 -16 -10 -15 -10 -15 -10 -14 -9 -14 -9 -13 -9 -13 -8 -12 -10 -10 -9 -10 -10 -10 -9 -10 -11 -9 -11 -8 -10 -8 -11 -7 -11 -8 -10 -6 -12 -6 -12 -7 -13 -6 -12 -7 -12 -6 -12 -7 -12 -6 -12 -6 0 0 0 0 0 0 0 0 0 0 ],a36fd9337ec7391b,1.67023E+12,2022/12/5 15:30,example_experiment_name
CSI_DATA,STA,8C:CE:4E:9A:6D:15,-52,11,1,5,1,1,1,1,0,0,0,-88,1,6,1,20171292,0,110,0,0,20.3666,384,[110 96 6 0 0 0 0 0 0 0 0 0 -27 7 -28 6 -27 6 -28 5 -27 4 -27 4 -26 3 -26 3 -25 2 -25 2 -25 2 -25 2 -24 2 -24 2 -24 2 -23 2 -23 2 -22 3 -22 1 -22 1 -21 1 -21 1 -21 1 -21 2 -20 1 -20 2 0 0 -20 1 -18 1 -18 2 -17 2 -17 1 -16 2 -15 2 -14 2 -15 3 -13 3 -13 4 -12 4 -12 5 -12 5 -11 5 -12 6 -11 7 -11 7 -11 7 -11 7 -11 7 -11 7 -11 8 -11 7 -11 7 -11 7 0 0 0 0 0 0 0 0 0 0 ],a36fd9337ec7391b,1.67023E+12,2022/12/5 15:30,example_experiment_name
CSI_DATA,STA,8C:CE:4E:9A:6D:15,-52,11,1,5,1,1,1,1,0,0,0,-88,1,6,1,20193814,0,110,0,0,20.3894,384,[110 96 6 0 0 0 0 0 0 0 0 0 11 -25 12 -26 13 -24 13 -24 13 -23 14 -23 13 -22 13 -21 13 -21 14 -20 14 -21 14 -20 13 -20 13 -20 13 -20 13 -18 13 -19 12 -18 12 -18 13 -18 12 -18 12 -17 11 -17 11 -16 11 -16 11 -16 0 0 11 -16 10 -14 10 -15 8 -14 9 -14 8 -14 8 -13 7 -13 6 -13 5 -12 5 -12 4 -13 4 -12 2 -12 3 -12 3 -13 1 -12 2 -13 1 -13 1 -14 1 -14 1 -13 2 -14 1 -13 1 -13 1 -13 0 0 0 0 0 0 0 0 0 0 ],a36fd9337ec7391b,1.67023E+12,2022/12/5 15:30,example_experiment_name
CSI_DATA,STA,8C:CE:4E:9A:6D:15,-52,11,1,5,1,1,1,1,0,0,0,-88,2,6,1,20224867,0,110,0,0,20.4204,384,[110 96 6 0 0 0 0 0 0 0 0 0 11 -23 12 -23 12 -21 13 -21 13 -20 14 -21 14 -20 14 -18 13 -19 13 -18 13 -19 13 -18 13 -18 12 -17 13 -17 13 -17 13 -17 12 -16 12 -16 13 -16 13 -15 12 -14 11 -15 11 -15 11 -14 11 -15 0 0 10 -13 10 -13 10 -13 9 -12 8 -12 8 -11 8 -11 7 -12 6 -11 6 -10 5 -11 5 -11 3 -11 4 -11 3 -11 3 -12 3 -11 2 -12 2 -11 1 -12 1 -12 1 -12 1 -12 2 -12 1 -12 1 -11 0 0 0 0 0 0 0 0 0 0 ],a36fd9337ec7391b,1.67023E+12,2022/12/5 15:30,example_experiment_name
CSI_DATA,STA,8C:CE:4E:9A:6D:15,-52,11,1,5,1,1,1,1,0,0,0,-88,2,6,1,20236640,0,110,0,0,20.432,384,[110 96 6 0 0 0 0 0 0 0 0 0 11 26 11 25 10 25 9 25 9 25 8 25 7 25 7 24 7 24 7 23 6 24 6 23 6 23 6 22 6 22 6 22 6 21 6 21 5 21 5 21 5 20 5 19 5 19 6 19 5 18 5 18 0 0 5 17 5 16 5 16 5 15 5 15 5 14 5 13 5 13 5 12 6 11 6 11 7 11 7 10 8 9 8 9 8 9 9 8 9 8 9 9 9 8 10 8 9 8 10 8 10 8 10 8 9 7 0 0 0 0 0 0 0 0 0 0 ],a36fd9337ec7391b,1.67023E+12,2022/12/5 15:30,example_experiment_name
CSI_DATA,STA,8C:CE:4E:9A:6D:15,-50,11,1,4,1,1,1,1,0,0,0,-88,1,6,1,20247307,0,110,0,0,20.4427,384,[110 96 6 0 0 0 0 0 0 0 0 0 13 -19 14 -19 14 -18 15 -19 14 -17 15 -17 15 -17 15 -16 15 -15 14 -15 14 -15 14 -15 14 -14 14 -14 13 -14 13 -14 13 -14 12 -13 13 -13 13 -13 13 -13 12 -12 12 -12 12 -12 11 -12 11 -12 0 0 10 -12 10 -11 10 -11 8 -11 9 -10 8 -10 8 -10 7 -10 6 -9 6 -9 5 -10 5 -10 4 -10 4 -10 3 -10 3 -11 3 -11 2 -11 2 -11 2 -11 2 -11 2 -11 2 -11 2 -11 2 -11 2 -11 0 0 0 0 0 0 0 0 0 0 ],a36fd9337ec7391b,1.67023E+12,2022/12/5 15:30,example_experiment_name
CSI_DATA,STA,8C:CE:4E:9A:6D:15,-52,11,1,5,1,1,1,1,0,0,0,-88,1,6,1,20254729,0,110,0,0,20.4499,384,[110 96 6 0 0 0 0 0 0 0 0 0 11 25 10 26 9 25 9 25 8 25 8 26 7 24 7 24 6 24 6 23 6 24 6 23 5 22 6 22 5 22 5 22 5 22 5 21 5 21 4 21 4 21 4 20 4 19 4 19 4 19 4 18 0 0 4 17 3 16 4 17 3 15 4 15 4 15 5 13 4 13 5 12 4 12 6 12 5 11 6 11 7 11 6 10 7 10 8 9 8 10 8 10 8 8 7 9 9 8 7 9 9 8 10 8 10 9 0 0 0 0 0 0 0 0 0 0 ],a36fd9337ec7391b,1.67023E+12,2022/12/5 15:30,example_experiment_name
CSI_DATA,STA,8C:CE:4E:9A:6D:15,-50,11,1,4,1,1,1,1,0,0,0,-88,1,6,1,20265130,0,110,0,0,20.4604,384,[110 96 6 0 0 0 0 0 0 0 0 0 -4 -26 -4 -26 -2 -25 -2 -26 -2 -25 -1 -25 -1 -24 -1 -24 0 -24 -1 -23 0 -23 0 -23 0 -23 0 -22 0 -22 0 -21 0 -21 0 -20 0 -20 0 -20 0 -20 0 -19 0 -19 0 -19 0 -19 0 -18 0 0 0 -17 -1 -16 -1 -16 -1 -16 -1 -15 -1 -15 -1 -14 -3 -13 -2 -13 -3 -12 -4 -11 -4 -11 -4 -12 -5 -11 -5 -10 -4 -12 -5 -11 -6 -11 -6 -11 -7 -13 -6 -9 -7 -11 -7 -8 -8 -8 -9 -10 -6 -10 0 0 0 0 0 0 0 0 0 0 ],a36fd9337ec7391b,1.67023E+12,2022/12/5 15:30,example_experiment_name
CSI_DATA,STA,8C:CE:4E:9A:6D:15,-51,11,1,4,1,1,1,1,0,0,0,-88,2,6,1,20287918,0,110,0,0,20.4835,384,[110 96 6 0 0 0 0 0 0 0 0 0 -25 15 -25 15 -25 14 -25 13 -25 13 -25 12 -24 12 -24 11 -24 11 -24 10 -24 10 -24 9 -23 9 -23 9 -23 9 -22 9 -21 9 -21 9 -21 8 -21 9 -21 8 -20 8 -20 8 -20 8 -19 7 -19 7 0 0 -18 7 -17 8 -16 7 -16 7 -16 7 -14 8 -13 7 -13 7 -13 7 -12 7 -11 8 -11 8 -10 8 -10 9 -9 9 -9 10 -8 10 -8 10 -8 11 -8 11 -8 11 -8 11 -8 11 -8 11 -8 11 -7 10 0 0 0 0 0 0 0 0 0 0 ],a36fd9337ec7391b,1.67023E+12,2022/12/5 15:30,example_experiment_name
CSI_DATA,STA,8C:CE:4E:9A:6D:15,-52,11,1,5,1,1,1,1,0,0,0,-88,1,6,1,20290508,0,110,0,0,20.4884,384,[110 96 6 0 0 0 0 0 0 0 0 0 -16 -24 -15 -25 -14 -24 -14 -24 -13 -24 -13 -24 -12 -23 -12 -23 -11 -23 -11 -23 -11 -23 -10 -22 -10 -22 -10 -22 -10 -22 -10 -21 -10 -21 -10 -20 -9 -20 -9 -21 -9 -19 -9 -19 -8 -19 -9 -19 -8 -18 -8 -18 0 0 -8 -17 -8 -17 -8 -16 -7 -15 -8 -15 -7 -14 -8 -14 -8 -13 -8 -12 -8 -11 -9 -11 -9 -11 -9 -10 -9 -9 -9 -9 -11 -9 -10 -8 -11 -8 -11 -7 -11 -8 -11 -8 -12 -8 -11 -8 -11 -8 -11 -8 -11 -7 0 0 0 0 0 0 0 0 0 0 ],a36fd9337ec7391b,1.67023E+12,2022/12/5 15:30,example_experiment_name
CSI_DATA,STA,8C:CE:4E:9A:6D:15,-51,11,1,4,1,1,1,1,0,0,0,-88,2,6,1,20318505,0,110,0,0,20.514,384,[110 96 6 0 0 0 0 0 0 0 0 0 7 28 6 27 6 27 4 28 4 27 3 27 3 26 3 26 3 25 3 25 2 25 3 24 1 25 2 24 1 23 2 23 1 23 2 22 1 22 1 22 1 22 1 21 1 21 1 21 1 20 1 19 0 0 1 18 1 18 1 17 1 17 1 17 2 15 2 15 2 14 2 13 3 13 3 12 4 12 4 12 5 11 5 11 5 11 6 11 6 10 7 11 7 11 7 11 7 11 7 11 7 10 7 10 7 10 0 0 0 0 0 0 0 0 0 0 ],a36fd9337ec7391b,1.67023E+12,2022/12/5 15:30,example_experiment_name
CSI_DATA,STA,8C:CE:4E:9A:6D:15,-52,11,1,5,1,1,1,1,0,0,0,-88,1,6,1,20319478,0,110,0,0,20.5186,384,[110 96 6 0 0 0 0 0 0 0 0 0 11 29 10 29 9 29 9 29 8 28 8 29 8 28 7 28 7 26 6 26 5 27 5 26 5 25 5 25 5 25 6 25 5 24 5 23 5 24 6 24 5 23 5 22 4 22 4 21 4 21 4 20 0 0 4 19 5 19 5 18 5 17 5 17 5 17 5 15 5 14 5 14 5 14 7 13 7 12 6 12 8 12 8 11 8 10 9 10 10 10 10 10 9 9 10 9 10 9 10 10 10 9 10 10 9 9 0 0 0 0 0 0 0 0 0 0 ],a36fd9337ec7391b,1.67023E+12,2022/12/5 15:30,example_experiment_name
CSI_DATA,STA,8C:CE:4E:9A:6D:15,-52,11,1,5,1,1,1,1,0,0,0,-88,1,6,1,20342002,0,110,0,0,20.5374,384,[110 96 6 0 0 0 0 0 0 0 0 0 -26 12 -26 12 -25 11 -25 11 -25 10 -25 10 -24 9 -24 9 -24 8 -24 8 -24 8 -24 7 -23 7 -23 7 -23 7 -23 7 -22 7 -21 7 -21 7 -21 7 -21 6 -20 6 -20 6 -20 6 -19 6 -18 6 0 0 -18 6 -18 5 -17 6 -16 5 -15 5 -14 5 -14 6 -13 6 -14 6 -12 6 -12 6 -11 7 -10 7 -10 8 -9 8 -9 9 -9 9 -9 9 -9 10 -9 10 -9 9 -8 10 -8 10 -8 9 -8 9 -9 10 0 0 0 0 0 0 0 0 0 0 ],a36fd9337ec7391b,1.67023E+12,2022/12/5 15:30,example_experiment_name
CSI_DATA,STA,8C:CE:4E:9A:6D:15,-52,11,1,5,1,1,1,1,0,0,0,-88,1,6,1,20345619,0,110,0,0,20.5421,384,[110 96 6 0 0 0 0 0 0 0 0 0 25 -3 25 -2 25 -2 23 -1 24 0 23 0 23 0 23 0 22 1 22 1 22 1 21 2 21 2 21 1 21 1 20 1 20 1 20 1 19 1 18 1 19 1 18 1 18 1 18 1 17 1 17 1 0 0 16 1 16 1 15 1 15 0 14 0 14 0 13 0 12 -1 11 -1 13 -1 12 -2 12 -2 11 -3 10 -4 11 -4 11 -4 10 -5 10 -5 10 -5 10 -6 10 -6 10 -6 10 -6 10 -6 10 -5 10 -5 0 0 0 0 0 0 0 0 0 0 ],a36fd9337ec7391b,1.67023E+12,2022/12/5 15:30,example_experiment_name
CSI_DATA,STA,8C:CE:4E:9A:6D:15,-52,11,1,5,1,1,1,1,0,0,0,-88,1,6,1,20366206,0,110,0,0,20.5616,384,[110 96 6 0 0 0 0 0 0 0 0 0 -8 23 -10 23 -10 22 -11 22 -10 22 -10 21 -11 20 -11 20 -11 19 -11 20 -10 19 -11 19 -11 19 -10 18 -10 18 -10 18 -10 17 -10 17 -10 16 -10 17 -10 16 -9 16 -9 16 -9 16 -9 15 -8 15 0 0 -8 14 -8 14 -7 13 -7 13 -6 12 -6 12 -5 12 -5 12 -4 11 -4 11 -3 12 -2 10 -1 11 -1 11 -1 11 -1 10 1 10 -1 12 -1 11 1 13 1 13 0 9 0 13 0 10 3 13 0 13 0 0 0 0 0 0 0 0 0 0 ],a36fd9337ec7391b,1.67023E+12,2022/12/5 15:30,example_experiment_name
CSI_DATA,STA,8C:CE:4E:9A:6D:15,-50,11,1,4,1,1,1,1,0,0,0,-88,2,6,1,20405592,0,110,0,0,20.6013,384,[110 96 6 0 0 0 0 0 0 0 0 0 -30 -1 -29 -2 -29 -2 -29 -4 -28 -4 -28 -5 -27 -4 -27 -5 -26 -5 -26 -5 -26 -5 -25 -5 -25 -5 -24 -5 -24 -6 -24 -5 -23 -5 -23 -5 -23 -5 -23 -5 -22 -5 -22 -5 -21 -5 -21 -5 -21 -5 -21 -4 0 0 -19 -4 -19 -4 -18 -4 -18 -3 -17 -3 -17 -3 -16 -3 -15 -2 -15 -1 -15 -1 -15 0 -14 1 -14 1 -14 2 -13 2 -14 3 -14 3 -13 4 -13 4 -14 4 -13 4 -13 4 -13 4 -13 4 -13 4 -13 4 0 0 0 0 0 0 0 0 0 0 ],a36fd9337ec7391b,1.67023E+12,2022/12/5 15:30,example_experiment_name
CSI_DATA,STA,8C:CE:4E:9A:6D:15,-52,11,1,5,1,1,1,1,0,0,0,-88,2,6,1,20415325,0,110,0,0,20.6106,384,[110 96 6 0 0 0 0 0 0 0 0 0 21 -24 21 -23 22 -22 22 -22 21 -20 22 -21 22 -19 21 -19 22 -18 21 -18 21 -19 21 -18 20 -17 20 -17 21 -16 20 -16 20 -16 19 -15 19 -15 20 -14 19 -14 19 -14 18 -14 17 -14 18 -13 17 -14 0 0 17 -12 16 -11 16 -12 15 -11 14 -12 14 -11 13 -11 12 -11 11 -11 10 -11 9 -12 9 -12 8 -12 8 -12 7 -12 7 -13 6 -13 6 -14 6 -13 6 -14 6 -14 6 -14 6 -14 6 -14 6 -14 6 -13 0 0 0 0 0 0 0 0 0 0 ],a36fd9337ec7391b,1.67023E+12,2022/12/5 15:30,example_experiment_name
CSI_DATA,STA,8C:CE:4E:9A:6D:15,-52,11,1,5,1,1,1,1,0,0,0,-88,2,6,1,20437376,0,110,0,0,20.6328,384,[110 96 6 0 0 0 0 0 0 0 0 0 20 -25 20 -24 20 -24 21 -23 20 -24 21 -22 21 -21 20 -22 18 -20 20 -21 20 -20 20 -17 21 -19 19 -18 20 -18 19 -17 18 -18 18 -17 18 -17 18 -16 18 -16 17 -17 17 -16 17 -15 16 -15 16 -15 0 0 15 -15 14 -14 13 -14 13 -14 13 -14 12 -13 11 -13 11 -13 10 -13 9 -13 8 -13 8 -13 7 -13 6 -13 5 -14 5 -14 5 -14 4 -14 4 -14 4 -15 4 -15 4 -15 4 -14 3 -15 4 -14 3 -14 0 0 0 0 0 0 0 0 0 0 ],a36fd9337ec7391b,1.67023E+12,2022/12/5 15:30,example_experiment_name
CSI_DATA,STA,8C:CE:4E:9A:6D:15,-52,11,1,5,1,1,1,1,0,0,0,-88,1,6,1,20452003,0,110,0,0,20.6474,384,[110 96 6 0 0 0 0 0 0 0 0 0 21 -18 22 -18 21 -16 22 -16 21 -15 22 -15 21 -14 21 -13 21 -13 20 -12 21 -12 20 -12 20 -12 20 -11 20 -12 19 -11 20 -11 18 -10 19 -10 18 -10 18 -10 18 -10 17 -9 17 -10 17 -9 17 -9 0 0 16 -9 15 -8 15 -8 14 -8 14 -8 13 -8 12 -8 11 -8 11 -8 10 -8 10 -9 9 -9 9 -9 9 -10 8 -9 8 -11 7 -10 7 -11 7 -11 7 -11 7 -11 7 -11 6 -11 6 -11 7 -11 7 -11 0 0 0 0 0 0 0 0 0 0 ],a36fd9337ec7391b,1.67023E+12,2022/12/5 15:30,example_experiment_name
CSI_DATA,STA,8C:CE:4E:9A:6D:15,-52,11,1,5,1,1,1,1,0,0,0,-88,1,6,1,20463309,0,110,0,0,20.6587,384,[110 96 6 0 0 0 0 0 0 0 0 0 24 8 24 10 23 10 22 10 20 10 21 10 20 11 20 11 19 11 19 11 19 10 18 10 18 10 18 10 18 11 17 11 17 11 16 10 16 11 16 11 16 11 15 10 15 10 15 9 15 10 14 9 0 0 13 9 13 9 13 8 12 8 12 7 11 7 11 6 11 5 11 5 11 5 11 4 11 3 11 3 11 3 10 3 11 2 11 2 11 1 11 1 11 1 12 1 11 1 11 1 11 1 11 1 11 1 0 0 0 0 0 0 0 0 0 0 ],a36fd9337ec7391b,1.67023E+12,2022/12/5 15:30,example_experiment_name
CSI_DATA,STA,8C:CE:4E:9A:6D:15,-52,11,1,5,1,1,1,1,0,0,0,-88,1,6,1,20466865,0,110,0,0,20.6634,384,[110 96 6 0 0 0 0 0 0 0 0 0 -23 16 -23 16 -22 15 -23 15 -23 13 -23 13 -23 13 -23 12 -23 12 -22 11 -22 11 -22 10 -22 10 -22 10 -21 10 -21 10 -20 10 -20 10 -20 9 -20 9 -20 9 -19 9 -19 9 -18 9 -18 8 -18 8 0 0 -17 8 -16 8 -16 8 -15 7 -15 7 -14 7 -13 8 -13 8 -12 8 -12 8 -11 8 -11 8 -10 8 -9 9 -9 9 -9 10 -8 9 -8 10 -8 11 -7 10 -8 10 -7 10 -8 10 -7 10 -9 9 -8 10 0 0 0 0 0 0 0 0 0 0 ],a36fd9337ec7391b,1.67023E+12,2022/12/5 15:30,example_experiment_name
CSI_DATA,STA,8C:CE:4E:9A:6D:15,-51,11,1,4,1,1,1,1,0,0,0,-88,2,6,1,20494744,0,110,0,0,20.6904,384,[110 96 6 0 0 0 0 0 0 0 0 0 -19 -22 -19 -22 -18 -22 -18 -23 -17 -22 -16 -22 -15 -22 -16 -22 -15 -22 -14 -22 -14 -21 -14 -21 -13 -21 -13 -21 -13 -21 -13 -21 -12 -20 -12 -20 -12 -19 -12 -19 -12 -19 -12 -19 -12 -18 -11 -18 -11 -18 -11 -17 0 0 -10 -17 -10 -16 -10 -15 -9 -15 -10 -14 -10 -14 -9 -13 -10 -12 -9 -11 -10 -11 -10 -10 -10 -10 -11 -9 -11 -8 -11 -8 -11 -8 -11 -8 -12 -7 -12 -6 -12 -7 -12 -7 -12 -6 -12 -7 -12 -7 -12 -6 -12 -6 0 0 0 0 0 0 0 0 0 0 ],a36fd9337ec7391b,1.67023E+12,2022/12/5 15:30,example_experiment_name
CSI_DATA,STA,8C:CE:4E:9A:6D:15,-52,11,1,5,1,1,1,1,0,0,0,-88,2,6,1,20512499,0,110,0,0,20.708,384,[110 96 6 0 0 0 0 0 0 0 0 0 1 28 0 28 0 27 -1 27 -2 26 -2 26 -2 25 -3 26 -3 25 -3 24 -3 24 -3 24 -3 23 -3 23 -3 23 -3 22 -3 22 -3 22 -4 21 -3 21 -3 21 -3 20 -3 20 -3 20 -3 19 -3 19 0 0 -3 18 -3 17 -2 17 -2 16 -1 16 -2 15 -1 15 0 14 0 14 0 13 1 13 1 13 2 12 3 12 3 12 4 12 4 11 4 12 4 12 4 12 4 12 4 12 5 12 5 11 5 12 4 11 0 0 0 0 0 0 0 0 0 0 ],a36fd9337ec7391b,1.67023E+12,2022/12/5 15:30,example_experiment_name
CSI_DATA,STA,8C:CE:4E:9A:6D:15,-52,11,1,5,1,1,1,1,0,0,0,-88,1,6,1,20522740,0,110,0,0,20.7181,384,[110 96 6 0 0 0 0 0 0 0 0 0 -17 21 -18 21 -18 20 -19 20 -18 19 -19 19 -18 18 -18 18 -18 17 -18 17 -18 17 -18 16 -18 15 -18 15 -17 15 -18 15 -17 15 -17 15 -16 14 -16 14 -17 13 -16 13 -16 13 -15 13 -15 12 -15 12 0 0 -14 12 -14 12 -13 11 -12 11 -12 11 -11 10 -11 11 -10 11 -10 10 -10 10 -9 10 -8 10 -7 11 -7 11 -6 11 -6 11 -6 11 -5 11 -5 12 -5 11 -4 12 -5 12 -5 12 -5 12 -5 12 -5 12 0 0 0 0 0 0 0 0 0 0 ],a36fd9337ec7391b,1.67023E+12,2022/12/5 15:30,example_experiment_name
CSI_DATA,STA,8C:CE:4E:9A:6D:15,-52,11,1,5,1,1,1,1,0,0,0,-88,1,6,1,20529748,0,110,0,0,20.7249,384,[110 96 6 0 0 0 0 0 0 0 0 0 18 -22 18 -22 18 -21 19 -20 19 -20 19 -19 19 -18 19 -17 19 -17 19 -17 18 -16 18 -16 18 -16 18 -15 18 -15 18 -15 17 -15 17 -15 17 -14 17 -14 16 -13 16 -13 16 -13 15 -13 15 -13 15 -12 0 0 14 -12 14 -12 13 -11 12 -11 12 -11 11 -11 10 -10 10 -11 10 -10 9 -11 8 -11 8 -11 7 -11 7 -12 6 -11 6 -12 5 -12 5 -12 5 -12 5 -13 5 -12 5 -13 5 -13 4 -13 5 -13 5 -12 0 0 0 0 0 0 0 0 0 0 ],a36fd9337ec7391b,1.67023E+12,2022/12/5 15:30,example_experiment_name
CSI_DATA,STA,8C:CE:4E:9A:6D:15,-52,11,1,5,1,1,1,1,0,0,0,-88,1,6,1,20543278,0,110,0,0,20.7388,384,[110 96 6 0 0 0 0 0 0 0 0 0 24 14 23 14 23 14 22 15 22 15 21 15 22 15 20 15 19 15 20 15 19 15 18 15 18 15 17 14 17 14 18 14 17 14 17 14 17 13 17 13 16 13 16 13 16 13 16 12 15 12 14 12 0 0 14 11 14 11 13 10 13 10 13 9 12 9 12 8 12 7 12 7 12 6 12 5 12 5 11 4 12 3 12 3 12 3 12 2 12 2 12 2 13 1 13 1 13 1 13 2 13 1 12 2 12 1 0 0 0 0 0 0 0 0 0 0 ],a36fd9337ec7391b,1.67023E+12,2022/12/5 15:30,example_experiment_name
CSI_DATA,STA,8C:CE:4E:9A:6D:15,-51,11,1,5,1,1,1,1,0,0,0,-88,1,6,1,20558151,0,110,0,0,20.7536,384,[110 96 6 0 0 0 0 0 0 0 0 0 5 24 4 24 3 24 3 24 3 24 2 23 2 23 1 23 1 22 1 22 0 21 0 21 0 21 0 21 0 20 0 21 0 20 0 20 0 19 0 19 0 19 0 18 -1 18 0 18 0 17 0 17 0 0 0 16 0 16 0 15 1 15 0 14 0 14 1 13 1 13 1 12 1 12 2 11 2 11 3 11 3 10 4 10 4 10 4 10 5 10 5 11 5 10 5 10 5 9 5 10 5 10 4 10 5 10 0 0 0 0 0 0 0 0 0 0 ],a36fd9337ec7391b,1.67023E+12,2022/12/5 15:30,example_experiment_name
CSI_DATA,STA,8C:CE:4E:9A:6D:15,-51,11,1,3,1,1,1,1,0,0,0,-88,2,6,1,20582111,0,110,0,0,20.7776,384,[110 96 6 0 0 0 0 0 0 0 0 0 -24 -18 -24 -18 -22 -18 -22 -19 -21 -18 -21 -19 -20 -19 -19 -19 -19 -19 -19 -18 -19 -18 -18 -18 -18 -17 -18 -18 -17 -18 -17 -17 -17 -17 -16 -17 -16 -17 -16 -17 -16 -16 -15 -17 -15 -15 -15 -15 -15 -15 -15 -15 0 0 -14 -14 -13 -14 -13 -13 -13 -12 -13 -12 -12 -12 -12 -11 -12 -10 -12 -9 -12 -8 -12 -7 -12 -7 -13 -6 -12 -6 -12 -6 -13 -5 -12 -5 -14 -4 -13 -4 -14 -4 -14 -3 -14 -4 -13 -5 -13 -5 -13 -5 -12 -4 0 0 0 0 0 0 0 0 0 0 ],a36fd9337ec7391b,1.67023E+12,2022/12/5 15:30,example_experiment_name
CSI_DATA,STA,8C:CE:4E:9A:6D:15,-50,11,1,4,1,1,1,1,0,0,0,-88,2,6,1,20598886,0,110,0,0,20.7946,384,[110 96 6 0 0 0 0 0 0 0 0 0 5 25 4 25 4 25 3 25 2 25 2 24 1 23 1 23 1 23 1 23 0 23 1 22 1 21 1 21 0 21 0 21 0 20 0 20 0 20 0 20 0 19 0 19 0 18 1 18 0 18 1 17 0 0 0 17 1 16 1 15 1 15 1 14 1 14 2 13 2 13 2 12 3 11 3 12 3 11 4 10 4 10 5 10 6 9 6 10 6 9 6 10 6 9 6 10 6 9 7 9 7 9 6 9 6 9 0 0 0 0 0 0 0 0 0 0 ],a36fd9337ec7391b,1.67023E+12,2022/12/5 15:30,example_experiment_name
CSI_DATA,STA,8C:CE:4E:9A:6D:15,-50,11,1,4,1,1,1,1,0,0,0,-88,1,6,1,20629651,0,110,0,0,20.8252,384,[110 96 6 0 0 0 0 0 0 0 0 0 15 21 14 22 13 21 13 22 12 21 12 22 11 21 10 21 10 21 9 20 10 21 9 20 9 20 9 20 9 19 9 19 8 19 8 18 8 19 8 18 7 18 7 18 7 17 7 17 7 17 7 17 0 0 6 16 6 15 7 15 6 14 6 14 6 13 6 12 6 11 6 11 6 10 7 10 7 9 7 9 8 9 8 8 8 8 9 8 9 8 9 8 9 8 9 7 9 7 9 7 9 6 9 7 9 7 0 0 0 0 0 0 0 0 0 0 ],a36fd9337ec7391b,1.67023E+12,2022/12/5 15:30,example_experiment_name
CSI_DATA,STA,8C:CE:4E:9A:6D:15,-52,11,1,5,1,1,1,1,0,0,0,-88,2,6,1,20633905,0,110,0,0,20.8299,384,[110 96 6 0 0 0 0 0 0 0 0 0 1 31 0 33 -1 30 -1 29 -3 30 -3 31 -5 29 -4 28 -4 27 -5 28 -4 26 -4 27 -5 27 -6 25 -6 27 -6 25 -5 26 -6 23 -5 25 -4 25 -5 24 -4 21 -4 23 -4 21 -5 23 -3 23 0 0 -4 20 -4 20 -2 19 -3 18 -3 18 -4 18 -2 16 -2 16 -3 15 -2 15 0 15 0 13 1 14 1 14 2 14 2 14 3 14 3 13 3 14 3 14 4 14 3 14 4 14 4 14 3 13 3 13 0 0 0 0 0 0 0 0 0 0 ],a36fd9337ec7391b,1.67023E+12,2022/12/5 15:30,example_experiment_name
CSI_DATA,STA,8C:CE:4E:9A:6D:15,-52,11,1,5,1,1,1,1,0,0,0,-88,2,6,1,20650611,0,110,0,0,20.8461,384,[110 96 6 0 0 0 0 0 0 0 0 0 -25 8 -25 7 -24 7 -24 6 -24 6 -24 5 -23 5 -23 5 -23 4 -23 4 -22 3 -22 3 -22 3 -22 3 -21 3 -21 3 -21 2 -20 3 -20 3 -20 2 -19 2 -20 3 -19 2 -19 2 -18 2 -18 2 0 0 -17 1 -17 1 -16 2 -15 2 -15 2 -15 2 -14 2 -14 3 -13 3 -13 3 -12 3 -12 4 -11 4 -11 5 -11 5 -11 6 -10 5 -10 6 -11 6 -10 6 -10 7 -10 6 -10 6 -10 7 -10 7 -10 6 0 0 0 0 0 0 0 0 0 0 ],a36fd9337ec7391b,1.67023E+12,2022/12/5 15:30,example_experiment_name
CSI_DATA,STA,8C:CE:4E:9A:6D:15,-52,11,1,5,1,1,1,1,0,0,0,-88,1,6,1,20663464,0,110,0,0,20.8587,384,[110 96 6 0 0 0 0 0 0 0 0 0 -18 -23 -18 -23 -17 -23 -16 -23 -15 -23 -15 -23 -15 -23 -14 -23 -13 -22 -13 -22 -13 -22 -12 -22 -12 -22 -12 -21 -11 -21 -12 -21 -11 -21 -12 -20 -11 -20 -11 -20 -11 -19 -11 -19 -11 -19 -10 -18 -10 -18 -10 -18 0 0 -9 -16 -10 -16 -9 -16 -9 -15 -9 -14 -9 -14 -9 -13 -10 -13 -9 -12 -9 -11 -9 -10 -10 -10 -9 -9 -10 -9 -11 -9 -11 -8 -11 -8 -11 -7 -11 -7 -12 -7 -12 -7 -12 -7 -12 -7 -12 -7 -12 -6 -11 -7 0 0 0 0 0 0 0 0 0 0 ],a36fd9337ec7391b,1.67023E+12,2022/12/5 15:30,example_experiment_name
CSI_DATA,STA,8C:CE:4E:9A:6D:15,-52,11,1,5,1,1,1,1,0,0,0,-88,2,6,1,20684627,0,110,0,0,20.8801,384,[110 96 6 0 0 0 0 0 0 0 0 0 -1 -29 0 -29 0 -28 1 -28 1 -27 2 -28 2 -27 2 -26 2 -26 3 -25 3 -25 3 -24 3 -24 2 -24 3 -24 2 -23 2 -23 2 -22 2 -22 3 -23 3 -22 2 -22 3 -21 2 -21 3 -20 2 -20 0 0 2 -19 2 -18 1 -18 0 -17 1 -17 1 -16 0 -16 -1 -16 -1 -15 -2 -14 -2 -14 -2 -14 -3 -13 -3 -13 -4 -13 -5 -13 -5 -13 -5 -13 -6 -12 -5 -13 -6 -13 -6 -12 -6 -12 -6 -12 -6 -12 -6 -12 0 0 0 0 0 0 0 0 0 0 ],a36fd9337ec7391b,1.67023E+12,2022/12/5 15:30,example_experiment_name
CSI_DATA,STA,8C:CE:4E:9A:6D:15,-51,11,1,5,1,1,1,1,0,0,0,-88,1,6,1,20698632,0,110,0,0,20.8942,384,[110 96 6 0 0 0 0 0 0 0 0 0 22 -17 23 -16 23 -15 23 -15 23 -15 22 -13 22 -13 22 -12 22 -12 22 -12 21 -12 21 -11 21 -11 20 -11 21 -11 20 -11 20 -11 20 -11 19 -10 19 -10 19 -10 19 -10 18 -9 18 -10 18 -9 17 -9 0 0 16 -8 16 -9 15 -9 14 -8 14 -8 13 -8 12 -8 12 -9 12 -9 11 -10 10 -9 9 -9 9 -9 8 -10 8 -10 7 -11 7 -11 7 -11 7 -11 7 -11 7 -11 7 -12 7 -11 6 -12 7 -11 6 -11 0 0 0 0 0 0 0 0 0 0 ],a36fd9337ec7391b,1.67023E+12,2022/12/5 15:30,example_experiment_name
CSI_DATA,STA,8C:CE:4E:9A:6D:15,-51,11,1,5,1,1,1,1,0,0,0,-88,3,6,1,20740858,0,110,0,0,20.9365,384,[110 96 6 0 0 0 0 0 0 0 0 0 16 15 16 16 16 15 15 15 15 16 15 17 14 15 13 16 11 16 12 16 12 15 11 16 12 14 12 15 11 16 11 15 11 15 10 14 10 14 10 14 10 14 9 14 10 13 10 13 9 13 9 12 0 0 8 12 8 12 8 11 8 10 8 10 8 10 7 9 7 9 7 8 7 7 8 7 8 7 8 6 9 6 8 6 8 5 8 5 9 5 9 5 9 4 9 5 9 5 9 4 9 4 9 4 9 4 0 0 0 0 0 0 0 0 0 0 ],a36fd9337ec7391b,1.67023E+12,2022/12/5 15:30,example_experiment_name
CSI_DATA,STA,8C:CE:4E:9A:6D:15,-52,11,1,5,1,1,1,1,0,0,0,-88,1,6,1,20741252,0,110,0,0,20.9408,384,[110 96 6 0 0 0 0 0 0 0 0 0 26 10 25 12 25 11 25 12 25 12 24 13 23 10 23 13 21 13 22 13 20 13 20 12 21 12 19 11 18 13 20 12 20 11 20 12 18 12 19 11 18 11 18 11 18 10 17 10 17 10 17 9 0 0 15 9 15 8 15 8 15 7 14 7 13 6 13 6 13 6 12 4 13 4 13 4 12 3 12 2 12 2 12 1 12 0 13 1 13 0 12 0 13 -1 12 -1 12 -1 13 0 12 -1 12 -1 12 -1 0 0 0 0 0 0 0 0 0 0 ],a36fd9337ec7391b,1.67023E+12,2022/12/5 15:30,example_experiment_name
CSI_DATA,STA,8C:CE:4E:9A:6D:15,-52,11,1,5,1,1,1,1,0,0,0,-88,2,6,1,20764863,0,110,0,0,20.9603,384,[110 96 6 0 0 0 0 0 0 0 0 0 -14 -26 -13 -26 -12 -26 -11 -26 -10 -26 -10 -26 -10 -25 -9 -25 -9 -25 -8 -24 -8 -25 -8 -24 -8 -24 -8 -23 -7 -23 -7 -23 -7 -23 -7 -22 -7 -22 -6 -22 -6 -22 -6 -21 -6 -20 -6 -21 -6 -20 -6 -20 0 0 -5 -19 -5 -18 -5 -18 -5 -17 -6 -17 -5 -16 -5 -15 -6 -15 -5 -14 -6 -13 -6 -13 -7 -12 -7 -12 -8 -12 -7 -11 -8 -11 -9 -11 -9 -10 -10 -10 -9 -11 -10 -11 -9 -10 -9 -11 -9 -11 -10 -10 -9 -9 0 0 0 0 0 0 0 0 0 0 ],a36fd9337ec7391b,1.67023E+12,2022/12/5 15:30,example_experiment_name
CSI_DATA,STA,8C:CE:4E:9A:6D:15,-52,11,1,5,1,1,1,1,0,0,0,-88,1,6,1,20773855,0,110,0,0,20.9689,384,[110 96 6 0 0 0 0 0 0 0 0 0 -29 -6 -27 -7 -28 -7 -27 -7 -27 -9 -26 -9 -26 -8 -25 -9 -24 -9 -24 -9 -24 -10 -23 -10 -23 -10 -23 -9 -22 -10 -22 -9 -21 -9 -22 -9 -21 -9 -21 -9 -20 -9 -20 -8 -20 -9 -20 -9 -19 -9 -19 -8 0 0 -18 -8 -17 -7 -17 -6 -17 -6 -16 -6 -15 -6 -15 -5 -15 -5 -14 -4 -14 -4 -14 -3 -13 -3 -14 -2 -13 -1 -14 -1 -13 0 -13 0 -15 0 -14 1 -14 2 -15 0 -14 2 -14 2 -15 2 -14 1 -13 1 0 0 0 0 0 0 0 0 0 0 ],a36fd9337ec7391b,1.67023E+12,2022/12/5 15:30,example_experiment_name
CSI_DATA,STA,8C:CE:4E:9A:6D:15,-50,11,1,4,1,1,1,1,0,0,0,-88,4,6,1,20820274,0,110,0,0,21.016,384,[110 96 6 0 0 0 0 0 0 0 0 0 -10 27 -14 28 -13 24 -11 25 -13 26 -14 24 -12 22 -12 25 -14 23 -12 20 -10 22 -13 23 -12 21 -11 22 -12 22 -11 20 -10 21 -10 22 -11 20 -9 19 -10 20 -11 19 -9 17 -8 19 -9 19 -9 18 0 0 -8 18 -7 17 -7 17 -5 16 -5 16 -5 16 -5 14 -3 14 -3 14 -2 13 -2 13 -1 13 0 13 1 13 1 13 1 12 3 11 4 14 1 14 2 10 5 12 4 14 2 12 5 10 6 12 3 13 0 0 0 0 0 0 0 0 0 0 ],a36fd9337ec7391b,1.67023E+12,2022/12/5 15:30,example_experiment_name
CSI_DATA,STA,8C:CE:4E:9A:6D:15,-52,11,1,5,1,1,1,1,0,0,0,-88,1,6,1,20829902,0,110,0,0,21.0251,384,[110 96 6 0 0 0 0 0 0 0 0 0 -29 0 -29 1 -28 0 -28 -1 -28 -2 -27 -2 -26 -2 -26 -3 -26 -3 -26 -3 -25 -3 -25 -3 -24 -4 -25 -4 -24 -3 -24 -3 -22 -3 -23 -3 -23 -4 -22 -4 -22 -4 -22 -4 -21 -4 -20 -4 -20 -4 -20 -4 0 0 -18 -3 -19 -4 -17 -3 -17 -2 -16 -3 -16 -3 -16 -3 -15 -2 -14 -1 -14 -2 -14 0 -14 0 -13 1 -13 2 -13 2 -13 2 -13 3 -12 3 -13 4 -13 4 -13 3 -13 3 -13 4 -12 4 -13 3 -12 3 0 0 0 0 0 0 0 0 0 0 ],a36fd9337ec7391b,1.67023E+12,2022/12/5 15:30,example_experiment_name
CSI_DATA,STA,8C:CE:4E:9A:6D:15,-50,11,1,4,1,1,1,1,0,0,0,-88,2,6,1,20851374,0,110,0,0,21.047,384,[110 96 6 0 0 0 0 0 0 0 0 0 7 28 6 28 6 28 5 28 4 27 4 27 3 26 3 27 3 26 2 26 2 25 2 25 2 24 2 24 2 24 2 24 2 23 2 23 1 22 2 22 1 22 2 21 1 21 2 21 2 20 2 20 0 0 2 19 2 18 2 18 2 17 3 16 3 16 3 15 3 14 3 14 4 13 4 13 5 12 5 12 6 12 6 11 6 11 7 11 8 10 8 11 8 10 8 10 8 10 8 10 8 10 8 9 7 9 0 0 0 0 0 0 0 0 0 0 ],a36fd9337ec7391b,1.67023E+12,2022/12/5 15:30,example_experiment_name
CSI_DATA,STA,8C:CE:4E:9A:6D:15,-52,11,1,5,1,1,1,1,0,0,0,-88,1,6,1,20866211,0,110,0,0,21.0617,384,[110 96 6 0 0 0 0 0 0 0 0 0 -29 -3 -28 -4 -28 -4 -28 -5 -27 -6 -27 -6 -26 -6 -25 -7 -25 -6 -26 -7 -25 -7 -24 -7 -24 -7 -23 -7 -23 -7 -23 -7 -22 -7 -22 -6 -22 -6 -21 -6 -21 -7 -21 -6 -20 -6 -20 -7 -19 -6 -19 -6 0 0 -18 -6 -18 -5 -17 -5 -17 -4 -16 -4 -16 -4 -15 -3 -16 -4 -14 -3 -14 -2 -14 -1 -13 -1 -14 0 -14 0 -13 1 -13 1 -13 1 -13 2 -13 2 -13 3 -13 3 -13 2 -13 2 -12 3 -13 2 -12 3 0 0 0 0 0 0 0 0 0 0 ],a36fd9337ec7391b,1.67023E+12,2022/12/5 15:30,example_experiment_name
CSI_DATA,STA,8C:CE:4E:9A:6D:15,-52,11,1,5,1,1,1,1,0,0,0,-88,1,6,1,20872930,0,110,0,0,21.068,384,[110 96 6 0 0 0 0 0 0 0 0 0 26 -12 26 -12 26 -11 26 -10 25 -10 25 -8 24 -9 24 -8 24 -8 24 -8 24 -7 23 -6 23 -6 23 -6 22 -6 22 -6 22 -6 21 -6 21 -6 21 -6 20 -5 20 -6 20 -6 19 -5 19 -5 19 -5 0 0 17 -5 18 -5 17 -5 16 -5 15 -5 14 -5 14 -5 13 -6 13 -6 12 -6 12 -6 12 -7 11 -7 11 -8 10 -8 10 -9 10 -9 10 -9 9 -9 9 -9 9 -10 9 -10 9 -9 9 -10 9 -9 9 -9 0 0 0 0 0 0 0 0 0 0 ],a36fd9337ec7391b,1.67023E+12,2022/12/5 15:30,example_experiment_name
CSI_DATA,STA,8C:CE:4E:9A:6D:15,-52,11,1,5,1,1,1,1,0,0,0,-88,2,6,1,20912790,0,110,0,0,21.1084,384,[110 96 6 0 0 0 0 0 0 0 0 0 -25 6 -26 6 -24 5 -25 5 -24 4 -25 4 -24 5 -24 4 -23 3 -23 3 -23 2 -23 2 -22 2 -22 2 -21 2 -21 2 -21 2 -20 2 -21 1 -20 2 -20 2 -19 1 -19 1 -19 2 -18 1 -18 2 0 0 -17 2 -17 1 -16 2 -16 1 -15 2 -14 2 -14 3 -13 2 -13 3 -12 3 -12 3 -12 3 -11 4 -11 5 -11 5 -11 6 -10 6 -11 6 -10 7 -10 7 -10 7 -10 7 -10 6 -10 7 -10 6 -10 6 0 0 0 0 0 0 0 0 0 0 ],a36fd9337ec7391b,1.67023E+12,2022/12/5 15:30,example_experiment_name
CSI_DATA,STA,8C:CE:4E:9A:6D:15,-52,11,1,5,1,1,1,1,0,0,0,-88,1,6,1,20913401,0,110,0,0,21.1137,384,[110 96 6 0 0 0 0 0 0 0 0 0 13 24 12 25 11 24 10 25 10 23 10 25 9 24 9 23 8 24 8 22 8 23 9 23 8 22 8 22 8 22 7 21 7 22 7 20 7 21 7 20 6 20 6 19 6 19 7 18 7 18 7 18 0 0 6 17 6 17 6 16 5 15 6 15 6 14 6 13 7 13 6 11 7 11 7 11 7 10 8 9 8 9 8 9 9 9 9 8 9 8 9 8 10 8 10 7 9 7 10 7 10 7 10 7 10 7 0 0 0 0 0 0 0 0 0 0 ],a36fd9337ec7391b,1.67023E+12,2022/12/5 15:30,example_experiment_name
CSI_DATA,STA,8C:CE:4E:9A:6D:15,-52,11,1,5,1,1,1,1,0,0,0,-88,2,6,1,20933218,0,110,0,0,21.1287,384,[110 96 6 0 0 0 0 0 0 0 0 0 15 22 13 19 13 20 11 20 12 22 11 20 11 20 10 20 9 20 11 19 9 19 9 19 9 19 9 19 9 18 8 19 8 18 9 17 8 17 7 17 7 17 7 17 7 16 8 16 7 16 7 15 0 0 7 14 7 14 6 13 7 13 6 12 6 12 6 11 6 11 6 10 7 9 7 9 7 8 7 8 8 8 8 7 8 7 9 7 9 6 9 7 9 6 9 6 9 6 9 6 9 6 9 6 9 6 0 0 0 0 0 0 0 0 0 0 ],a36fd9337ec7391b,1.67023E+12,2022/12/5 15:30,example_experiment_name
CSI_DATA,STA,8C:CE:4E:9A:6D:15,-52,11,1,5,1,1,1,1,0,0,0,-88,1,6,1,20939867,0,110,0,0,21.1351,384,[110 96 6 0 0 0 0 0 0 0 0 0 -3 25 -3 25 -6 26 -4 24 -4 24 -6 23 -7 24 -5 23 -6 22 -6 22 -4 22 -6 21 -6 21 -6 20 -5 21 -6 20 -6 20 -5 19 -6 17 -6 19 -6 19 -5 18 -6 17 -5 18 -5 17 -5 17 0 0 -4 16 -4 15 -4 15 -3 15 -4 14 -3 14 -3 13 -2 13 -2 12 -1 12 -2 12 0 12 0 11 1 12 1 11 0 12 2 11 2 10 2 11 1 13 2 12 2 11 3 11 2 11 3 11 3 11 0 0 0 0 0 0 0 0 0 0 ],a36fd9337ec7391b,1.67023E+12,2022/12/5 15:30,example_experiment_name
CSI_DATA,STA,8C:CE:4E:9A:6D:15,-52,11,1,5,1,1,1,1,0,0,0,-88,2,6,1,20959460,0,110,0,0,21.1549,384,[110 96 6 0 0 0 0 0 0 0 0 0 -29 -3 -29 -4 -28 -3 -28 -4 -28 -5 -27 -5 -26 -5 -27 -5 -26 -6 -25 -6 -25 -6 -25 -6 -24 -6 -24 -6 -24 -6 -24 -6 -23 -6 -22 -5 -22 -5 -22 -5 -21 -6 -21 -5 -21 -6 -21 -5 -20 -5 -20 -5 0 0 -19 -5 -18 -4 -18 -4 -17 -4 -17 -3 -16 -3 -16 -3 -15 -2 -15 -2 -15 -1 -14 -1 -14 0 -14 0 -13 1 -13 1 -13 2 -13 3 -13 3 -13 4 -13 3 -13 4 -13 4 -13 4 -13 4 -13 4 -13 3 0 0 0 0 0 0 0 0 0 0 ],a36fd9337ec7391b,1.67023E+12,2022/12/5 15:30,example_experiment_name
CSI_DATA,STA,8C:CE:4E:9A:6D:15,-52,11,1,5,1,1,1,1,0,0,0,-88,2,6,1,20980903,0,110,0,0,21.1763,384,[110 96 6 0 0 0 0 0 0 0 0 0 -28 8 -29 7 -27 6 -28 7 -27 5 -28 5 -26 4 -26 5 -26 3 -25 4 -26 3 -24 3 -25 3 -24 3 -24 3 -23 3 -23 2 -23 3 -23 3 -23 2 -22 2 -22 2 -21 2 -21 3 -20 2 -21 3 0 0 -19 2 -19 2 -18 2 -17 2 -17 3 -17 3 -15 3 -15 3 -15 3 -13 4 -14 4 -13 5 -12 5 -12 6 -12 6 -14 7 -11 7 -10 9 -11 10 -10 6 -12 10 -12 10 -8 8 -13 10 -11 6 -8 9 0 0 0 0 0 0 0 0 0 0 ],a36fd9337ec7391b,1.67023E+12,2022/12/5 15:30,example_experiment_name
CSI_DATA,STA,8C:CE:4E:9A:6D:15,-50,11,1,4,1,1,1,1,0,0,0,-88,1,6,1,20986780,0,110,0,0,21.1823,384,[110 96 6 0 0 0 0 0 0 0 0 0 -16 -26 -16 -27 -14 -25 -14 -26 -13 -26 -13 -25 -13 -25 -12 -25 -12 -25 -11 -24 -11 -25 -10 -24 -10 -23 -10 -24 -10 -24 -10 -23 -10 -22 -10 -21 -10 -21 -11 -22 -10 -21 -10 -21 -10 -20 -10 -20 -9 -20 -10 -19 0 0 -10 -18 -9 -17 -9 -17 -8 -16 -9 -16 -9 -15 -10 -14 -10 -14 -10 -13 -10 -12 -10 -11 -10 -11 -11 -10 -10 -9 -11 -8 -11 -6 -12 -9 -12 -8 -11 -9 -13 -7 -12 -5 -11 -7 -12 -9 -11 -6 -14 -7 -12 -9 0 0 0 0 0 0 0 0 0 0 ],a36fd9337ec7391b,1.67023E+12,2022/12/5 15:30,example_experiment_name
CSI_DATA,STA,8C:CE:4E:9A:6D:15,-52,11,1,5,1,1,1,1,0,0,0,-88,1,6,1,20996629,0,110,0,0,21.192,384,[110 96 6 0 0 0 0 0 0 0 0 0 -18 -20 -17 -20 -17 -20 -15 -20 -16 -20 -15 -20 -14 -19 -14 -20 -13 -20 -13 -20 -13 -19 -12 -20 -12 -19 -12 -19 -11 -18 -11 -19 -11 -18 -11 -18 -11 -17 -11 -17 -11 -17 -11 -16 -10 -17 -10 -16 -10 -16 -10 -16 0 0 -9 -15 -9 -14 -9 -13 -9 -13 -9 -12 -9 -13 -8 -12 -9 -11 -9 -10 -9 -10 -9 -9 -9 -9 -9 -8 -9 -8 -10 -8 -10 -8 -10 -7 -10 -7 -11 -6 -11 -6 -11 -6 -11 -6 -10 -6 -11 -6 -11 -6 -10 -6 0 0 0 0 0 0 0 0 0 0 ],a36fd9337ec7391b,1.67023E+12,2022/12/5 15:30,example_experiment_name
CSI_DATA,STA,8C:CE:4E:9A:6D:15,-52,11,1,5,1,1,1,1,0,0,0,-88,1,6,1,21025499,0,110,0,0,21.2211,384,[110 96 6 0 0 0 0 0 0 0 0 0 21 19 21 19 19 19 19 19 18 19 18 19 17 19 17 19 16 19 16 19 16 18 16 18 15 18 15 18 15 18 15 17 15 17 15 16 14 17 14 17 14 17 13 16 13 15 13 15 13 15 13 15 0 0 12 13 12 12 12 12 11 12 11 11 11 11 11 10 10 9 10 9 10 8 11 7 11 6 11 6 12 5 11 5 12 4 12 3 12 4 12 3 12 3 12 3 12 3 12 3 12 2 12 3 12 3 0 0 0 0 0 0 0 0 0 0 ],a36fd9337ec7391b,1.67023E+12,2022/12/5 15:30,example_experiment_name
CSI_DATA,STA,8C:CE:4E:9A:6D:15,-51,11,1,5,1,1,1,1,0,0,0,-88,1,6,1,21033909,0,110,0,0,21.2292,384,[110 96 6 0 0 0 0 0 0 0 0 0 12 19 11 20 9 18 12 19 10 19 10 19 7 20 9 19 9 18 9 18 10 18 8 18 8 17 8 17 9 18 8 17 8 16 8 16 6 16 7 16 8 15 7 15 6 15 7 15 7 14 7 14 0 0 7 13 6 12 6 13 6 11 6 11 6 10 6 10 6 9 6 9 6 9 7 8 7 8 7 6 8 7 8 7 8 5 8 5 9 6 8 5 7 3 9 5 8 5 9 5 7 4 9 5 8 5 0 0 0 0 0 0 0 0 0 0 ],a36fd9337ec7391b,1.67023E+12,2022/12/5 15:30,example_experiment_name
CSI_DATA,STA,8C:CE:4E:9A:6D:15,-52,11,1,5,1,1,1,1,0,0,0,-88,1,6,1,21044604,0,110,0,0,21.24,384,[110 96 6 0 0 0 0 0 0 0 0 0 4 28 4 28 2 27 1 28 1 27 1 27 0 26 0 26 -1 25 -1 24 -1 25 0 24 -1 24 -1 24 -1 24 -2 22 -2 23 -2 22 -1 23 -2 22 -2 21 -2 21 -2 20 -1 20 -1 19 -1 20 0 0 -2 19 -1 18 -1 18 -1 16 -1 16 -1 15 0 15 0 14 0 14 1 13 2 13 2 13 3 12 3 12 3 12 4 12 4 11 5 12 5 12 4 12 4 11 5 11 5 11 6 12 5 11 5 12 0 0 0 0 0 0 0 0 0 0 ],a36fd9337ec7391b,1.67023E+12,2022/12/5 15:30,example_experiment_name
CSI_DATA,STA,8C:CE:4E:9A:6D:15,-50,11,1,4,1,1,1,1,0,0,0,-88,2,6,1,21070012,0,110,0,0,21.2655,384,[110 96 6 0 0 0 0 0 0 0 0 0 25 9 24 9 24 9 23 10 23 10 22 11 21 11 21 11 20 11 21 11 20 11 20 10 19 11 19 10 18 11 18 11 18 11 17 10 17 10 17 11 17 10 16 10 16 10 16 9 16 10 16 9 0 0 14 9 14 9 13 8 13 8 13 8 13 7 12 6 12 6 12 5 12 5 11 4 12 3 11 3 11 3 11 2 11 1 12 1 12 2 12 1 12 0 12 1 12 0 12 1 12 0 12 0 11 1 0 0 0 0 0 0 0 0 0 0 ],a36fd9337ec7391b,1.67023E+12,2022/12/5 15:30,example_experiment_name
CSI_DATA,STA,8C:CE:4E:9A:6D:15,-52,11,1,5,1,1,1,1,0,0,0,-88,1,6,1,21071767,0,110,0,0,21.2701,384,[110 96 6 0 0 0 0 0 0 0 0 0 20 -20 21 -20 20 -19 21 -18 21 -18 21 -17 20 -17 20 -16 20 -14 20 -15 20 -15 19 -15 19 -14 19 -14 19 -13 18 -13 19 -14 17 -13 18 -13 19 -11 17 -12 17 -12 17 -11 17 -13 17 -11 16 -12 0 0 16 -11 14 -10 14 -11 12 -10 13 -11 12 -10 12 -10 11 -10 9 -10 10 -11 9 -11 9 -12 8 -11 7 -11 7 -11 6 -12 6 -11 6 -13 6 -12 5 -13 5 -13 6 -13 6 -12 4 -13 5 -12 5 -12 0 0 0 0 0 0 0 0 0 0 ],a36fd9337ec7391b,1.67023E+12,2022/12/5 15:30,example_experiment_name
CSI_DATA,STA,8C:CE:4E:9A:6D:15,-52,11,1,5,1,1,1,1,0,0,0,-88,1,6,1,21101930,0,110,0,0,21.2974,384,[110 96 6 0 0 0 0 0 0 0 0 0 0 -28 1 -29 1 -28 2 -28 3 -27 3 -27 3 -26 4 -26 4 -25 4 -25 4 -25 4 -24 4 -24 4 -24 4 -23 4 -23 4 -23 4 -22 4 -22 4 -22 4 -21 4 -21 4 -21 3 -20 4 -20 4 -20 0 0 4 -19 3 -18 3 -18 2 -17 2 -17 2 -16 2 -15 1 -15 1 -15 0 -14 -1 -14 -1 -14 -2 -14 -2 -13 -2 -13 -3 -13 -3 -13 -4 -13 -4 -13 -4 -13 -4 -13 -5 -13 -4 -13 -5 -13 -4 -13 -4 -13 0 0 0 0 0 0 0 0 0 0 ],a36fd9337ec7391b,1.67023E+12,2022/12/5 15:30,example_experiment_name
CSI_DATA,STA,8C:CE:4E:9A:6D:15,-50,11,1,4,1,1,1,1,0,0,0,-88,4,6,1,21146674,0,110,0,0,21.3424,384,[110 96 6 0 0 0 0 0 0 0 0 0 3 29 2 30 2 28 0 28 0 28 -1 28 -1 26 -2 27 -1 26 -2 25 -1 26 -1 25 -1 25 -1 24 -2 23 -2 24 -2 23 -2 23 -2 23 -2 22 -3 22 -3 21 -2 21 -2 21 -2 20 -2 21 0 0 -2 19 -2 18 -1 18 -1 17 -1 17 -1 16 -1 15 0 15 0 14 1 14 1 14 2 13 3 13 3 13 3 13 4 12 4 12 5 12 5 12 5 12 5 12 5 12 5 12 5 12 5 11 5 11 0 0 0 0 0 0 0 0 0 0 ],a36fd9337ec7391b,1.67023E+12,2022/12/5 15:30,example_experiment_name
CSI_DATA,STA,8C:CE:4E:9A:6D:15,-52,11,1,5,1,1,1,1,0,0,0,-88,3,6,1,21161867,0,110,0,0,21.3574,384,[110 96 6 0 0 0 0 0 0 0 0 0 14 -22 15 -22 15 -21 15 -20 15 -20 15 -20 15 -19 15 -18 15 -18 15 -18 15 -17 15 -17 14 -16 14 -16 14 -16 13 -16 14 -16 13 -15 13 -16 13 -15 13 -15 12 -15 12 -15 12 -14 12 -14 11 -14 0 0 11 -13 10 -13 10 -12 9 -13 9 -13 8 -12 7 -12 7 -12 6 -12 6 -12 5 -12 4 -11 4 -11 4 -12 3 -12 2 -12 2 -12 2 -12 1 -12 1 -13 1 -12 1 -13 1 -12 1 -12 1 -12 1 -12 0 0 0 0 0 0 0 0 0 0 ],a36fd9337ec7391b,1.67023E+12,2022/12/5 15:30,example_experiment_name
CSI_DATA,STA,8C:CE:4E:9A:6D:15,-52,11,1,5,1,1,1,1,0,0,0,-88,1,6,1,21177216,0,110,0,0,21.3726,384,[110 96 6 0 0 0 0 0 0 0 0 0 15 -21 16 -20 16 -19 17 -20 16 -18 17 -18 16 -18 17 -17 16 -17 16 -16 16 -16 16 -16 16 -15 16 -15 16 -15 15 -15 15 -15 14 -14 15 -14 14 -14 14 -14 14 -14 14 -13 13 -14 13 -13 13 -13 0 0 12 -12 11 -12 11 -12 11 -12 10 -12 9 -11 8 -11 8 -11 7 -11 7 -11 6 -11 6 -11 5 -11 4 -11 4 -12 4 -11 3 -11 4 -11 3 -12 3 -12 3 -12 2 -12 2 -12 2 -12 3 -12 2 -11 0 0 0 0 0 0 0 0 0 0 ],a36fd9337ec7391b,1.67023E+12,2022/12/5 15:30,example_experiment_name
CSI_DATA,STA,8C:CE:4E:9A:6D:15,-52,11,1,5,1,1,1,1,0,0,0,-88,1,6,1,21191704,0,110,0,0,21.3871,384,[110 96 6 0 0 0 0 0 0 0 0 0 4 -29 5 -29 5 -28 6 -28 6 -27 6 -27 6 -26 7 -26 7 -25 7 -24 6 -25 7 -25 6 -23 6 -24 6 -23 6 -23 6 -23 6 -22 5 -22 6 -21 6 -21 6 -21 7 -21 5 -20 6 -20 5 -21 0 0 5 -18 4 -17 5 -18 3 -17 3 -17 3 -16 2 -17 2 -15 1 -15 1 -15 1 -15 -1 -13 -2 -14 -2 -15 -1 -12 -2 -13 -2 -11 -5 -13 -4 -13 -4 -15 -2 -14 -6 -13 -2 -14 -3 -13 -3 -12 -3 -12 0 0 0 0 0 0 0 0 0 0 ],a36fd9337ec7391b,1.67023E+12,2022/12/5 15:30,example_experiment_name
CSI_DATA,STA,8C:CE:4E:9A:6D:15,-52,11,1,5,1,1,1,1,0,0,0,-88,1,6,1,21196272,0,110,0,0,21.3921,384,[110 96 6 0 0 0 0 0 0 0 0 0 -27 8 -28 8 -27 7 -28 7 -27 6 -28 6 -27 6 -27 5 -25 5 -25 4 -26 4 -24 3 -25 3 -24 3 -24 3 -24 4 -24 3 -22 4 -23 3 -22 3 -22 3 -21 3 -21 3 -21 3 -20 2 -20 3 0 0 -19 3 -18 3 -18 3 -17 3 -17 3 -16 3 -16 4 -15 3 -14 4 -14 4 -13 5 -13 5 -12 6 -12 6 -11 6 -12 7 -11 7 -11 8 -10 8 -11 8 -11 8 -10 8 -10 8 -11 8 -11 8 -11 8 0 0 0 0 0 0 0 0 0 0 ],a36fd9337ec7391b,1.67023E+12,2022/12/5 15:30,example_experiment_name
CSI_DATA,STA,8C:CE:4E:9A:6D:15,-52,11,1,5,1,1,1,1,0,0,0,-88,1,6,1,21219202,0,110,0,0,21.4148,384,[110 96 6 0 0 0 0 0 0 0 0 0 28 -1 28 0 28 0 27 1 27 2 26 3 26 3 25 3 25 4 25 3 25 4 24 4 23 4 24 4 23 4 23 4 22 5 22 4 21 4 21 4 21 4 20 4 20 4 20 4 20 4 19 4 0 0 18 4 17 3 17 4 16 3 16 3 15 2 15 2 14 1 14 1 13 0 13 0 13 0 12 -2 13 -2 13 -3 13 -3 12 -4 11 -3 12 -4 12 -2 12 -4 12 -4 12 -3 13 -4 13 -3 11 -4 0 0 0 0 0 0 0 0 0 0 ],a36fd9337ec7391b,1.67023E+12,2022/12/5 15:30,example_experiment_name
CSI_DATA,STA,8C:CE:4E:9A:6D:15,-52,11,1,5,1,1,1,1,0,0,0,-88,3,6,1,21242778,0,110,0,0,21.4383,384,[110 96 6 0 0 0 0 0 0 0 0 0 -3 -29 -1 -28 -3 -30 0 -29 1 -27 0 -29 -1 -26 1 -27 1 -26 1 -25 1 -27 2 -26 2 -25 1 -24 1 -24 2 -23 1 -24 1 -23 2 -24 2 -22 2 -22 2 -22 1 -21 1 -21 1 -20 1 -21 0 0 1 -20 1 -18 1 -19 1 -17 1 -17 0 -17 0 -16 -1 -16 -1 -16 -2 -15 -2 -15 -3 -14 -3 -13 -4 -13 -4 -12 -6 -14 -6 -12 -5 -13 -6 -13 -5 -11 -5 -13 -7 -13 -6 -12 -4 -13 -5 -12 -6 -12 0 0 0 0 0 0 0 0 0 0 ],a36fd9337ec7391b,1.67023E+12,2022/12/5 15:30,example_experiment_name
CSI_DATA,STA,8C:CE:4E:9A:6D:15,-52,11,1,5,1,1,1,1,0,0,0,-88,1,6,1,21248004,0,110,0,0,21.4432,384,[110 96 6 0 0 0 0 0 0 0 0 0 -33 -2 -32 -3 -32 -3 -32 -4 -31 -5 -31 -5 -29 -5 -29 -6 -29 -6 -29 -6 -28 -6 -27 -6 -28 -6 -28 -5 -27 -6 -26 -5 -26 -6 -26 -5 -26 -5 -25 -6 -25 -6 -24 -6 -24 -6 -23 -4 -23 -5 -23 -5 0 0 -22 -5 -21 -4 -20 -3 -20 -3 -19 -3 -19 -3 -18 -3 -17 -2 -17 -1 -16 -1 -16 1 -15 0 -15 1 -15 2 -15 3 -15 3 -15 4 -15 3 -15 5 -14 4 -14 4 -15 5 -15 5 -14 4 -14 4 -14 4 0 0 0 0 0 0 0 0 0 0 ],a36fd9337ec7391b,1.67023E+12,2022/12/5 15:30,example_experiment_name
CSI_DATA,STA,8C:CE:4E:9A:6D:15,-52,11,1,5,1,1,1,1,0,0,0,-88,1,6,1,21260247,0,110,0,0,21.4557,384,[110 96 6 0 0 0 0 0 0 0 0 0 -27 -14 -25 -15 -25 -14 -24 -15 -24 -16 -23 -16 -23 -15 -22 -16 -21 -14 -21 -15 -21 -16 -20 -16 -20 -15 -20 -15 -20 -15 -19 -13 -19 -13 -19 -14 -19 -14 -19 -13 -18 -14 -18 -13 -18 -14 -18 -13 -17 -13 -16 -13 0 0 -16 -12 -16 -11 -15 -10 -15 -10 -14 -9 -14 -9 -14 -8 -14 -8 -13 -5 -14 -7 -14 -6 -13 -5 -13 -4 -13 -3 -13 -3 -14 -3 -13 -3 -13 -2 -14 -1 -14 -1 -14 -1 -14 -1 -14 -2 -14 -1 -13 -1 -13 -2 0 0 0 0 0 0 0 0 0 0 ],a36fd9337ec7391b,1.67023E+12,2022/12/5 15:30,example_experiment_name
CSI_DATA,STA,8C:CE:4E:9A:6D:15,-52,11,1,5,1,1,1,1,0,0,0,-88,1,6,1,21277590,0,110,0,0,21.473,384,[110 96 6 0 0 0 0 0 0 0 0 0 7 -28 8 -28 8 -27 9 -27 8 -26 9 -26 9 -25 9 -25 10 -25 9 -24 9 -23 9 -23 9 -23 9 -23 9 -23 9 -22 9 -22 8 -21 8 -22 8 -20 8 -21 8 -20 8 -20 7 -20 7 -19 7 -19 0 0 7 -18 6 -17 6 -17 5 -17 5 -17 4 -16 4 -15 4 -15 3 -14 2 -14 1 -14 0 -14 0 -14 0 -14 -1 -14 -2 -13 -2 -13 -2 -13 -3 -13 -3 -14 -3 -14 -4 -14 -2 -14 -3 -13 -3 -13 -3 -13 0 0 0 0 0 0 0 0 0 0 ],a36fd9337ec7391b,1.67023E+12,2022/12/5 15:30,example_experiment_name
CSI_DATA,STA,8C:CE:4E:9A:6D:15,-50,11,1,4,1,1,1,1,0,0,0,-88,1,6,1,21279445,0,110,0,0,21.4776,384,[110 96 6 0 0 0 0 0 0 0 0 0 -24 12 -24 11 -24 10 -24 10 -24 9 -24 8 -24 8 -24 8 -23 7 -23 7 -22 7 -22 7 -22 6 -22 7 -21 6 -21 6 -21 6 -20 6 -21 6 -20 6 -20 5 -19 5 -19 5 -19 6 -18 6 -18 6 0 0 -17 5 -17 5 -16 5 -15 5 -15 5 -14 5 -13 5 -13 5 -12 6 -12 6 -11 7 -11 6 -10 7 -10 7 -10 8 -9 8 -9 9 -9 8 -8 9 -9 9 -8 9 -8 9 -8 9 -8 9 -8 9 -8 9 0 0 0 0 0 0 0 0 0 0 ],a36fd9337ec7391b,1.67023E+12,2022/12/5 15:30,example_experiment_name
CSI_DATA,STA,8C:CE:4E:9A:6D:15,-52,11,1,5,1,1,1,1,0,0,0,-88,1,6,1,21297402,0,110,0,0,21.4929,384,[110 96 6 0 0 0 0 0 0 0 0 0 -21 -21 -20 -21 -19 -21 -18 -21 -18 -21 -17 -22 -17 -21 -16 -21 -15 -21 -16 -20 -16 -21 -15 -21 -14 -20 -15 -20 -14 -20 -14 -20 -13 -19 -14 -19 -14 -19 -13 -19 -13 -19 -12 -18 -12 -18 -13 -17 -12 -17 -11 -17 0 0 -12 -16 -11 -15 -11 -14 -11 -13 -10 -14 -11 -13 -11 -12 -11 -12 -10 -11 -11 -10 -11 -9 -11 -9 -11 -8 -11 -8 -11 -7 -12 -7 -12 -7 -12 -7 -12 -6 -12 -6 -13 -6 -13 -6 -13 -6 -13 -5 -13 -6 -12 -6 0 0 0 0 0 0 0 0 0 0 ],a36fd9337ec7391b,1.67023E+12,2022/12/5 15:30,example_experiment_name
CSI_DATA,STA,8C:CE:4E:9A:6D:15,-52,11,1,5,1,1,1,1,0,0,0,-88,2,6,1,21316310,0,110,0,0,21.5127,384,[110 96 6 0 0 0 0 0 0 0 0 0 -3 -28 -4 -27 -2 -26 -2 -28 -1 -27 0 -27 0 -26 1 -26 1 -25 1 -24 2 -25 2 -24 2 -23 1 -23 2 -24 2 -23 2 -23 1 -21 2 -23 2 -21 2 -21 2 -21 2 -20 2 -20 2 -19 2 -19 0 0 2 -19 2 -18 2 -17 2 -17 1 -16 0 -16 0 -15 0 -14 -2 -14 -2 -14 -1 -14 -2 -14 -3 -13 -3 -13 -3 -12 -4 -13 -4 -12 -5 -12 -5 -12 -5 -13 -5 -12 -5 -12 -4 -13 -5 -12 -5 -13 -5 -12 0 0 0 0 0 0 0 0 0 0 ],a36fd9337ec7391b,1.67023E+12,2022/12/5 15:30,example_experiment_name
CSI_DATA,STA,8C:CE:4E:9A:6D:15,-52,11,1,5,1,1,1,1,0,0,0,-88,2,6,1,21342878,0,110,0,0,21.5384,384,[110 96 6 0 0 0 0 0 0 0 0 0 13 -26 12 -26 13 -25 14 -24 14 -24 14 -23 15 -22 14 -22 14 -21 14 -21 14 -21 13 -21 14 -20 14 -20 14 -20 13 -19 13 -19 13 -19 13 -18 13 -18 13 -18 12 -18 12 -17 11 -17 12 -17 11 -17 0 0 11 -16 10 -15 9 -15 9 -14 8 -15 8 -14 7 -14 7 -13 6 -13 6 -13 4 -13 4 -13 3 -13 3 -13 2 -13 2 -14 1 -12 1 -15 1 -13 1 -14 1 -15 1 -13 1 -14 1 -14 1 -14 1 -13 0 0 0 0 0 0 0 0 0 0 ],a36fd9337ec7391b,1.67023E+12,2022/12/5 15:30,example_experiment_name
CSI_DATA,STA,8C:CE:4E:9A:6D:15,-52,11,1,5,1,1,1,1,0,0,0,-88,1,6,1,21346914,0,110,0,0,21.5433,384,[110 96 6 0 0 0 0 0 0 0 0 0 28 1 28 2 28 2 26 2 27 3 26 3 26 3 25 4 25 3 25 5 24 4 23 4 23 5 23 4 22 4 23 4 22 4 22 4 21 4 21 4 21 4 21 4 20 4 20 4 19 4 19 3 0 0 18 3 17 3 17 3 17 2 15 1 15 1 14 1 14 1 14 1 13 0 13 -1 13 -1 12 -2 12 -2 12 -3 13 -3 12 -4 12 -5 12 -5 12 -5 12 -5 12 -5 11 -5 11 -5 12 -5 11 -5 0 0 0 0 0 0 0 0 0 0 ],a36fd9337ec7391b,1.67023E+12,2022/12/5 15:30,example_experiment_name
CSI_DATA,STA,8C:CE:4E:9A:6D:15,-52,11,1,5,1,1,1,1,0,0,0,-88,1,6,1,21367210,0,110,0,0,21.5626,384,[110 96 6 0 0 0 0 0 0 0 0 0 10 -27 11 -27 11 -26 12 -25 12 -24 12 -24 12 -23 13 -23 13 -22 12 -23 12 -23 11 -22 11 -22 11 -21 12 -20 12 -20 12 -20 12 -20 11 -19 11 -19 11 -19 11 -18 10 -18 10 -19 9 -18 10 -18 0 0 10 -17 8 -16 8 -15 8 -16 7 -14 7 -14 6 -14 5 -13 5 -14 4 -13 4 -13 3 -13 2 -13 1 -13 2 -13 1 -14 0 -13 0 -13 0 -13 0 -14 0 -14 0 -14 -1 -14 -2 -14 -1 -14 0 -13 0 0 0 0 0 0 0 0 0 0 ],a36fd9337ec7391b,1.67023E+12,2022/12/5 15:30,example_experiment_name
CSI_DATA,STA,8C:CE:4E:9A:6D:15,-50,11,1,4,1,1,1,1,0,0,0,-88,1,6,1,21369317,0,110,0,0,21.5676,384,[110 96 6 0 0 0 0 0 0 0 0 0 26 -14 26 -14 25 -12 26 -11 26 -10 26 -10 25 -9 25 -9 25 -9 24 -9 24 -8 24 -9 23 -8 23 -8 23 -8 22 -7 22 -7 21 -7 22 -7 21 -7 21 -6 21 -7 19 -7 20 -7 19 -7 19 -7 0 0 18 -6 18 -6 17 -6 16 -6 16 -6 16 -5 15 -6 14 -6 13 -6 12 -7 12 -8 11 -7 11 -8 10 -9 10 -8 10 -9 9 -9 10 -10 9 -9 9 -10 9 -10 9 -10 9 -10 9 -10 8 -11 8 -10 0 0 0 0 0 0 0 0 0 0 ],a36fd9337ec7391b,1.67023E+12,2022/12/5 15:30,example_experiment_name
CSI_DATA,STA,8C:CE:4E:9A:6D:15,-52,11,1,5,1,1,1,1,0,0,0,-88,1,6,1,21401308,0,110,0,0,21.5968,384,[110 96 6 0 0 0 0 0 0 0 0 0 -14 25 -14 24 -15 24 -15 23 -15 23 -15 22 -15 21 -15 21 -15 20 -16 20 -16 20 -15 19 -15 19 -15 18 -14 18 -15 18 -14 18 -14 18 -14 17 -14 17 -14 16 -14 16 -14 16 -13 16 -13 15 -13 15 0 0 -12 14 -12 15 -11 13 -11 13 -11 13 -9 12 -9 13 -9 12 -8 12 -8 12 -7 12 -6 12 -5 11 -5 11 -4 13 -3 13 -4 13 -3 12 -3 13 -3 12 -2 12 -3 12 -3 13 -2 13 -3 13 -3 12 0 0 0 0 0 0 0 0 0 0 ],a36fd9337ec7391b,1.67023E+12,2022/12/5 15:30,example_experiment_name
CSI_DATA,STA,8C:CE:4E:9A:6D:15,-52,11,1,5,1,1,1,1,0,0,0,-88,2,6,1,21402714,0,110,0,0,21.6018,384,[110 96 6 0 0 0 0 0 0 0 0 0 0 -29 0 -29 1 -28 2 -28 2 -28 3 -27 3 -27 3 -26 3 -25 4 -25 3 -25 3 -25 4 -25 3 -24 3 -24 4 -24 3 -23 3 -23 3 -23 3 -22 3 -22 3 -22 3 -21 3 -21 3 -21 3 -20 0 0 2 -20 2 -18 2 -18 2 -18 1 -17 1 -17 0 -16 0 -15 -1 -15 -2 -14 -2 -14 -2 -14 -3 -14 -3 -13 -3 -13 -4 -13 -4 -13 -5 -12 -5 -13 -5 -13 -6 -13 -6 -13 -6 -13 -6 -12 -5 -13 -6 -12 0 0 0 0 0 0 0 0 0 0 ],a36fd9337ec7391b,1.67023E+12,2022/12/5 15:30,example_experiment_name
CSI_DATA,STA,8C:CE:4E:9A:6D:15,-52,11,1,5,1,1,1,1,0,0,0,-88,1,6,1,21425502,0,110,0,0,21.6211,384,[110 96 6 0 0 0 0 0 0 0 0 0 -25 -13 -25 -14 -25 -14 -24 -15 -23 -15 -23 -15 -23 -15 -22 -16 -21 -15 -21 -16 -21 -15 -19 -16 -20 -15 -19 -15 -18 -15 -19 -14 -18 -14 -19 -13 -18 -14 -18 -13 -17 -14 -17 -13 -17 -13 -16 -12 -16 -13 -16 -12 0 0 -15 -11 -15 -12 -14 -10 -15 -11 -14 -9 -13 -9 -14 -9 -14 -9 -14 -7 -12 -6 -13 -5 -13 -6 -12 -4 -12 -5 -13 -4 -13 -3 -14 -2 -13 -2 -14 -1 -14 -2 -13 -1 -13 -2 -14 -1 -13 -2 -13 -2 -13 -2 0 0 0 0 0 0 0 0 0 0 ],a36fd9337ec7391b,1.67023E+12,2022/12/5 15:30,example_experiment_name
CSI_DATA,STA,8C:CE:4E:9A:6D:15,-52,11,1,5,1,1,1,1,0,0,0,-88,1,6,1,21431912,0,110,0,0,21.6269,384,[110 96 6 0 0 0 0 0 0 0 0 0 18 21 18 22 16 21 16 22 15 21 15 23 14 22 14 22 13 22 13 21 12 21 11 21 12 21 12 20 11 20 11 20 11 20 11 19 10 20 10 19 10 19 10 18 10 18 10 18 9 18 9 17 0 0 9 16 9 16 8 15 8 14 8 14 8 14 8 12 8 12 8 11 8 10 8 10 9 9 9 9 9 9 9 8 9 7 10 7 10 7 10 7 10 6 11 7 10 6 11 6 10 6 10 6 10 6 0 0 0 0 0 0 0 0 0 0 ],a36fd9337ec7391b,1.67023E+12,2022/12/5 15:30,example_experiment_name
CSI_DATA,STA,8C:CE:4E:9A:6D:15,-52,11,1,5,1,1,1,1,0,0,0,-88,1,6,1,21440325,0,110,0,0,21.6356,384,[110 96 6 0 0 0 0 0 0 0 0 0 25 12 23 13 24 13 23 13 23 13 22 13 22 13 21 14 20 13 20 14 20 13 19 13 19 12 19 13 19 13 18 13 18 12 18 12 18 12 17 12 17 12 16 12 17 11 16 11 16 11 16 10 0 0 15 10 15 9 14 9 14 8 14 8 13 7 13 7 12 6 12 6 12 5 12 4 12 4 12 3 12 2 12 2 12 1 12 1 12 1 13 1 13 0 13 0 13 0 13 0 13 0 12 0 12 0 0 0 0 0 0 0 0 0 0 0 ],a36fd9337ec7391b,1.67023E+12,2022/12/5 15:30,example_experiment_name
CSI_DATA,STA,8C:CE:4E:9A:6D:15,-52,11,1,5,1,1,1,1,0,0,0,-88,2,6,1,21458496,0,110,0,0,21.6539,384,[110 96 6 0 0 0 0 0 0 0 0 0 17 -22 18 -22 19 -20 18 -21 19 -19 17 -21 19 -19 18 -18 19 -15 18 -18 17 -18 17 -16 18 -15 17 -16 17 -16 18 -16 18 -15 17 -16 16 -14 16 -14 16 -14 15 -14 15 -13 15 -14 14 -14 15 -13 0 0 14 -12 14 -12 13 -11 12 -12 12 -11 11 -11 10 -11 10 -12 10 -12 9 -11 8 -12 7 -11 6 -12 6 -12 6 -11 6 -12 5 -12 5 -12 5 -12 5 -12 5 -12 5 -13 4 -13 3 -13 4 -13 4 -12 0 0 0 0 0 0 0 0 0 0 ],a36fd9337ec7391b,1.67023E+12,2022/12/5 15:30,example_experiment_name
CSI_DATA,STA,8C:CE:4E:9A:6D:15,-52,11,1,5,1,1,1,1,0,0,0,-88,1,6,1,21464279,0,110,0,0,21.6593,384,[110 96 6 0 0 0 0 0 0 0 0 0 17 -22 19 -22 18 -20 19 -20 18 -19 19 -20 19 -18 19 -18 19 -18 18 -17 19 -17 18 -17 18 -16 18 -16 18 -16 17 -16 17 -15 16 -15 17 -15 17 -15 16 -14 16 -14 15 -14 15 -14 15 -14 15 -14 0 0 14 -13 13 -12 12 -13 12 -12 12 -12 11 -12 10 -12 9 -12 9 -12 9 -11 7 -12 7 -12 6 -11 6 -12 5 -12 5 -13 4 -12 5 -13 4 -13 5 -13 5 -13 3 -13 4 -13 3 -13 3 -13 3 -13 0 0 0 0 0 0 0 0 0 0 ],a36fd9337ec7391b,1.67023E+12,2022/12/5 15:30,example_experiment_name
CSI_DATA,STA,8C:CE:4E:9A:6D:15,-52,11,1,5,1,1,1,1,0,0,0,-88,1,6,1,21476790,0,110,0,0,21.6721,384,[110 96 6 0 0 0 0 0 0 0 0 0 27 7 26 7 26 8 26 8 26 9 25 9 25 9 24 9 23 9 23 9 23 10 22 9 22 9 22 9 21 9 21 9 21 9 20 8 20 9 20 8 20 9 19 8 19 8 19 8 18 8 18 8 0 0 17 7 16 7 16 6 16 5 15 5 15 4 14 4 14 3 14 3 13 3 14 2 13 1 13 1 13 -1 13 0 13 0 13 -2 12 -2 13 -2 13 -2 12 -3 12 -2 13 -3 13 -3 12 -2 12 -3 0 0 0 0 0 0 0 0 0 0 ],a36fd9337ec7391b,1.67023E+12,2022/12/5 15:30,example_experiment_name
CSI_DATA,STA,8C:CE:4E:9A:6D:15,-52,11,1,5,1,1,1,1,0,0,0,-88,1,6,1,21489294,0,110,0,0,21.6849,384,[110 96 6 0 0 0 0 0 0 0 0 0 -5 27 -6 27 -6 27 -7 27 -7 26 -7 26 -8 25 -8 25 -8 24 -8 24 -7 23 -8 23 -8 22 -7 23 -8 22 -7 22 -7 22 -7 21 -7 21 -7 20 -8 20 -7 20 -7 19 -6 20 -6 19 -7 19 0 0 -6 18 -6 17 -5 17 -5 16 -4 16 -5 15 -4 14 -3 14 -3 14 -2 13 -1 13 -1 13 0 12 0 13 1 12 1 13 2 12 2 12 2 13 2 13 2 13 2 12 3 13 3 12 3 12 2 12 0 0 0 0 0 0 0 0 0 0 ],a36fd9337ec7391b,1.67023E+12,2022/12/5 15:30,example_experiment_name
CSI_DATA,STA,8C:CE:4E:9A:6D:15,-52,11,1,5,1,1,1,1,0,0,0,-88,1,6,1,21505534,0,110,0,0,21.7009,384,[110 96 6 0 0 0 0 0 0 0 0 0 11 -27 12 -26 12 -25 12 -25 12 -24 12 -24 12 -24 13 -23 13 -22 12 -22 12 -22 12 -22 12 -21 12 -21 12 -21 12 -20 12 -20 11 -20 11 -19 11 -19 11 -19 11 -19 11 -18 10 -18 10 -18 10 -18 0 0 9 -17 9 -16 9 -16 8 -15 7 -15 7 -15 6 -14 6 -14 5 -14 4 -14 4 -13 3 -13 2 -13 2 -14 2 -13 1 -14 0 -13 0 -13 0 -14 0 -14 0 -14 -1 -14 0 -14 -1 -13 -1 -14 -1 -13 0 0 0 0 0 0 0 0 0 0 ],a36fd9337ec7391b,1.67023E+12,2022/12/5 15:30,example_experiment_name
CSI_DATA,STA,8C:CE:4E:9A:6D:15,-52,11,1,5,1,1,1,1,0,0,0,-88,1,6,1,21512167,0,110,0,0,21.7087,384,[110 96 6 0 0 0 0 0 0 0 0 0 15 26 15 27 14 26 13 26 12 25 12 25 12 25 11 25 11 24 11 24 10 24 9 24 9 24 9 24 9 23 9 22 9 23 8 22 8 22 9 22 9 22 9 20 8 20 8 20 7 20 7 19 0 0 8 19 7 18 7 17 7 16 7 15 7 15 8 14 8 14 8 14 7 12 8 12 8 12 9 10 9 10 9 9 11 9 10 8 10 8 11 8 10 9 11 7 11 8 11 8 11 7 11 8 11 7 0 0 0 0 0 0 0 0 0 0 ],a36fd9337ec7391b,1.67023E+12,2022/12/5 15:30,example_experiment_name
CSI_DATA,STA,8C:CE:4E:9A:6D:15,-52,11,1,5,1,1,1,1,0,0,0,-88,1,6,1,21535940,0,110,0,0,21.7314,384,[110 96 6 0 0 0 0 0 0 0 0 0 -23 -18 -23 -19 -22 -18 -22 -18 -21 -18 -21 -19 -20 -19 -19 -19 -19 -19 -18 -18 -19 -18 -18 -18 -18 -17 -18 -17 -17 -17 -17 -17 -17 -17 -16 -16 -16 -16 -16 -16 -16 -16 -15 -16 -15 -15 -16 -15 -15 -15 -15 -14 0 0 -14 -13 -13 -13 -13 -12 -13 -11 -13 -11 -13 -11 -12 -10 -13 -9 -12 -9 -12 -8 -12 -7 -12 -7 -13 -6 -13 -5 -13 -5 -13 -5 -13 -4 -13 -4 -13 -3 -13 -3 -13 -3 -13 -3 -13 -3 -13 -2 -14 -3 -13 -3 0 0 0 0 0 0 0 0 0 0 ],a36fd9337ec7391b,1.67023E+12,2022/12/5 15:30,example_experiment_name
CSI_DATA,STA,8C:CE:4E:9A:6D:15,-52,11,1,5,1,1,1,1,0,0,0,-88,1,6,1,21540554,0,110,0,0,21.7367,384,[110 96 6 0 0 0 0 0 0 0 0 0 -4 -29 -3 -29 -3 -27 -2 -28 -1 -27 -1 -28 -1 -27 -1 -26 -1 -26 0 -25 0 -26 1 -25 1 -25 1 -25 0 -25 0 -24 0 -24 0 -22 0 -23 1 -23 1 -22 0 -22 0 -21 0 -21 0 -20 0 -21 0 0 0 -19 0 -18 0 -18 -1 -17 -1 -17 -1 -17 -2 -16 -2 -15 -2 -14 -3 -14 -3 -14 -4 -13 -4 -13 -5 -13 -5 -13 -5 -13 -6 -12 -7 -13 -7 -12 -7 -12 -7 -12 -7 -12 -7 -12 -7 -12 -7 -12 -7 -12 0 0 0 0 0 0 0 0 0 0 ],a36fd9337ec7391b,1.67023E+12,2022/12/5 15:30,example_experiment_name
CSI_DATA,STA,8C:CE:4E:9A:6D:15,-50,11,1,4,1,1,1,1,0,0,0,-88,1,6,1,21542282,0,110,0,0,21.7411,384,[110 96 6 0 0 0 0 0 0 0 0 0 9 -28 10 -28 10 -27 11 -27 11 -26 12 -26 12 -25 12 -24 12 -24 12 -23 12 -24 12 -23 12 -23 11 -22 12 -22 11 -21 11 -21 11 -20 11 -21 11 -20 11 -19 11 -19 11 -19 10 -19 10 -19 9 -18 0 0 10 -17 9 -16 9 -16 8 -16 7 -16 7 -15 7 -14 6 -15 5 -14 4 -14 3 -14 3 -14 2 -14 2 -14 1 -14 1 -14 1 -13 0 -14 0 -13 0 -14 0 -14 -1 -14 0 -14 -1 -14 -1 -14 -1 -13 0 0 0 0 0 0 0 0 0 0 ],a36fd9337ec7391b,1.67023E+12,2022/12/5 15:30,example_experiment_name
CSI_DATA,STA,8C:CE:4E:9A:6D:15,-51,11,1,5,1,1,1,1,0,0,0,-88,2,6,1,21563805,0,110,0,0,21.7592,384,[110 96 6 0 0 0 0 0 0 0 0 0 -8 -25 -8 -26 -7 -25 -7 -26 -5 -24 -5 -24 -6 -24 -4 -24 -6 -24 -5 -23 -4 -23 -4 -21 -4 -24 -4 -23 -3 -23 -2 -22 -3 -22 -4 -20 -3 -21 -3 -21 -3 -20 -3 -19 -3 -19 -3 -19 -3 -19 -4 -19 0 0 -3 -17 -3 -16 -3 -17 -3 -15 -4 -16 -4 -15 -4 -14 -4 -13 -4 -13 -4 -12 -5 -12 -5 -12 -6 -11 -7 -11 -6 -11 -7 -11 -7 -10 -8 -10 -8 -10 -8 -10 -8 -10 -8 -9 -8 -10 -8 -10 -8 -10 -8 -10 0 0 0 0 0 0 0 0 0 0 ],a36fd9337ec7391b,1.67023E+12,2022/12/5 15:30,example_experiment_name
CSI_DATA,STA,8C:CE:4E:9A:6D:15,-52,11,1,5,1,1,1,1,0,0,0,-88,1,6,1,21582166,0,110,0,0,21.7775,384,[110 96 6 0 0 0 0 0 0 0 0 0 -5 28 -5 28 -6 27 -7 27 -7 26 -7 26 -7 25 -8 25 -8 24 -8 24 -8 23 -8 23 -8 23 -8 23 -8 22 -8 22 -8 22 -7 21 -7 21 -8 20 -8 20 -7 20 -7 19 -7 20 -7 19 -7 19 0 0 -7 18 -6 17 -6 16 -5 15 -5 15 -5 15 -3 15 -4 15 -3 14 -3 14 -2 13 -2 13 -1 13 1 13 1 12 1 12 2 13 2 12 2 13 2 13 2 12 3 13 3 12 3 12 2 12 2 11 0 0 0 0 0 0 0 0 0 0 ],a36fd9337ec7391b,1.67023E+12,2022/12/5 15:30,example_experiment_name
CSI_DATA,STA,8C:CE:4E:9A:6D:15,-52,11,1,5,1,1,1,1,0,0,0,-88,1,6,1,21584462,0,110,0,0,21.782,384,[110 96 6 0 0 0 0 0 0 0 0 0 -29 4 -29 3 -28 3 -28 1 -28 1 -27 1 -27 1 -27 0 -26 0 -26 0 -26 -1 -25 -2 -25 -2 -25 -1 -24 -1 -24 0 -24 0 -23 0 -23 -1 -23 0 -22 -1 -22 -1 -21 -1 -21 -1 -21 -1 -20 -1 0 0 -20 0 -19 0 -18 0 -17 0 -18 1 -17 1 -15 2 -15 1 -15 1 -14 3 -14 2 -14 3 -13 3 -13 4 -13 5 -13 5 -11 5 -12 6 -11 7 -12 6 -12 6 -11 6 -12 7 -12 7 -11 6 -12 6 0 0 0 0 0 0 0 0 0 0 ],a36fd9337ec7391b,1.67023E+12,2022/12/5 15:30,example_experiment_name
CSI_DATA,STA,8C:CE:4E:9A:6D:15,-50,11,1,4,1,1,1,1,0,0,0,-88,1,6,1,21600778,0,110,0,0,21.7962,384,[110 96 6 0 0 0 0 0 0 0 0 0 12 23 11 23 10 22 11 23 10 23 8 23 8 23 7 23 6 22 7 22 7 21 7 21 7 21 7 20 6 20 5 20 5 20 5 20 5 20 5 20 4 20 4 19 4 18 4 17 5 18 5 17 0 0 4 16 5 16 4 16 4 14 4 15 3 13 3 13 5 12 5 11 6 11 6 10 5 10 6 9 7 9 6 9 7 7 7 9 9 9 6 9 7 9 5 9 9 6 7 7 5 6 7 9 10 7 0 0 0 0 0 0 0 0 0 0 ],a36fd9337ec7391b,1.67023E+12,2022/12/5 15:30,example_experiment_name
CSI_DATA,STA,8C:CE:4E:9A:6D:15,-51,11,1,5,1,1,1,1,0,0,0,-88,1,6,1,21610688,0,110,0,0,21.806,384,[110 96 6 0 0 0 0 0 0 0 0 0 -14 21 -15 21 -15 20 -15 20 -15 19 -16 19 -15 18 -16 18 -16 17 -15 17 -15 17 -15 16 -15 16 -15 16 -15 16 -14 15 -14 16 -14 15 -14 14 -14 14 -14 14 -13 15 -13 13 -12 14 -13 13 -12 13 0 0 -12 12 -11 13 -10 12 -9 11 -9 11 -9 10 -8 10 -8 11 -9 11 -6 9 -6 12 -5 11 -5 10 -4 11 -4 11 -3 11 -3 11 -3 11 -3 11 -2 11 -3 11 -2 11 -3 11 -2 11 -2 11 -3 11 0 0 0 0 0 0 0 0 0 0 ],a36fd9337ec7391b,1.67023E+12,2022/12/5 15:30,example_experiment_name
CSI_DATA,STA,8C:CE:4E:9A:6D:15,-53,11,1,6,1,1,1,1,0,0,0,-88,2,6,1,21638254,0,110,0,0,21.8339,384,[110 96 6 0 0 0 0 0 0 0 0 0 -10 -28 -9 -28 -8 -28 -8 -27 -7 -27 -6 -26 -6 -26 -5 -26 -5 -26 -5 -25 -5 -26 -5 -25 -5 -24 -5 -24 -5 -24 -5 -23 -4 -23 -5 -23 -4 -22 -4 -23 -3 -22 -4 -22 -4 -21 -4 -21 -4 -20 -3 -20 0 0 -3 -19 -4 -19 -4 -18 -4 -17 -4 -17 -4 -16 -4 -15 -4 -16 -4 -13 -6 -13 -6 -12 -7 -13 -7 -12 -7 -12 -7 -12 -8 -11 -8 -11 -9 -11 -9 -11 -9 -11 -9 -11 -10 -10 -9 -11 -9 -10 -10 -10 -9 -11 0 0 0 0 0 0 0 0 0 0 ],a36fd9337ec7391b,1.67023E+12,2022/12/5 15:31,example_experiment_name
CSI_DATA,STA,8C:CE:4E:9A:6D:15,-53,11,1,6,1,1,1,1,0,0,0,-88,2,6,1,21658696,0,110,0,0,21.8541,384,[110 96 6 0 0 0 0 0 0 0 0 0 -26 1 -26 0 -26 -1 -26 -1 -25 -1 -24 -2 -24 -2 -24 -2 -23 -3 -22 -3 -23 -3 -22 -3 -22 -3 -22 -3 -22 -4 -21 -3 -21 -3 -20 -3 -20 -4 -20 -3 -20 -3 -20 -4 -19 -3 -19 -3 -19 -3 -19 -3 0 0 -17 -3 -16 -2 -16 -3 -16 -2 -15 -1 -14 -2 -14 -1 -14 -2 -13 -1 -13 0 -13 1 -12 1 -13 2 -12 2 -12 2 -12 2 -12 3 -12 3 -12 4 -12 3 -12 4 -12 3 -12 3 -11 4 -12 4 -11 3 0 0 0 0 0 0 0 0 0 0 ],a36fd9337ec7391b,1.67023E+12,2022/12/5 15:31,example_experiment_name
CSI_DATA,STA,8C:CE:4E:9A:6D:15,-52,11,1,5,1,1,1,1,0,0,0,-88,1,6,1,21666448,0,110,0,0,21.8619,384,[110 96 6 0 0 0 0 0 0 0 0 0 24 7 25 7 22 7 24 8 22 8 22 8 22 9 22 9 20 9 20 8 19 8 20 9 19 9 19 9 19 9 18 9 18 9 17 8 18 8 17 9 17 8 16 8 16 8 16 8 16 7 16 7 0 0 15 7 14 7 14 6 13 5 13 5 13 5 12 5 12 4 11 4 11 3 11 3 11 3 11 2 11 1 10 0 11 0 11 0 11 -1 11 -1 10 -2 12 0 11 -1 11 1 11 -1 12 0 11 -2 0 0 0 0 0 0 0 0 0 0 ],a36fd9337ec7391b,1.67023E+12,2022/12/5 15:31,example_experiment_name
CSI_DATA,STA,8C:CE:4E:9A:6D:15,-52,11,1,5,1,1,1,1,0,0,0,-88,1,6,1,21688041,0,110,0,0,21.8835,384,[110 96 6 0 0 0 0 0 0 0 0 0 27 -6 27 -5 27 -5 27 -3 26 -3 26 -2 25 -3 25 -2 25 -2 25 -1 24 0 24 0 24 0 23 0 22 -1 23 0 22 -1 22 -1 22 0 22 0 21 0 20 0 21 0 20 0 19 1 19 0 0 0 18 0 17 0 17 0 16 -1 16 0 15 -1 15 -1 14 -2 13 -2 13 -2 13 -3 12 -3 12 -4 12 -3 11 -4 11 -5 11 -5 12 -6 11 -6 11 -6 11 -6 10 -7 11 -6 11 -7 11 -6 11 -6 0 0 0 0 0 0 0 0 0 0 ],a36fd9337ec7391b,1.67023E+12,2022/12/5 15:31,example_experiment_name
CSI_DATA,STA,8C:CE:4E:9A:6D:15,-50,11,1,4,1,1,1,1,0,0,0,-88,3,6,1,21720771,0,110,0,0,21.9165,384,[110 96 6 0 0 0 0 0 0 0 0 0 -16 -22 -14 -23 -14 -22 -13 -23 -13 -23 -12 -23 -11 -22 -12 -22 -11 -22 -11 -21 -10 -21 -10 -21 -10 -21 -10 -21 -10 -21 -10 -20 -9 -20 -9 -19 -9 -19 -9 -19 -8 -19 -9 -19 -8 -18 -9 -18 -8 -17 -8 -17 0 0 -8 -17 -8 -16 -7 -16 -7 -14 -7 -14 -7 -14 -7 -13 -7 -12 -8 -11 -9 -10 -8 -10 -8 -10 -9 -9 -9 -9 -9 -9 -10 -8 -9 -8 -10 -8 -10 -7 -10 -8 -11 -8 -10 -7 -11 -7 -11 -7 -10 -7 -10 -7 0 0 0 0 0 0 0 0 0 0 ],a36fd9337ec7391b,1.67023E+12,2022/12/5 15:31,example_experiment_name
CSI_DATA,STA,8C:CE:4E:9A:6D:15,-53,11,1,6,1,1,1,1,0,0,0,-88,1,6,1,21729777,0,110,0,0,21.925,384,[110 96 6 0 0 0 0 0 0 0 0 0 -7 28 -9 28 -9 26 -9 26 -9 25 -10 25 -10 24 -11 24 -11 23 -10 23 -10 23 -10 22 -11 22 -10 22 -11 21 -10 21 -11 21 -10 20 -10 21 -10 20 -10 19 -10 18 -10 18 -9 18 -9 18 -9 18 0 0 -9 17 -8 16 -8 16 -7 15 -7 15 -7 15 -6 14 -6 13 -5 14 -4 12 -4 13 -3 13 -2 12 -2 12 -2 13 -1 13 0 12 0 13 0 13 -1 13 0 13 0 13 1 13 1 12 0 12 0 12 0 0 0 0 0 0 0 0 0 0 ],a36fd9337ec7391b,1.67023E+12,2022/12/5 15:31,example_experiment_name
CSI_DATA,STA,8C:CE:4E:9A:6D:15,-53,11,1,6,1,1,1,1,0,0,0,-88,2,6,1,21760630,0,110,0,0,21.9561,384,[110 96 6 0 0 0 0 0 0 0 0 0 26 12 25 13 25 12 24 13 23 13 22 13 22 14 21 14 20 15 21 15 20 14 20 14 20 14 19 13 19 14 18 13 18 14 17 13 17 13 17 14 16 13 17 14 16 13 16 12 15 13 15 11 0 0 14 12 14 11 14 11 13 10 13 8 12 9 12 8 13 8 12 7 12 6 12 5 12 5 11 4 12 4 11 3 12 3 12 3 12 2 12 2 12 3 13 2 12 2 13 2 12 2 13 2 12 2 0 0 0 0 0 0 0 0 0 0 ],a36fd9337ec7391b,1.67023E+12,2022/12/5 15:31,example_experiment_name
CSI_DATA,STA,8C:CE:4E:9A:6D:15,-53,11,1,6,1,1,1,1,0,0,0,-88,2,6,1,21764711,0,110,0,0,21.9608,384,[110 96 6 0 0 0 0 0 0 0 0 0 -2 -24 0 -24 -2 -22 1 -23 2 -21 1 -24 5 -23 2 -24 2 -22 2 -20 4 -21 3 -20 3 -20 2 -19 0 -20 3 -19 1 -19 2 -18 2 -20 3 -18 2 -18 2 -18 2 -16 1 -17 2 -17 2 -17 0 0 1 -16 1 -15 1 -15 -1 -16 0 -14 1 -14 0 -13 1 -11 0 -12 -1 -12 -2 -12 -3 -11 -3 -11 -3 -11 -3 -11 -6 -10 -4 -10 -4 -11 -4 -10 -1 -12 -5 -10 -5 -10 -5 -10 -7 -8 -5 -10 -5 -10 0 0 0 0 0 0 0 0 0 0 ],a36fd9337ec7391b,1.67023E+12,2022/12/5 15:31,example_experiment_name
CSI_DATA,STA,8C:CE:4E:9A:6D:15,-53,11,1,6,1,1,1,1,0,0,0,-88,1,6,1,21794354,0,110,0,0,21.9894,384,[110 96 6 0 0 0 0 0 0 0 0 0 -13 25 -14 24 -15 23 -16 23 -15 22 -15 23 -15 21 -16 21 -16 21 -15 21 -15 20 -15 20 -15 19 -15 19 -14 19 -15 18 -15 18 -14 17 -15 18 -14 17 -14 17 -14 16 -13 16 -13 16 -12 15 -12 15 0 0 -12 15 -12 14 -12 14 -11 13 -10 13 -9 13 -9 12 -8 12 -9 13 -7 13 -6 12 -6 12 -4 11 -5 12 -4 12 -4 12 -3 12 -3 12 -2 13 -3 13 -3 13 -3 12 -2 12 -2 12 -2 12 -2 12 0 0 0 0 0 0 0 0 0 0 ],a36fd9337ec7391b,1.67023E+12,2022/12/5 15:31,example_experiment_name
CSI_DATA,STA,8C:CE:4E:9A:6D:15,-53,11,1,6,1,1,1,1,0,0,0,-88,1,6,1,21809088,0,110,0,0,22.0046,384,[110 96 6 0 0 0 0 0 0 0 0 0 -29 2 -30 1 -28 0 -29 -1 -28 -1 -28 -1 -27 -1 -27 -3 -26 -2 -26 -2 -26 -3 -25 -3 -25 -2 -24 -2 -24 -3 -24 -2 -23 -3 -23 -3 -23 -3 -22 -3 -22 -3 -22 -2 -21 -3 -21 -3 -20 -3 -20 -2 0 0 -19 -3 -18 -2 -17 -2 -18 -2 -18 -2 -17 -2 -16 -1 -16 -1 -14 -1 -13 0 -14 1 -14 1 -14 1 -13 3 -13 3 -14 4 -12 4 -13 4 -12 4 -13 4 -12 5 -13 4 -13 5 -13 4 -13 4 -12 4 0 0 0 0 0 0 0 0 0 0 ],a36fd9337ec7391b,1.67023E+12,2022/12/5 15:31,example_experiment_name
CSI_DATA,STA,8C:CE:4E:9A:6D:15,-53,11,1,6,1,1,1,1,0,0,0,-88,1,6,1,21826089,0,110,0,0,22.022,384,[110 96 6 0 0 0 0 0 0 0 0 0 16 22 16 23 14 21 14 22 14 22 13 22 13 21 13 22 11 22 11 22 11 21 10 21 11 20 10 21 10 20 10 20 9 20 10 19 9 19 8 18 9 18 9 18 9 18 8 17 8 17 9 17 0 0 7 16 8 15 7 15 7 15 7 14 8 14 7 12 7 11 7 12 7 11 7 10 8 10 9 8 9 8 8 8 9 7 9 7 9 6 10 7 10 7 10 7 10 6 10 6 10 7 10 7 9 7 0 0 0 0 0 0 0 0 0 0 ],a36fd9337ec7391b,1.67023E+12,2022/12/5 15:31,example_experiment_name
CSI_DATA,STA,8C:CE:4E:9A:6D:15,-53,11,1,6,1,1,1,1,0,0,0,-88,2,6,1,21849220,0,110,0,0,22.0447,384,[110 96 6 0 0 0 0 0 0 0 0 0 -29 0 -29 -1 -29 -2 -28 -3 -28 -3 -27 -3 -27 -3 -27 -4 -26 -3 -26 -4 -26 -3 -25 -4 -24 -4 -24 -4 -24 -4 -24 -4 -24 -3 -23 -3 -23 -4 -23 -4 -22 -4 -22 -3 -22 -3 -21 -3 -20 -3 -20 -3 0 0 -20 -3 -18 -2 -18 -3 -18 -2 -17 -2 -16 -1 -16 -1 -15 0 -14 0 -14 0 -14 2 -14 2 -13 2 -13 3 -13 3 -12 4 -13 4 -13 5 -12 6 -12 5 -12 5 -13 5 -12 5 -13 5 -12 5 -11 5 0 0 0 0 0 0 0 0 0 0 ],a36fd9337ec7391b,1.67023E+12,2022/12/5 15:31,example_experiment_name
CSI_DATA,STA,8C:CE:4E:9A:6D:15,-52,11,1,6,1,1,1,1,0,0,0,-88,1,6,1,21854424,0,110,0,0,22.05,384,[110 96 6 0 0 0 0 0 0 0 0 0 -22 18 -23 17 -23 16 -23 16 -23 16 -23 15 -22 14 -22 14 -22 13 -22 13 -22 13 -22 12 -21 13 -21 12 -21 12 -21 12 -20 11 -20 11 -20 11 -20 11 -20 10 -20 10 -19 10 -19 10 -18 9 -18 9 0 0 -17 9 -16 8 -16 8 -15 8 -14 8 -14 8 -13 8 -13 8 -12 8 -12 8 -11 8 -11 9 -10 9 -9 9 -9 9 -9 10 -8 10 -8 10 -8 11 -7 10 -7 11 -7 11 -7 11 -7 11 -7 11 -7 11 0 0 0 0 0 0 0 0 0 0 ],a36fd9337ec7391b,1.67023E+12,2022/12/5 15:31,example_experiment_name
CSI_DATA,STA,8C:CE:4E:9A:6D:15,-53,11,1,6,1,1,1,1,0,0,0,-88,2,6,1,21880106,0,110,0,0,22.0755,384,[110 96 6 0 0 0 0 0 0 0 0 0 24 -8 24 -8 24 -8 23 -7 23 -6 23 -6 22 -5 22 -5 22 -5 22 -4 22 -5 21 -3 21 -3 21 -4 20 -4 21 -4 20 -3 20 -4 19 -3 19 -3 18 -3 18 -4 18 -3 18 -3 18 -3 17 -3 0 0 15 -4 15 -3 15 -4 15 -4 14 -3 14 -4 12 -4 12 -4 11 -4 11 -5 11 -5 11 -6 10 -6 10 -6 9 -7 9 -7 9 -8 9 -8 9 -8 9 -8 8 -8 8 -8 8 -8 8 -8 8 -8 8 -8 0 0 0 0 0 0 0 0 0 0 ],a36fd9337ec7391b,1.67023E+12,2022/12/5 15:31,example_experiment_name
CSI_DATA,STA,8C:CE:4E:9A:6D:15,-53,11,1,6,1,1,1,1,0,0,0,-88,1,6,1,21881246,0,110,0,0,22.0801,384,[110 96 6 0 0 0 0 0 0 0 0 0 24 15 23 16 22 16 22 17 22 16 21 17 20 17 19 17 20 17 19 16 18 15 18 16 18 16 18 16 17 16 17 15 17 16 17 15 16 15 16 15 16 14 15 14 16 13 15 13 14 13 15 12 0 0 13 11 13 12 12 11 13 11 12 10 11 9 12 9 12 8 10 8 11 6 12 6 11 5 11 5 12 4 12 3 12 3 12 3 12 3 12 2 13 1 12 1 12 1 13 2 12 1 12 2 12 1 0 0 0 0 0 0 0 0 0 0 ],a36fd9337ec7391b,1.67023E+12,2022/12/5 15:31,example_experiment_name
CSI_DATA,STA,8C:CE:4E:9A:6D:15,-50,11,1,4,1,1,1,1,0,0,0,-88,2,6,1,21912549,0,110,0,0,22.1081,384,[110 96 6 0 0 0 0 0 0 0 0 0 21 15 21 16 19 16 20 17 18 16 19 17 18 16 18 16 17 16 16 16 16 16 16 16 16 16 15 15 15 16 14 15 15 15 14 14 15 15 14 14 13 14 14 13 13 13 13 13 13 13 13 12 0 0 13 12 12 11 12 11 11 10 11 10 11 9 10 9 11 8 10 7 10 6 10 6 10 6 10 5 11 5 11 4 11 4 11 3 12 2 11 3 11 2 11 2 11 2 12 2 11 2 11 2 11 1 0 0 0 0 0 0 0 0 0 0 ],a36fd9337ec7391b,1.67023E+12,2022/12/5 15:31,example_experiment_name
CSI_DATA,STA,8C:CE:4E:9A:6D:15,-52,11,1,5,1,1,1,1,0,0,0,-88,5,6,1,21960852,0,110,0,0,22.1566,384,[110 96 6 0 0 0 0 0 0 0 0 0 24 12 24 13 23 13 23 13 22 13 22 14 21 14 21 14 20 14 20 14 20 14 19 14 19 14 19 14 18 14 18 14 17 14 17 13 17 13 17 13 17 13 16 12 16 12 15 12 15 12 15 11 0 0 14 11 13 11 13 10 13 9 13 9 12 9 12 8 12 7 12 7 11 6 11 5 11 5 11 4 12 4 11 3 12 3 12 3 12 2 12 3 12 2 13 2 12 2 12 2 12 2 12 2 12 2 0 0 0 0 0 0 0 0 0 0 ],a36fd9337ec7391b,1.67023E+12,2022/12/5 15:31,example_experiment_name
CSI_DATA,STA,8C:CE:4E:9A:6D:15,-53,11,1,6,1,1,1,1,0,0,0,-88,1,6,1,21974630,0,110,0,0,22.17,384,[110 96 6 0 0 0 0 0 0 0 0 0 13 -23 13 -22 13 -22 13 -21 13 -20 14 -20 14 -19 14 -19 14 -19 15 -18 14 -18 14 -17 14 -17 13 -17 13 -16 13 -17 13 -15 13 -16 13 -16 12 -16 12 -15 12 -15 12 -14 11 -14 12 -14 11 -14 0 0 11 -14 10 -12 9 -13 9 -12 8 -12 8 -12 8 -12 7 -12 7 -11 7 -11 5 -11 5 -11 4 -11 4 -11 3 -12 3 -12 3 -12 3 -12 2 -12 2 -12 3 -12 1 -12 2 -12 2 -12 2 -12 2 -12 0 0 0 0 0 0 0 0 0 0 ],a36fd9337ec7391b,1.67023E+12,2022/12/5 15:31,example_experiment_name
