CSI_DATA,STA,8C:CE:4E:9A:6D:15,-52,11,1,5,1,1,1,1,0,0,0,-88,2,6,1,37123218,0,110,0,0,37.3187,384,[110 96 6 0 0 0 0 0 0 0 0 0 6 -30 6 -30 6 -28 7 -29 8 -27 7 -28 7 -26 9 -27 8 -25 7 -25 8 -24 8 -24 8 -23 8 -22 9 -22 8 -22 8 -22 8 -22 8 -20 7 -21 7 -20 7 -20 6 -19 6 -19 6 -18 6 -18 0 0 4 -17 4 -16 4 -16 4 -15 3 -15 3 -14 2 -14 1 -14 2 -13 1 -13 0 -12 -1 -12 -2 -11 -2 -11 -2 -11 -2 -11 -3 -10 -3 -11 -4 -10 -4 -10 -4 -11 -4 -10 -4 -9 -4 -10 -4 -9 -3 -8 0 0 0 0 0 0 0 0 0 0 ],a36fd9337ec7391b,1.67023E+12,2022/12/5 15:31,example_experiment_name
CSI_DATA,STA,8C:CE:4E:9A:6D:15,-54,11,1,6,1,1,1,1,0,0,0,-88,3,6,1,37203638,0,110,0,0,37.3993,384,[110 96 6 0 0 0 0 0 0 0 0 0 -1 -27 0 -27 0 -26 1 -26 1 -25 1 -25 1 -25 1 -25 1 -24 0 -23 0 -24 0 -23 0 -23 0 -23 0 -24 0 -23 0 -23 0 -22 0 -23 1 -22 0 -22 1 -22 0 -21 -1 -21 0 -20 0 -21 0 0 1 -20 1 -18 1 -19 1 -17 1 -18 1 -17 1 -16 0 -15 1 -15 0 -14 0 -14 -1 -13 -1 -13 -1 -12 -1 -12 -2 -12 -1 -11 -2 -11 -2 -11 -1 -11 -2 -11 -2 -11 -2 -10 -2 -11 -1 -11 -1 -10 0 0 0 0 0 0 0 0 0 0 ],a36fd9337ec7391b,1.67023E+12,2022/12/5 15:31,example_experiment_name
CSI_DATA,STA,8C:CE:4E:9A:6D:15,-53,11,1,3,1,1,1,1,0,0,0,-88,5,6,1,37238546,0,110,0,0,37.4342,384,[110 96 6 0 0 0 0 0 0 0 0 0 22 -7 23 -7 22 -7 22 -6 21 -6 21 -6 21 -5 20 -5 21 -6 20 -5 20 -6 20 -6 20 -6 20 -6 20 -6 20 -6 19 -6 19 -6 19 -6 20 -5 20 -5 19 -6 19 -5 19 -5 18 -5 18 -5 0 0 17 -3 17 -4 16 -4 16 -4 16 -4 15 -4 14 -3 14 -4 13 -3 12 -4 12 -4 12 -4 11 -5 11 -4 11 -4 10 -4 10 -5 10 -4 9 -4 9 -4 9 -5 9 -4 9 -4 9 -4 9 -4 9 -3 0 0 0 0 0 0 0 0 0 0 ],a36fd9337ec7391b,1.67023E+12,2022/12/5 15:31,example_experiment_name
CSI_DATA,STA,8C:CE:4E:9A:6D:15,-53,11,1,6,1,1,1,1,0,0,0,-88,5,6,1,37275933,0,110,0,0,37.4717,384,[110 96 6 0 0 0 0 0 0 0 0 0 -22 11 -23 11 -22 10 -23 10 -22 10 -22 9 -21 9 -21 8 -21 9 -21 8 -21 9 -21 8 -20 8 -20 8 -20 8 -20 8 -20 8 -20 8 -20 8 -20 7 -20 6 -20 7 -19 7 -19 7 -18 6 -19 6 0 0 -17 6 -17 5 -17 5 -16 5 -16 5 -15 4 -15 5 -14 5 -13 4 -14 5 -13 5 -13 5 -10 5 -11 6 -12 6 -10 6 -11 5 -10 6 -11 6 -10 6 -10 6 -10 6 -10 5 -10 6 -10 6 -9 6 0 0 0 0 0 0 0 0 0 0 ],a36fd9337ec7391b,1.67023E+12,2022/12/5 15:31,example_experiment_name
CSI_DATA,STA,8C:CE:4E:9A:6D:15,-53,11,1,6,1,1,1,1,0,0,0,-88,3,6,1,37278344,0,110,0,0,37.4765,384,[110 96 6 0 0 0 0 0 0 0 0 0 -21 14 -21 13 -21 12 -21 12 -21 11 -20 11 -20 11 -20 11 -20 10 -20 10 -20 10 -20 10 -20 10 -20 9 -19 9 -20 10 -19 9 -19 10 -19 9 -19 9 -19 9 -19 8 -19 8 -18 8 -18 8 -18 8 0 0 -17 7 -17 7 -17 6 -16 6 -15 6 -16 5 -15 5 -15 6 -14 6 -13 5 -12 7 -12 5 -10 7 -10 5 -11 6 -11 6 -10 6 -10 6 -9 6 -10 6 -9 6 -9 7 -10 7 -10 7 -9 7 -9 6 0 0 0 0 0 0 0 0 0 0 ],a36fd9337ec7391b,1.67023E+12,2022/12/5 15:31,example_experiment_name
CSI_DATA,STA,8C:CE:4E:9A:6D:15,-53,11,1,6,1,1,1,1,0,0,0,-88,1,6,1,37306860,0,110,0,0,37.5024,384,[110 96 6 0 0 0 0 0 0 0 0 0 -22 -19 -22 -20 -22 -19 -22 -20 -20 -20 -20 -20 -20 -19 -19 -19 -19 -19 -19 -19 -19 -19 -18 -19 -18 -19 -18 -19 -18 -18 -18 -17 -18 -18 -17 -17 -18 -18 -18 -17 -18 -17 -17 -17 -17 -17 -17 -17 -16 -16 -16 -17 0 0 -15 -15 -14 -15 -15 -15 -15 -14 -15 -14 -14 -13 -14 -13 -14 -12 -13 -11 -13 -12 -14 -11 -14 -10 -13 -9 -14 -9 -13 -9 -14 -8 -14 -7 -14 -8 -14 -7 -14 -7 -14 -7 -14 -7 -14 -7 -14 -7 -14 -7 -14 -7 0 0 0 0 0 0 0 0 0 0 ],a36fd9337ec7391b,1.67023E+12,2022/12/5 15:31,example_experiment_name
CSI_DATA,STA,8C:CE:4E:9A:6D:15,-49,11,1,4,1,1,1,1,0,0,0,-88,5,6,1,37340207,0,110,0,0,37.5358,384,[110 96 6 0 0 0 0 0 0 0 0 0 -28 2 -28 1 -28 1 -28 0 -28 0 -27 0 -26 -1 -27 -1 -26 -1 -27 -1 -26 -1 -26 -2 -25 -1 -25 -1 -25 -2 -26 -1 -24 -1 -25 -1 -24 -1 -24 -1 -24 -2 -24 -2 -24 -2 -23 -1 -23 -2 -23 -2 0 0 -22 -1 -22 -1 -20 -1 -20 -1 -20 -1 -19 -1 -19 -1 -19 0 -18 0 -18 0 -17 1 -17 1 -16 2 -16 2 -16 2 -16 3 -15 3 -15 3 -15 4 -15 3 -15 4 -15 4 -15 4 -15 4 -15 4 -15 4 0 0 0 0 0 0 0 0 0 0 ],a36fd9337ec7391b,1.67023E+12,2022/12/5 15:31,example_experiment_name
CSI_DATA,STA,8C:CE:4E:9A:6D:15,-50,11,1,5,1,1,1,1,0,0,0,-88,3,6,1,37425094,0,110,0,0,37.6208,384,[110 96 6 0 0 0 0 0 0 0 0 0 19 -23 19 -22 20 -22 21 -22 20 -20 21 -21 20 -20 21 -19 21 -19 21 -18 21 -19 21 -18 21 -17 21 -17 21 -17 20 -16 21 -16 20 -16 20 -17 20 -15 19 -16 19 -15 19 -14 19 -14 18 -14 18 -14 0 0 17 -13 16 -13 16 -13 15 -12 15 -12 14 -12 13 -12 13 -13 12 -12 11 -12 11 -12 10 -12 10 -12 9 -13 9 -12 8 -13 7 -12 7 -13 7 -13 6 -14 6 -14 6 -13 6 -13 5 -13 6 -13 6 -13 0 0 0 0 0 0 0 0 0 0 ],a36fd9337ec7391b,1.67023E+12,2022/12/5 15:31,example_experiment_name
CSI_DATA,STA,8C:CE:4E:9A:6D:15,-48,11,1,2,1,1,1,1,0,0,0,-88,3,6,1,37460657,0,110,0,0,37.6563,384,[110 96 6 0 0 0 0 0 0 0 0 0 6 27 6 28 6 27 5 28 4 27 3 27 2 27 3 27 1 26 2 25 2 26 2 26 2 25 2 25 1 25 1 25 1 24 1 23 1 24 1 24 0 23 0 23 1 22 2 22 1 22 2 21 0 0 1 20 1 20 1 20 2 18 2 18 2 18 2 17 2 16 3 16 3 15 4 15 4 15 5 14 6 14 5 13 6 14 6 13 6 13 6 13 7 12 7 13 6 13 6 12 7 12 7 12 7 12 0 0 0 0 0 0 0 0 0 0 ],a36fd9337ec7391b,1.67023E+12,2022/12/5 15:31,example_experiment_name
CSI_DATA,STA,8C:CE:4E:9A:6D:15,-49,11,1,3,1,1,1,1,0,0,0,-88,1,6,1,37467148,0,110,0,0,37.6624,384,[110 96 6 0 0 0 0 0 0 0 0 0 -17 21 -18 21 -18 20 -19 21 -18 19 -19 19 -19 18 -19 18 -19 17 -18 17 -19 17 -19 17 -19 16 -18 16 -18 16 -18 16 -18 16 -17 15 -18 16 -18 15 -17 15 -17 14 -16 14 -16 14 -16 14 -16 14 0 0 -15 13 -14 13 -14 13 -13 12 -13 13 -13 12 -12 12 -11 12 -10 13 -9 11 -10 12 -9 12 -9 12 -8 12 -8 12 -7 12 -6 12 -7 12 -7 14 -6 13 -7 13 -6 13 -5 12 -7 12 -6 13 -5 11 0 0 0 0 0 0 0 0 0 0 ],a36fd9337ec7391b,1.67023E+12,2022/12/5 15:31,example_experiment_name
CSI_DATA,STA,8C:CE:4E:9A:6D:15,-50,11,1,4,1,1,1,1,0,0,0,-88,1,6,1,37490721,0,110,0,0,37.6863,384,[110 96 6 0 0 0 0 0 0 0 0 0 23 -11 24 -11 23 -10 24 -10 24 -9 24 -9 24 -8 24 -8 23 -7 23 -7 23 -7 23 -8 22 -7 22 -7 22 -6 22 -6 22 -6 20 -6 21 -6 21 -5 21 -5 20 -5 19 -5 19 -6 19 -6 19 -6 0 0 18 -5 17 -6 17 -6 16 -6 16 -6 15 -6 15 -6 14 -6 14 -7 13 -7 13 -7 12 -7 12 -8 12 -8 12 -8 12 -8 11 -8 11 -9 11 -8 11 -9 10 -9 11 -8 10 -9 10 -9 10 -9 10 -9 0 0 0 0 0 0 0 0 0 0 ],a36fd9337ec7391b,1.67023E+12,2022/12/5 15:31,example_experiment_name
CSI_DATA,STA,8C:CE:4E:9A:6D:15,-51,11,1,5,1,1,1,1,0,0,0,-88,4,6,1,37520466,0,110,0,0,37.716,384,[110 96 6 0 0 0 0 0 0 0 0 0 -12 -23 -12 -23 -11 -23 -11 -24 -10 -23 -10 -23 -10 -23 -9 -23 -9 -22 -8 -22 -8 -22 -8 -22 -8 -22 -7 -21 -7 -21 -7 -21 -7 -21 -7 -20 -7 -21 -7 -20 -7 -20 -7 -19 -7 -19 -7 -19 -7 -18 -7 -18 0 0 -7 -17 -6 -17 -6 -17 -6 -15 -7 -16 -7 -15 -7 -15 -7 -14 -7 -13 -7 -13 -7 -13 -7 -12 -7 -12 -8 -11 -8 -11 -8 -11 -8 -10 -8 -10 -9 -10 -8 -10 -9 -10 -9 -10 -9 -10 -9 -10 -8 -10 -9 -10 0 0 0 0 0 0 0 0 0 0 ],a36fd9337ec7391b,1.67023E+12,2022/12/5 15:31,example_experiment_name
CSI_DATA,STA,8C:CE:4E:9A:6D:15,-52,11,1,5,1,1,1,1,0,0,0,-88,1,6,1,37540041,0,110,0,0,37.7357,384,[110 96 6 0 0 0 0 0 0 0 0 0 18 -19 19 -19 18 -18 19 -18 19 -17 19 -16 19 -17 19 -16 19 -16 18 -15 18 -15 18 -15 18 -14 17 -14 17 -14 17 -14 16 -14 16 -14 16 -14 16 -14 16 -14 15 -14 15 -13 15 -13 15 -13 15 -13 0 0 13 -13 13 -13 13 -12 12 -12 12 -12 11 -12 11 -12 10 -12 10 -12 9 -11 9 -11 8 -11 8 -11 7 -12 7 -12 6 -12 6 -12 6 -12 6 -12 5 -12 5 -12 5 -12 6 -12 5 -12 6 -12 6 -12 0 0 0 0 0 0 0 0 0 0 ],a36fd9337ec7391b,1.67023E+12,2022/12/5 15:31,example_experiment_name
CSI_DATA,STA,8C:CE:4E:9A:6D:15,-52,11,1,5,1,1,1,1,0,0,0,-88,1,6,1,37540489,0,110,0,0,37.7406,384,[110 96 6 0 0 0 0 0 0 0 0 0 25 5 25 6 25 7 25 8 24 8 23 8 22 9 22 9 22 9 22 9 22 8 21 8 21 8 21 8 20 8 20 8 19 8 20 7 19 7 19 8 19 8 18 7 19 7 18 7 18 6 18 6 0 0 17 7 17 6 16 6 16 6 15 5 15 5 14 5 15 5 14 5 14 4 14 3 13 2 13 2 13 2 12 2 13 1 13 1 12 1 13 1 13 1 13 0 12 1 13 1 13 0 13 0 13 1 0 0 0 0 0 0 0 0 0 0 ],a36fd9337ec7391b,1.67023E+12,2022/12/5 15:31,example_experiment_name
CSI_DATA,STA,8C:CE:4E:9A:6D:15,-52,11,1,5,1,1,1,1,0,0,0,-88,2,6,1,37569182,0,110,0,0,37.7647,384,[110 96 6 0 0 0 0 0 0 0 0 0 25 -9 25 -8 25 -7 25 -7 24 -6 25 -6 24 -6 24 -5 24 -5 23 -4 23 -5 23 -4 22 -4 22 -4 22 -4 22 -4 21 -4 20 -4 21 -4 20 -4 20 -4 20 -4 19 -3 20 -4 19 -4 19 -4 0 0 18 -4 17 -4 17 -4 16 -5 16 -4 15 -5 16 -5 14 -4 14 -6 13 -5 14 -6 13 -6 12 -6 13 -6 12 -6 12 -7 12 -7 12 -8 12 -7 12 -8 12 -7 12 -8 12 -8 12 -8 12 -7 12 -7 0 0 0 0 0 0 0 0 0 0 ],a36fd9337ec7391b,1.67023E+12,2022/12/5 15:31,example_experiment_name
CSI_DATA,STA,8C:CE:4E:9A:6D:15,-51,11,1,5,1,1,1,1,0,0,0,-88,1,6,1,37575173,0,110,0,0,37.7705,384,[110 96 6 0 0 0 0 0 0 0 0 0 -23 4 -22 3 -21 4 -21 3 -21 2 -22 2 -21 2 -21 1 -20 1 -21 1 -20 2 -20 1 -20 1 -20 1 -20 1 -20 1 -18 1 -19 2 -18 1 -19 2 -18 0 -17 1 -17 1 -18 2 -15 2 -17 1 0 0 -16 2 -15 2 -15 2 -15 2 -15 2 -13 2 -14 2 -14 2 -12 3 -12 4 -12 4 -13 3 -12 4 -12 4 -11 4 -12 5 -12 5 -12 6 -11 5 -11 6 -11 6 -12 5 -11 5 -12 6 -11 5 -11 5 0 0 0 0 0 0 0 0 0 0 ],a36fd9337ec7391b,1.67023E+12,2022/12/5 15:31,example_experiment_name
CSI_DATA,STA,8C:CE:4E:9A:6D:15,-50,11,1,4,1,1,1,1,0,0,0,-88,2,6,1,37604147,0,110,0,0,37.7998,384,[110 96 6 0 0 0 0 0 0 0 0 0 0 -23 1 -23 1 -23 1 -23 2 -23 2 -22 2 -22 2 -22 3 -22 2 -21 2 -22 2 -21 2 -21 2 -21 3 -21 3 -20 2 -20 1 -19 2 -19 2 -19 2 -19 2 -19 1 -19 1 -19 1 -18 1 -18 0 0 1 -17 1 -17 0 -16 1 -16 1 -16 0 -15 0 -15 -1 -14 -1 -14 -1 -14 -2 -15 -1 -13 -2 -13 -2 -13 -3 -13 -4 -13 -3 -14 -4 -13 -2 -13 -4 -11 -3 -12 -3 -13 -4 -12 -3 -16 -3 -11 -3 -11 0 0 0 0 0 0 0 0 0 0 ],a36fd9337ec7391b,1.67023E+12,2022/12/5 15:31,example_experiment_name
CSI_DATA,STA,8C:CE:4E:9A:6D:15,-50,11,1,3,1,1,1,1,0,0,0,-88,2,6,1,37616275,0,110,0,0,37.8116,384,[110 96 6 0 0 0 0 0 0 0 0 0 27 8 26 8 26 8 26 10 25 10 25 10 24 10 24 11 24 10 23 10 23 11 23 11 23 11 22 11 22 11 22 10 22 10 21 10 21 10 21 10 21 10 21 10 20 9 20 9 20 9 20 8 0 0 19 9 18 8 18 8 18 7 18 7 17 6 17 6 17 6 16 5 15 5 16 4 14 5 16 4 16 4 15 3 15 2 16 2 15 1 15 4 16 4 14 2 14 5 18 5 15 2 12 2 18 4 0 0 0 0 0 0 0 0 0 0 ],a36fd9337ec7391b,1.67023E+12,2022/12/5 15:31,example_experiment_name
CSI_DATA,STA,8C:CE:4E:9A:6D:15,-50,11,1,4,1,1,1,1,0,0,0,-88,1,6,1,37631008,0,110,0,0,37.8265,384,[110 96 6 0 0 0 0 0 0 0 0 0 -18 22 -20 23 -19 21 -20 22 -20 20 -21 21 -20 19 -21 19 -20 18 -19 17 -20 18 -19 17 -19 17 -20 17 -20 17 -18 17 -19 17 -18 16 -18 17 -18 15 -18 15 -17 15 -17 15 -16 16 -17 14 -17 15 0 0 -16 15 -15 14 -16 15 -14 13 -15 14 -14 13 -13 13 -13 13 -12 13 -11 13 -11 12 -11 12 -10 12 -10 13 -9 12 -9 13 -8 13 -9 13 -9 12 -8 13 -8 12 -8 12 -8 11 -8 12 -9 11 -7 11 0 0 0 0 0 0 0 0 0 0 ],a36fd9337ec7391b,1.67023E+12,2022/12/5 15:31,example_experiment_name
CSI_DATA,STA,8C:CE:4E:9A:6D:15,-51,11,1,5,1,1,1,1,0,0,0,-88,1,6,1,37637312,0,110,0,0,37.8324,384,[110 96 6 0 0 0 0 0 0 0 0 0 -26 -7 -24 -8 -25 -8 -25 -7 -24 -9 -25 -9 -25 -9 -23 -9 -23 -9 -23 -8 -22 -10 -22 -9 -21 -9 -21 -9 -22 -8 -21 -8 -21 -8 -20 -8 -20 -8 -20 -7 -20 -8 -19 -7 -20 -7 -19 -7 -19 -7 -19 -7 0 0 -18 -6 -18 -6 -18 -5 -17 -5 -17 -5 -16 -5 -16 -4 -16 -4 -15 -3 -15 -3 -15 -3 -15 -3 -14 -2 -14 -2 -14 -2 -14 -1 -14 -1 -14 -1 -14 0 -14 0 -13 0 -13 0 -13 -1 -13 -1 -13 -1 -12 -1 0 0 0 0 0 0 0 0 0 0 ],a36fd9337ec7391b,1.67023E+12,2022/12/5 15:31,example_experiment_name
CSI_DATA,STA,8C:CE:4E:9A:6D:15,-50,11,1,4,1,1,1,1,0,0,0,-88,1,6,1,37656381,0,110,0,0,37.8518,384,[110 96 6 0 0 0 0 0 0 0 0 0 -12 23 -13 23 -13 22 -14 22 -14 21 -14 21 -14 19 -15 19 -14 19 -14 18 -14 18 -13 18 -13 18 -13 17 -13 17 -13 17 -13 17 -12 16 -12 17 -12 16 -12 16 -12 15 -11 15 -10 16 -10 15 -10 15 0 0 -10 14 -9 14 -9 14 -8 14 -8 14 -8 13 -8 13 -7 12 -7 13 -6 13 -6 12 -6 12 -5 12 -4 12 -4 12 -4 12 -3 11 -3 12 -3 12 -3 11 -3 11 -3 11 -3 11 -2 11 -2 11 -2 10 0 0 0 0 0 0 0 0 0 0 ],a36fd9337ec7391b,1.67023E+12,2022/12/5 15:31,example_experiment_name
CSI_DATA,STA,8C:CE:4E:9A:6D:15,-52,11,1,5,1,1,1,1,0,0,0,-88,4,6,1,37685479,0,110,0,0,37.881,384,[110 96 6 0 0 0 0 0 0 0 0 0 -28 4 -30 4 -28 3 -29 2 -28 2 -29 2 -27 2 -27 2 -26 0 -27 1 -27 1 -26 1 -25 1 -25 1 -25 1 -24 0 -25 0 -24 1 -24 0 -24 0 -23 1 -23 0 -22 1 -23 1 -22 0 -22 1 0 0 -21 1 -20 1 -21 0 -19 0 -20 1 -19 0 -18 1 -18 1 -17 1 -17 2 -16 2 -16 3 -15 3 -15 3 -15 3 -14 4 -13 3 -14 4 -13 4 -14 4 -14 4 -13 4 -13 5 -13 5 -12 5 -13 4 0 0 0 0 0 0 0 0 0 0 ],a36fd9337ec7391b,1.67023E+12,2022/12/5 15:31,example_experiment_name
CSI_DATA,STA,8C:CE:4E:9A:6D:15,-53,11,1,5,1,1,1,1,0,0,0,-88,4,6,1,37728597,0,110,0,0,37.9243,384,[110 96 6 0 0 0 0 0 0 0 0 0 -2 26 -2 26 -3 26 -3 25 -4 25 -4 25 -4 24 -4 24 -4 22 -4 23 -5 23 -4 22 -5 22 -4 21 -4 21 -4 21 -3 20 -3 20 -3 20 -3 19 -3 20 -3 19 -3 18 -3 19 -2 18 -3 18 0 0 -2 17 -2 17 -1 17 -1 17 0 16 -2 15 -1 16 0 15 -1 14 0 14 0 15 1 13 2 13 2 13 1 13 2 14 2 12 3 12 3 14 3 12 3 13 2 10 3 12 2 12 3 11 1 12 0 0 0 0 0 0 0 0 0 0 ],a36fd9337ec7391b,1.67023E+12,2022/12/5 15:31,example_experiment_name
CSI_DATA,STA,8C:CE:4E:9A:6D:15,-53,11,1,5,1,1,1,1,0,0,0,-88,2,6,1,37731126,0,110,0,0,37.9295,384,[110 96 6 0 0 0 0 0 0 0 0 0 23 1 23 2 22 3 22 3 22 4 22 4 20 4 21 4 20 4 19 4 20 5 19 4 19 4 18 4 18 5 18 4 18 4 17 3 17 4 17 3 17 3 16 3 16 3 16 3 16 3 16 3 0 0 15 3 15 3 15 3 14 2 14 2 14 1 13 2 13 0 12 1 12 0 12 0 13 0 11 0 11 0 11 0 11 -1 11 -1 11 -1 11 -1 12 -2 10 -2 11 -1 10 -1 11 -3 11 0 11 -1 0 0 0 0 0 0 0 0 0 0 ],a36fd9337ec7391b,1.67023E+12,2022/12/5 15:31,example_experiment_name
CSI_DATA,STA,8C:CE:4E:9A:6D:15,-52,11,1,4,1,1,1,1,0,0,0,-88,1,6,1,37741578,0,110,0,0,37.9369,384,[110 96 6 0 0 0 0 0 0 0 0 0 -24 -11 -25 -11 -24 -11 -24 -11 -24 -11 -22 -11 -21 -11 -23 -11 -21 -13 -22 -12 -21 -13 -20 -12 -19 -12 -20 -12 -19 -12 -20 -13 -19 -13 -18 -11 -19 -12 -19 -11 -18 -11 -18 -11 -19 -11 -17 -10 -17 -11 -17 -11 0 0 -17 -10 -16 -10 -16 -9 -15 -9 -15 -9 -15 -9 -15 -8 -15 -8 -14 -8 -14 -7 -14 -6 -13 -6 -13 -6 -13 -5 -13 -5 -13 -5 -12 -5 -13 -4 -12 -3 -12 -4 -13 -4 -12 -4 -12 -3 -12 -3 -12 -4 -12 -4 0 0 0 0 0 0 0 0 0 0 ],a36fd9337ec7391b,1.67023E+12,2022/12/5 15:31,example_experiment_name
CSI_DATA,STA,8C:CE:4E:9A:6D:15,-53,11,1,5,1,1,1,1,0,0,0,-88,1,6,1,37742019,0,110,0,0,37.9422,384,[110 96 6 0 0 0 0 0 0 0 0 0 9 -26 8 -25 9 42 11 -22 10 -21 9 -21 10 -21 9 -21 11 -19 10 -21 10 -20 10 -20 10 -19 10 -19 10 -19 9 -18 10 -19 9 -18 8 -19 9 -18 9 -18 0 0 8 -17 7 -16 7 -16 7 -16 7 -15 7 -15 6 -15 7 -15 6 -13 5 -14 4 -14 4 -13 4 -13 3 -13 3 -12 3 -12 2 -13 2 -12 2 -12 2 -12 2 -12 2 -12 2 -12 1 -12 2 -12 2 -11 0 0 0 0 0 0 0 0 0 0 ],a36fd9337ec7391b,1.67023E+12,2022/12/5 15:31,example_experiment_name
CSI_DATA,STA,8C:CE:4E:9A:6D:15,-53,11,1,5,1,1,1,1,0,0,0,-88,1,6,1,37749163,0,110,0,0,37.9471,384,[110 96 6 0 0 0 0 0 0 0 0 0 0 -27 1 -28 1 -26 1 -27 2 -26 2 -26 2 -25 3 -25 3 -25 3 -24 4 -24 4 -24 4 -24 4 -24 3 -24 3 -23 4 -23 3 -22 3 -23 4 -22 4 -22 3 -21 3 -21 3 -21 4 -20 3 -20 0 0 3 -20 3 -18 3 -19 2 -18 2 -18 2 -17 2 -17 1 -16 2 -16 1 -15 1 -15 1 -15 0 -14 0 -14 0 -13 -1 -14 -1 -13 -2 -13 -2 -13 -2 -13 -2 -13 -2 -13 -2 -12 -2 -13 -1 -12 -1 -12 0 0 0 0 0 0 0 0 0 0 ],a36fd9337ec7391b,1.67023E+12,2022/12/5 15:31,example_experiment_name
CSI_DATA,STA,8C:CE:4E:9A:6D:15,-52,11,1,5,1,1,1,1,0,0,0,-88,1,6,1,37770927,0,110,0,0,37.9665,384,[110 96 6 0 0 0 0 0 0 0 0 0 1 24 -1 24 -1 23 -2 24 -2 23 -2 23 -2 22 -3 22 -3 22 -3 22 -3 21 -3 22 -3 21 -3 21 -3 20 -3 20 -3 21 -2 20 -3 19 -3 19 -3 19 -3 19 -3 19 -2 18 -2 18 -2 18 0 0 -2 17 -2 17 -2 16 -2 15 -2 15 -2 15 -2 14 -1 14 -1 14 -1 13 0 13 0 13 0 12 1 12 0 11 1 12 1 12 1 11 1 11 2 11 1 11 1 11 2 11 2 10 2 11 1 11 0 0 0 0 0 0 0 0 0 0 ],a36fd9337ec7391b,1.67023E+12,2022/12/5 15:31,example_experiment_name
CSI_DATA,STA,8C:CE:4E:9A:6D:15,-52,11,1,5,1,1,1,1,0,0,0,-88,1,6,1,37772963,0,110,0,0,37.9715,384,[110 96 6 0 0 0 0 0 0 0 0 0 -6 21 -6 21 -7 21 -7 20 -7 20 -8 19 -7 19 -8 19 -7 19 -8 19 -8 19 -7 18 -7 18 -7 17 -8 17 -7 18 -7 17 -7 17 -7 16 -8 17 -7 17 -6 16 -7 15 -7 16 -7 15 -6 15 0 0 -6 14 -7 14 -7 13 -6 13 -5 13 -6 12 -5 12 -5 11 -6 11 -5 11 -5 11 -4 11 -3 11 -3 10 -3 11 -2 10 -2 10 -2 10 -2 10 -2 10 -2 9 -2 10 -2 10 -3 10 -1 10 -3 9 0 0 0 0 0 0 0 0 0 0 ],a36fd9337ec7391b,1.67023E+12,2022/12/5 15:31,example_experiment_name
CSI_DATA,STA,8C:CE:4E:9A:6D:15,-53,11,1,5,1,1,1,1,0,0,0,-88,2,6,1,37828107,0,110,0,0,38.0239,384,[110 96 6 0 0 0 0 0 0 0 0 0 -9 21 -9 21 -10 21 -10 21 -10 20 -10 20 -10 20 -10 19 -10 19 -10 19 -11 19 -11 18 -10 17 -10 17 -9 16 -10 17 -10 17 -10 16 -9 16 -8 16 -9 15 -8 15 -8 15 -8 15 -8 14 -8 14 0 0 -7 12 -7 12 -6 12 -7 11 -6 10 -6 10 -4 10 -4 9 -4 9 -4 9 -4 9 -3 8 -3 8 -2 8 -2 8 -2 8 -1 8 -1 8 0 7 0 7 0 7 0 7 -1 7 -1 6 0 6 -1 6 0 0 0 0 0 0 0 0 0 0 ],a36fd9337ec7391b,1.67023E+12,2022/12/5 15:31,example_experiment_name
CSI_DATA,STA,8C:CE:4E:9A:6D:15,-53,11,1,5,1,1,1,1,0,0,0,-88,2,6,1,37828545,0,110,0,0,38.0286,384,[110 96 6 0 0 0 0 0 0 0 0 0 -22 -16 -21 -16 -21 -16 -20 -17 -20 -17 -19 -17 -19 -17 -18 -17 -18 -16 -18 -17 -18 -16 -17 -17 -17 -17 -17 -15 -16 -16 -17 -15 -16 -15 -16 -15 -16 -15 -15 -15 -15 -14 -15 -14 -14 -14 -15 -13 -14 -13 -14 -12 0 0 -13 -12 -13 -10 -11 -10 -13 -10 -12 -9 -11 -9 -10 -9 -10 -8 -9 -7 -10 -7 -10 -6 -9 -6 -9 -5 -9 -4 -10 -4 -9 -4 -9 -3 -8 -3 -10 -2 -9 -3 -8 -3 -9 -2 -9 -2 -8 -2 -8 -2 -8 -2 0 0 0 0 0 0 0 0 0 0 ],a36fd9337ec7391b,1.67023E+12,2022/12/5 15:31,example_experiment_name
CSI_DATA,STA,8C:CE:4E:9A:6D:15,-52,11,1,5,1,1,1,1,0,0,0,-88,3,6,1,37850509,0,110,0,0,38.046,384,[110 96 6 0 0 0 0 0 0 0 0 0 20 -16 21 -15 20 -14 21 -14 21 -13 21 -13 20 -13 20 -13 20 -12 19 -12 20 -11 19 -11 19 -11 19 -10 18 -10 18 -11 19 -10 17 -11 18 -9 16 -10 17 -10 16 -10 16 -10 16 -10 15 -9 15 -9 0 0 14 -9 14 -8 13 -8 12 -8 12 -8 11 -8 10 -8 9 -8 9 -8 8 -8 8 -8 7 -7 7 -7 6 -8 6 -8 6 -8 5 -8 5 -8 4 -8 4 -8 4 -8 3 -8 3 -8 3 -8 3 -8 3 -7 0 0 0 0 0 0 0 0 0 0 ],a36fd9337ec7391b,1.67023E+12,2022/12/5 15:31,example_experiment_name
CSI_DATA,STA,8C:CE:4E:9A:6D:15,-51,11,1,5,1,1,1,1,0,0,0,-88,1,6,1,37864879,0,110,0,0,38.0603,384,[110 96 6 0 0 0 0 0 0 0 0 0 19 21 19 21 19 22 18 21 17 22 17 22 16 22 16 22 15 22 15 22 15 21 14 22 13 22 14 20 14 20 13 19 13 19 14 19 13 19 13 19 13 18 13 18 12 18 12 17 12 17 12 17 0 0 11 15 10 16 11 14 11 14 10 13 10 13 10 12 10 12 10 11 9 10 10 10 9 9 9 8 9 7 10 7 10 6 10 5 10 5 10 6 10 4 11 5 10 4 9 4 9 4 9 3 9 4 0 0 0 0 0 0 0 0 0 0 ],a36fd9337ec7391b,1.67023E+12,2022/12/5 15:31,example_experiment_name
CSI_DATA,STA,8C:CE:4E:9A:6D:15,-49,11,1,4,1,1,1,1,0,0,0,-88,2,6,1,37889641,0,110,0,0,38.0852,384,[110 96 6 0 0 0 0 0 0 0 0 0 -24 -8 -24 -9 -23 -9 -24 -10 -23 -9 -23 -10 -22 -10 -22 -11 -21 -11 -21 -10 -21 -10 -20 -10 -21 -10 -20 -10 -20 -11 -19 -10 -20 -11 -19 -10 -19 -11 -18 -11 -19 -11 -18 -11 -17 -10 -18 -10 -17 -10 -18 -10 0 0 -16 -9 -16 -9 -16 -9 -15 -8 -15 -8 -15 -8 -13 -8 -14 -7 -13 -7 -13 -6 -13 -6 -13 -5 -12 -4 -13 -4 -12 -4 -12 -4 -12 -2 -12 -3 -12 -2 -12 -2 -11 -2 -11 -2 -11 -2 -11 -1 -11 -1 -11 -1 0 0 0 0 0 0 0 0 0 0 ],a36fd9337ec7391b,1.67023E+12,2022/12/5 15:31,example_experiment_name
CSI_DATA,STA,8C:CE:4E:9A:6D:15,-52,11,1,5,1,1,1,1,0,0,0,-88,3,6,1,37927010,0,110,0,0,38.1227,384,[110 96 6 0 0 0 0 0 0 0 0 0 19 26 19 27 18 26 17 27 16 27 15 27 15 26 14 26 14 25 13 25 12 25 12 25 12 24 11 24 11 24 12 23 11 23 12 22 11 22 11 22 10 21 11 20 10 21 10 20 10 20 10 19 0 0 9 18 9 17 9 17 9 16 8 16 8 15 8 14 8 13 8 13 8 12 8 12 8 11 8 10 9 9 9 9 9 9 9 8 10 8 10 8 9 7 9 7 8 7 9 7 9 6 8 6 8 5 0 0 0 0 0 0 0 0 0 0 ],a36fd9337ec7391b,1.67023E+12,2022/12/5 15:31,example_experiment_name
CSI_DATA,STA,8C:CE:4E:9A:6D:15,-52,11,1,5,1,1,1,1,0,0,0,-88,1,6,1,37935987,0,110,0,0,38.131,384,[110 96 6 0 0 0 0 0 0 0 0 0 19 22 18 22 18 22 17 22 16 22 15 22 15 22 14 21 14 21 13 21 13 21 13 20 12 20 12 19 12 19 12 19 12 18 13 18 11 17 12 17 12 17 11 16 11 16 11 15 11 15 10 14 0 0 10 13 10 13 10 12 9 12 10 11 9 10 9 9 9 9 9 8 8 8 8 7 9 7 8 5 8 5 9 5 9 3 9 3 8 3 9 3 9 3 8 3 8 2 8 2 7 1 8 2 7 1 0 0 0 0 0 0 0 0 0 0 ],a36fd9337ec7391b,1.67023E+12,2022/12/5 15:31,example_experiment_name
CSI_DATA,STA,8C:CE:4E:9A:6D:15,-52,11,1,5,1,1,1,1,0,0,0,-88,1,6,1,37948334,0,110,0,0,38.1438,384,[110 96 6 0 0 0 0 0 0 0 0 0 18 23 16 24 15 24 15 24 14 24 14 24 13 24 12 24 11 23 12 22 11 22 11 22 11 21 10 21 10 20 9 20 10 20 9 19 9 19 8 18 8 19 9 17 9 17 9 16 9 16 9 16 0 0 7 15 7 14 7 13 6 13 7 12 6 11 6 10 7 9 7 8 7 9 8 8 6 7 7 6 8 6 7 5 7 4 9 4 8 3 8 3 8 4 8 4 6 3 7 2 6 2 7 0 7 1 0 0 0 0 0 0 0 0 0 0 ],a36fd9337ec7391b,1.67023E+12,2022/12/5 15:31,example_experiment_name
CSI_DATA,STA,8C:CE:4E:9A:6D:15,-52,11,1,5,1,1,1,1,0,0,0,-88,1,6,1,37956986,0,110,0,0,38.1521,384,[110 96 6 0 0 0 0 0 0 0 0 0 15 -24 16 -23 14 -22 17 -22 15 -21 16 -22 16 -20 15 -19 16 -18 16 -18 15 -19 15 -17 15 -16 14 -16 15 -17 14 -16 14 -17 13 -14 15 -15 13 -14 13 -14 13 -14 12 -14 12 -14 11 -13 11 -13 0 0 10 -12 10 -12 9 -11 9 -11 8 -11 8 -10 7 -10 6 -10 6 -10 6 -10 4 -10 3 -10 2 -10 3 -10 2 -9 2 -10 1 -9 1 -10 0 -9 1 -10 0 -9 0 -9 0 -8 -1 -8 -1 -8 -2 -8 0 0 0 0 0 0 0 0 0 0 ],a36fd9337ec7391b,1.67023E+12,2022/12/5 15:31,example_experiment_name
CSI_DATA,STA,8C:CE:4E:9A:6D:15,-52,11,1,5,1,1,1,1,0,0,0,-88,1,6,1,37975210,0,110,0,0,38.1706,384,[110 96 6 0 0 0 0 0 0 0 0 0 -27 13 -28 13 -27 11 -28 11 -27 9 -28 10 -27 9 -27 8 -26 8 -25 8 -26 8 -26 7 -25 7 -24 7 -25 7 -23 6 -24 6 -22 6 -23 6 -22 6 -22 5 -21 5 -20 5 -20 5 -20 5 -19 5 0 0 -18 4 -17 4 -17 5 -15 4 -15 4 -15 4 -13 4 -12 5 -12 4 -11 5 -11 5 -10 6 -9 6 -9 7 -8 6 -8 7 -7 7 -7 8 -6 8 -6 8 -5 8 -5 8 -5 8 -4 7 -2 8 -3 7 0 0 0 0 0 0 0 0 0 0 ],a36fd9337ec7391b,1.67023E+12,2022/12/5 15:31,example_experiment_name
CSI_DATA,STA,8C:CE:4E:9A:6D:15,-50,11,1,4,1,1,1,1,0,0,0,-88,2,6,1,37991995,0,110,0,0,38.1877,384,[110 96 6 0 0 0 0 0 0 0 0 0 -30 11 -30 11 -30 10 -30 10 -30 9 -30 8 -29 7 -30 6 -28 7 -28 6 -29 6 -28 6 -28 5 -27 5 -27 5 -26 5 -26 5 -25 5 -25 5 -25 4 -24 4 -23 4 -23 4 -22 4 -22 3 -21 4 0 0 -20 4 -19 4 -18 4 -17 4 -16 4 -16 4 -14 4 -14 5 -13 6 -12 5 -12 6 -11 6 -10 7 -10 6 -9 7 -8 8 -8 8 -8 8 -8 9 -7 8 -6 9 -6 9 -6 9 -5 10 -5 9 -4 9 0 0 0 0 0 0 0 0 0 0 ],a36fd9337ec7391b,1.67023E+12,2022/12/5 15:31,example_experiment_name
CSI_DATA,STA,8C:CE:4E:9A:6D:15,-51,11,1,5,1,1,1,1,0,0,0,-88,1,6,1,38013701,0,110,0,0,38.2095,384,[110 96 6 0 0 0 0 0 0 0 0 0 -30 1 -31 1 -30 0 -31 -1 -29 -1 -30 -2 -29 -2 -28 -2 -28 -3 -27 -3 -27 -4 -27 -4 -26 -4 -26 -4 -25 -4 -24 -4 -25 -4 -23 -4 -24 -4 -23 -4 -22 -4 -21 -4 -21 -4 -21 -4 -20 -4 -20 -3 0 0 -18 -3 -17 -2 -17 -3 -16 -2 -16 -2 -15 -1 -14 -1 -14 0 -13 1 -12 1 -12 2 -12 2 -11 2 -11 3 -10 3 -10 4 -9 4 -9 5 -9 6 -9 5 -8 6 -8 6 -8 6 -7 6 -7 6 -7 7 0 0 0 0 0 0 0 0 0 0 ],a36fd9337ec7391b,1.67023E+12,2022/12/5 15:31,example_experiment_name
CSI_DATA,STA,8C:CE:4E:9A:6D:15,-51,11,1,5,1,1,1,1,0,0,0,-88,1,6,1,38025700,0,110,0,0,38.2212,384,[110 96 6 0 0 0 0 0 0 0 0 0 17 24 16 24 16 25 14 24 14 26 13 25 13 25 13 24 12 25 12 25 11 24 10 24 10 23 9 23 9 22 10 23 9 21 9 22 8 21 9 21 8 20 8 19 8 19 8 18 7 18 7 18 0 0 6 16 7 15 6 14 6 14 7 12 7 12 7 11 8 10 6 10 7 9 8 8 8 8 8 7 8 6 9 6 9 5 10 5 9 4 10 4 10 4 10 3 10 3 10 3 10 2 10 2 10 2 0 0 0 0 0 0 0 0 0 0 ],a36fd9337ec7391b,1.67023E+12,2022/12/5 15:31,example_experiment_name
CSI_DATA,STA,8C:CE:4E:9A:6D:15,-49,11,1,4,1,1,1,1,0,0,0,-88,1,6,1,38030346,0,110,0,0,38.2258,384,[110 96 6 0 0 0 0 0 0 0 0 0 24 18 23 19 23 19 22 20 21 20 20 20 19 20 19 21 19 21 19 20 19 20 18 20 17 19 17 19 16 19 17 19 16 18 16 18 15 18 14 18 14 18 14 17 13 16 14 16 13 15 12 15 0 0 11 14 12 13 11 12 11 11 11 10 10 10 10 9 10 8 10 7 10 7 10 6 11 5 10 4 11 4 11 3 11 2 11 2 11 1 11 1 11 1 11 0 11 -1 12 0 11 -2 11 -2 10 -2 0 0 0 0 0 0 0 0 0 0 ],a36fd9337ec7391b,1.67023E+12,2022/12/5 15:31,example_experiment_name
CSI_DATA,STA,8C:CE:4E:9A:6D:15,-51,11,1,5,1,1,1,1,0,0,0,-88,2,6,1,38046948,0,110,0,0,38.2424,384,[110 96 6 0 0 0 0 0 0 0 0 0 16 24 14 24 14 24 14 23 13 23 13 23 12 24 12 24 11 22 10 23 11 23 10 22 11 23 10 22 9 22 9 21 9 20 9 21 8 21 8 21 8 20 7 20 7 20 7 18 7 18 7 18 0 0 6 16 6 16 6 15 6 14 6 13 6 13 7 12 6 11 6 10 8 11 7 8 8 8 8 8 9 7 9 6 9 6 10 6 10 5 10 5 11 5 11 4 11 5 11 4 11 4 11 4 11 3 0 0 0 0 0 0 0 0 0 0 ],a36fd9337ec7391b,1.67023E+12,2022/12/5 15:31,example_experiment_name
CSI_DATA,STA,8C:CE:4E:9A:6D:15,-50,11,1,5,1,1,1,1,0,0,0,-88,1,6,1,38070083,0,110,0,0,38.2653,384,[110 96 6 0 0 0 0 0 0 0 0 0 -26 0 -27 0 -26 0 -26 -1 -26 -2 -26 -2 -25 -2 -25 -3 -25 -3 -25 -3 -25 -3 -24 -4 -24 -4 -24 -4 -24 -4 -23 -3 -23 -4 -23 -4 -23 -4 -22 -4 -23 -5 -22 -5 -21 -4 -21 -4 -21 -4 -20 -4 0 0 -19 -4 -18 -3 -17 -3 -17 -2 -17 -2 -16 -2 -15 -2 -15 -1 -15 0 -14 1 -14 2 -14 2 -13 3 -14 4 -13 3 -13 4 -13 4 -13 4 -13 5 -13 5 -12 6 -13 5 -12 7 -12 7 -13 7 -12 6 0 0 0 0 0 0 0 0 0 0 ],a36fd9337ec7391b,1.67023E+12,2022/12/5 15:31,example_experiment_name
CSI_DATA,STA,8C:CE:4E:9A:6D:15,-48,11,1,5,1,1,1,1,0,0,0,-88,2,6,1,38113610,0,110,0,0,38.3094,384,[110 96 6 0 0 0 0 0 0 0 0 0 9 26 9 26 7 26 7 27 6 26 7 26 6 26 5 26 5 26 5 25 5 26 5 25 5 25 4 26 3 26 2 25 3 26 3 24 3 25 2 24 2 24 1 23 2 23 3 23 2 22 2 22 0 0 1 21 1 20 2 20 2 18 2 18 2 18 2 17 3 16 3 16 4 15 5 15 5 14 6 14 6 14 6 13 7 14 7 13 7 13 8 13 8 13 9 13 8 13 8 12 9 12 8 12 9 12 0 0 0 0 0 0 0 0 0 0 ],a36fd9337ec7391b,1.67023E+12,2022/12/5 15:31,example_experiment_name
CSI_DATA,STA,8C:CE:4E:9A:6D:15,-49,11,1,5,1,1,1,1,0,0,0,-88,2,6,1,38135195,0,110,0,0,38.3306,384,[110 96 6 0 0 0 0 0 0 0 0 0 -17 -22 -17 -22 -16 -22 -16 -23 -15 -23 -15 -23 -14 -23 -14 -24 -14 -23 -13 -24 -13 -24 -12 -23 -12 -23 -12 -23 -11 -24 -11 -24 -11 -24 -11 -23 -10 -23 -10 -23 -9 -23 -9 -22 -9 -22 -9 -22 -8 -21 -8 -21 0 0 -8 -20 -8 -19 -8 -18 -7 -18 -8 -17 -8 -17 -8 -16 -9 -16 -8 -15 -9 -14 -10 -13 -10 -13 -10 -12 -11 -12 -10 -12 -12 -12 -12 -11 -12 -11 -12 -11 -11 -11 -12 -11 -12 -10 -12 -11 -13 -10 -12 -10 -12 -9 0 0 0 0 0 0 0 0 0 0 ],a36fd9337ec7391b,1.67023E+12,2022/12/5 15:31,example_experiment_name
CSI_DATA,STA,8C:CE:4E:9A:6D:15,-50,11,1,5,1,1,1,1,0,0,0,-88,1,6,1,38148680,0,110,0,0,38.3441,384,[110 96 6 0 0 0 0 0 0 0 0 0 20 13 22 14 20 14 19 15 20 13 19 16 20 16 18 15 18 15 17 16 18 16 17 16 17 16 17 16 16 16 16 18 16 17 15 17 15 16 14 17 15 17 14 16 13 17 13 16 12 16 12 15 0 0 11 15 11 14 11 14 10 13 11 13 11 12 11 11 11 11 11 10 11 10 11 9 11 9 11 8 12 7 11 7 12 7 12 7 13 6 13 7 13 6 13 6 13 6 13 6 14 5 13 6 13 5 0 0 0 0 0 0 0 0 0 0 ],a36fd9337ec7391b,1.67023E+12,2022/12/5 15:31,example_experiment_name
CSI_DATA,STA,8C:CE:4E:9A:6D:15,-50,11,1,5,1,1,1,1,0,0,0,-88,1,6,1,38156750,0,110,0,0,38.3518,384,[110 96 6 0 0 0 0 0 0 0 0 0 24 -6 24 -6 24 -6 24 -5 24 -5 24 -4 24 -4 24 -4 24 -3 24 -3 24 -2 24 -2 24 -1 24 -1 24 -1 24 -1 23 -1 23 -1 22 0 22 0 22 0 22 0 21 1 20 0 20 1 20 1 0 0 19 0 19 0 17 0 17 -1 17 -1 16 -1 15 -2 15 -2 15 -2 14 -3 14 -4 14 -3 14 -4 13 -5 13 -6 13 -6 13 -6 13 -7 13 -7 13 -8 13 -8 13 -8 13 -8 13 -8 13 -8 12 -8 0 0 0 0 0 0 0 0 0 0 ],a36fd9337ec7391b,1.67023E+12,2022/12/5 15:31,example_experiment_name
CSI_DATA,STA,8C:CE:4E:9A:6D:15,-50,11,1,5,1,1,1,1,0,0,0,-88,1,6,1,38170971,0,110,0,0,38.3664,384,[110 96 6 0 0 0 0 0 0 0 0 0 -5 -24 -4 -24 -5 -24 -4 -25 -4 -23 -3 -25 -3 -24 -3 -24 -3 -24 -2 -24 -1 -25 -1 -24 -1 -24 -1 -24 0 -24 -1 -23 0 -24 0 -23 0 -23 1 -22 0 -21 0 -22 1 -21 1 -21 1 -20 1 -21 0 0 1 -20 0 -18 -1 -18 0 -18 -1 -17 -1 -16 -2 -16 -3 -16 -2 -15 -2 -15 -3 -14 -4 -15 -4 -14 -5 -14 -6 -14 -7 -14 -7 -14 -7 -14 -7 -13 -8 -13 -7 -14 -8 -13 -8 -13 -8 -13 -8 -14 -8 -13 0 0 0 0 0 0 0 0 0 0 ],a36fd9337ec7391b,1.67023E+12,2022/12/5 15:31,example_experiment_name
CSI_DATA,STA,8C:CE:4E:9A:6D:15,-51,11,1,6,1,1,1,1,0,0,0,-88,1,6,1,38177856,0,110,0,0,38.373,384,[110 96 6 0 0 0 0 0 0 0 0 0 -22 9 -22 9 -22 8 -23 7 -22 7 -23 7 -23 7 -23 7 -23 6 -23 6 -23 5 -23 5 -23 4 -23 4 -23 4 -23 4 -22 4 -22 4 -22 3 -22 3 -22 3 -21 2 -21 2 -20 2 -20 2 -20 2 0 0 -19 2 -18 2 -18 2 -17 3 -16 3 -16 3 -15 3 -15 4 -15 4 -14 4 -14 5 -14 5 -13 6 -13 6 -13 7 -13 7 -12 8 -12 8 -13 9 -12 8 -13 9 -13 9 -12 8 -12 9 -13 9 -13 9 0 0 0 0 0 0 0 0 0 0 ],a36fd9337ec7391b,1.67023E+12,2022/12/5 15:31,example_experiment_name
CSI_DATA,STA,8C:CE:4E:9A:6D:15,-50,11,1,5,1,1,1,1,0,0,0,-88,1,6,1,38191832,0,110,0,0,38.3873,384,[110 96 6 0 0 0 0 0 0 0 0 0 -9 -21 -8 -22 -8 -21 -7 -22 -7 -21 -7 -22 -6 -21 -6 -22 -6 -22 -6 -22 -6 -22 -5 -22 -5 -22 -5 -22 -5 -22 -5 -21 -4 -22 -4 -21 -4 -21 -3 -21 -3 -21 -3 -20 -3 -20 -3 -20 -3 -19 -3 -19 0 0 -3 -18 -3 -18 -3 -17 -3 -17 -3 -16 -3 -16 -4 -15 -4 -15 -4 -13 -5 -13 -6 -13 -6 -13 -7 -12 -7 -12 -7 -12 -8 -12 -8 -12 -9 -12 -9 -12 -9 -12 -9 -12 -9 -12 -10 -12 -10 -12 -9 -12 -9 -12 0 0 0 0 0 0 0 0 0 0 ],a36fd9337ec7391b,1.67023E+12,2022/12/5 15:31,example_experiment_name
CSI_DATA,STA,8C:CE:4E:9A:6D:15,-52,11,1,6,1,1,1,1,0,0,0,-88,1,6,1,38219094,0,110,0,0,38.4152,384,[110 96 6 0 0 0 0 0 0 0 0 0 5 -21 4 -21 5 -21 5 -21 5 -20 6 -20 6 -20 7 -20 6 -20 7 -20 7 -20 8 -20 7 -20 8 -19 8 -19 8 -18 8 -19 8 -18 8 -18 8 -18 8 -18 8 -17 8 -17 8 -17 8 -16 8 -16 0 0 7 -15 6 -14 6 -15 6 -14 6 -14 5 -14 4 -13 4 -14 3 -13 3 -13 3 -13 2 -13 2 -13 2 -13 1 -13 0 -14 1 -14 0 -13 0 -14 0 -14 0 -14 0 -13 0 -13 -1 -13 0 -14 -1 -13 0 0 0 0 0 0 0 0 0 0 ],a36fd9337ec7391b,1.67023E+12,2022/12/5 15:31,example_experiment_name
CSI_DATA,STA,8C:CE:4E:9A:6D:15,-51,11,1,5,1,1,1,1,0,0,0,-88,1,6,1,38226692,0,110,0,0,38.4218,384,[110 96 6 0 0 0 0 0 0 0 0 0 24 -10 25 -9 24 -9 25 -8 24 -8 25 -8 24 -8 25 -7 25 -7 25 -6 24 -6 24 -6 25 -6 24 -5 24 -5 24 -5 24 -5 24 -4 23 -4 23 -4 23 -3 22 -3 22 -3 22 -4 21 -3 21 -4 0 0 20 -3 19 -3 19 -3 18 -4 17 -4 17 -4 16 -4 15 -5 15 -5 15 -6 14 -6 14 -7 13 -7 13 -8 13 -8 13 -9 13 -9 13 -9 13 -9 13 -10 13 -10 12 -10 12 -10 12 -10 12 -10 12 -10 0 0 0 0 0 0 0 0 0 0 ],a36fd9337ec7391b,1.67023E+12,2022/12/5 15:31,example_experiment_name
CSI_DATA,STA,8C:CE:4E:9A:6D:15,-52,11,1,6,1,1,1,1,0,0,0,-88,2,6,1,38240364,0,110,0,0,38.4359,384,[110 96 6 0 0 0 0 0 0 0 0 0 -23 -9 -23 -9 -22 -9 -22 -10 -21 -10 -21 -10 -20 -10 -21 -11 -21 -11 -20 -11 -20 -12 -20 -12 -19 -12 -19 -12 -19 -12 -19 -12 -18 -12 -18 -12 -18 -12 -18 -12 -17 -12 -17 -12 -16 -12 -16 -12 -16 -12 -15 -12 0 0 -15 -11 -14 -10 -14 -10 -14 -9 -14 -9 -14 -8 -13 -8 -13 -7 -13 -7 -13 -7 -13 -6 -13 -6 -13 -5 -13 -4 -13 -4 -14 -4 -13 -3 -14 -3 -14 -2 -14 -2 -14 -2 -14 -2 -14 -2 -14 -2 -14 -3 -14 -2 0 0 0 0 0 0 0 0 0 0 ],a36fd9337ec7391b,1.67023E+12,2022/12/5 15:31,example_experiment_name
CSI_DATA,STA,8C:CE:4E:9A:6D:15,-52,11,1,5,1,1,1,1,0,0,0,-88,3,6,1,38267096,0,110,0,0,38.4625,384,[110 96 6 0 0 0 0 0 0 0 0 0 21 13 21 13 20 13 20 14 20 13 19 14 19 14 19 15 19 15 18 15 18 15 18 15 18 15 17 15 17 15 17 16 16 15 16 15 16 15 16 15 15 15 15 14 14 14 15 14 14 14 14 13 0 0 13 13 13 12 12 12 12 11 12 11 12 10 12 9 12 8 12 8 12 8 12 7 12 7 12 6 13 5 13 5 13 4 14 4 14 4 14 3 14 3 14 3 15 3 14 3 14 3 15 3 14 3 0 0 0 0 0 0 0 0 0 0 ],a36fd9337ec7391b,1.67023E+12,2022/12/5 15:31,example_experiment_name
CSI_DATA,STA,8C:CE:4E:9A:6D:15,-51,11,1,5,1,1,1,1,0,0,0,-88,2,6,1,38288944,0,110,0,0,38.4844,384,[110 96 6 0 0 0 0 0 0 0 0 0 -26 4 -26 4 -25 4 -25 3 -25 2 -26 2 -25 3 -25 2 -25 1 -25 1 -25 0 -25 0 -24 0 -24 0 -25 -1 -24 0 -24 0 -23 0 -23 -1 -23 0 -23 -1 -22 -1 -22 -1 -22 -1 -21 -2 -21 -1 0 0 -20 0 -19 0 -19 0 -18 0 -18 1 -17 1 -16 1 -17 2 -16 2 -16 3 -15 3 -15 3 -15 4 -15 5 -14 5 -14 6 -14 6 -14 7 -14 7 -14 7 -14 7 -14 7 -14 7 -14 8 -14 7 -14 8 0 0 0 0 0 0 0 0 0 0 ],a36fd9337ec7391b,1.67023E+12,2022/12/5 15:31,example_experiment_name
CSI_DATA,STA,8C:CE:4E:9A:6D:15,-52,11,1,5,1,1,1,1,0,0,0,-88,1,6,1,38290632,0,110,0,0,38.4893,384,[110 96 6 0 0 0 0 0 0 0 0 0 -6 24 -6 24 -6 24 -7 23 -7 23 -7 23 -8 22 -8 23 -8 23 -8 23 -8 23 -9 22 -8 21 -8 21 -8 21 -9 21 -8 21 -8 21 -8 20 -8 20 -9 19 -8 19 -8 19 -7 19 -7 19 -7 18 0 0 -7 18 -7 17 -6 17 -5 16 -5 16 -5 15 -4 15 -4 14 -3 14 -3 14 0 14 -3 15 0 15 -1 15 1 14 1 15 2 12 1 15 2 13 4 14 4 12 2 15 4 13 5 17 1 12 1 12 0 0 0 0 0 0 0 0 0 0 ],a36fd9337ec7391b,1.67023E+12,2022/12/5 15:31,example_experiment_name
CSI_DATA,STA,8C:CE:4E:9A:6D:15,-53,11,1,6,1,1,1,1,0,0,0,-88,2,6,1,38322398,0,110,0,0,38.5181,384,[110 96 6 0 0 0 0 0 0 0 0 0 -1 -24 0 -24 1 -23 1 -23 1 -23 2 -22 2 -22 2 -23 3 -22 3 -22 3 -22 3 -22 3 -21 4 -21 3 -21 3 -21 3 -21 4 -20 3 -20 4 -19 3 -19 4 -19 4 -18 3 -18 4 -18 4 -18 0 0 3 -17 3 -16 3 -16 2 -15 2 -15 1 -15 1 -14 1 -14 0 -14 0 -14 -1 -13 -1 -13 -2 -13 -2 -13 -2 -13 -3 -13 -3 -13 -3 -13 -4 -12 -4 -13 -4 -13 -4 -13 -4 -13 -5 -13 -5 -13 -4 -12 0 0 0 0 0 0 0 0 0 0 ],a36fd9337ec7391b,1.67023E+12,2022/12/5 15:31,example_experiment_name
CSI_DATA,STA,8C:CE:4E:9A:6D:15,-52,11,1,5,1,1,1,1,0,0,0,-88,1,6,1,38331238,0,110,0,0,38.5265,384,[110 96 6 0 0 0 0 0 0 0 0 0 -23 3 -23 2 -23 2 -24 1 -23 1 -23 1 -23 0 -23 0 -23 0 -22 -1 -22 -2 -22 -2 -21 -2 -22 -1 -22 -2 -21 -2 -21 -1 -20 -1 -21 -2 -20 -2 -20 -2 -19 -2 -19 -2 -19 -2 -18 -3 -18 -2 0 0 -17 -2 -16 -2 -17 -2 -16 -1 -15 -1 -15 -1 -14 -1 -14 0 -14 0 -14 1 -14 1 -13 2 -13 2 -13 3 -12 3 -12 4 -12 4 -12 4 -12 5 -12 5 -12 4 -12 5 -12 4 -11 5 -12 5 -11 5 0 0 0 0 0 0 0 0 0 0 ],a36fd9337ec7391b,1.67023E+12,2022/12/5 15:31,example_experiment_name
CSI_DATA,STA,8C:CE:4E:9A:6D:15,-52,11,1,5,1,1,1,1,0,0,0,-88,1,6,1,38344593,0,110,0,0,38.5399,384,[110 96 6 0 0 0 0 0 0 0 0 0 -23 16 -24 16 -24 14 -25 14 -25 13 -24 13 -24 13 -24 13 -24 12 -24 12 -24 11 -24 11 -24 11 -24 11 -24 10 -24 10 -24 10 -23 9 -23 9 -23 9 -23 9 -22 8 -22 8 -22 8 -21 8 -21 8 0 0 -20 8 -19 7 -19 7 -18 7 -17 6 -17 7 -16 7 -16 7 -15 8 -14 8 -13 8 -13 9 -12 9 -12 9 -12 9 -12 10 -11 10 -11 11 -11 11 -11 11 -11 12 -11 11 -11 12 -10 12 -11 11 -11 11 0 0 0 0 0 0 0 0 0 0 ],a36fd9337ec7391b,1.67023E+12,2022/12/5 15:31,example_experiment_name
CSI_DATA,STA,8C:CE:4E:9A:6D:15,-52,11,1,6,1,1,1,1,0,0,0,-88,1,6,1,38346489,0,110,0,0,38.5452,384,[110 96 6 0 0 0 0 0 0 0 0 0 20 8 21 9 19 9 20 10 19 9 20 10 18 10 19 10 18 10 17 10 18 10 18 10 18 11 18 10 17 11 16 10 17 11 15 9 17 11 16 10 15 11 15 11 14 10 15 9 14 9 14 10 0 0 14 9 13 9 13 8 11 7 11 7 11 7 11 7 11 5 10 7 11 5 12 4 12 4 11 3 12 3 11 3 11 2 11 2 12 1 12 2 12 1 12 1 12 1 11 1 12 0 12 0 12 0 0 0 0 0 0 0 0 0 0 0 ],a36fd9337ec7391b,1.67023E+12,2022/12/5 15:31,example_experiment_name
CSI_DATA,STA,8C:CE:4E:9A:6D:15,-52,11,1,5,1,1,1,1,0,0,0,-88,2,6,1,38367363,0,110,0,0,38.5631,384,[110 96 6 0 0 0 0 0 0 0 0 0 -10 -22 -9 -23 -9 -22 -8 -23 -8 -22 -7 -23 -7 -22 -7 -23 -7 -23 -6 -22 -6 -23 -6 -23 -5 -23 -5 -23 -5 -22 -5 -22 -5 -22 -5 -22 -4 -22 -4 -22 -4 -21 -4 -21 -4 -21 -4 -21 -4 -20 -3 -20 0 0 -3 -19 -3 -18 -3 -17 -4 -17 -4 -17 -4 -16 -4 -16 -4 -15 -4 -15 -5 -14 -6 -14 -6 -14 -6 -14 -7 -12 -7 -13 -7 -13 -8 -13 -8 -12 -9 -12 -9 -13 -9 -13 -9 -12 -9 -13 -9 -13 -9 -12 -9 -12 0 0 0 0 0 0 0 0 0 0 ],a36fd9337ec7391b,1.67023E+12,2022/12/5 15:31,example_experiment_name
CSI_DATA,STA,8C:CE:4E:9A:6D:15,-53,11,1,6,1,1,1,1,0,0,0,-88,1,6,1,38383945,0,110,0,0,38.5793,384,[110 96 6 0 0 0 0 0 0 0 0 0 -10 -22 -8 -23 -9 -22 -8 -23 -8 -23 -8 -23 -7 -23 -7 -23 -7 -23 -7 -23 -7 -24 -6 -23 -6 -23 -6 -23 -6 -23 -6 -22 -6 -23 -6 -22 -5 -22 -5 -22 -5 -22 -5 -22 -4 -21 -5 -21 -4 -20 -4 -20 0 0 -4 -19 -4 -18 -4 -18 -4 -18 -5 -17 -5 -17 -5 -16 -6 -16 -6 -15 -7 -15 -7 -14 -7 -14 -8 -13 -8 -13 -8 -14 -9 -14 -10 -13 -10 -13 -9 -12 -11 -11 -9 -13 -9 -13 -10 -14 -10 -12 -11 -13 -9 -13 0 0 0 0 0 0 0 0 0 0 ],a36fd9337ec7391b,1.67023E+12,2022/12/5 15:31,example_experiment_name
CSI_DATA,STA,8C:CE:4E:9A:6D:15,-53,11,1,6,1,1,1,1,0,0,0,-88,1,6,1,38388474,0,110,0,0,38.5845,384,[110 96 6 0 0 0 0 0 0 0 0 0 1 -22 2 -22 2 -22 2 -22 3 -21 2 -22 3 -21 3 -21 4 -22 4 -21 4 -21 4 -21 4 -20 4 -21 4 -20 5 -21 4 -20 4 -20 4 -20 5 -20 6 -19 6 -19 5 -19 5 -18 5 -18 4 -18 0 0 5 -17 4 -17 3 -16 3 -16 3 -16 3 -15 2 -15 2 -15 2 -15 1 -14 0 -14 0 -15 0 -14 -1 -13 -2 -13 -1 -14 -2 -14 -2 -15 -2 -14 -2 -14 -2 -15 -2 -14 -2 -14 -4 -15 -3 -15 -1 -13 0 0 0 0 0 0 0 0 0 0 ],a36fd9337ec7391b,1.67023E+12,2022/12/5 15:31,example_experiment_name
CSI_DATA,STA,8C:CE:4E:9A:6D:15,-52,11,1,6,1,1,1,1,0,0,0,-88,1,6,1,38402978,0,110,0,0,38.5984,384,[110 96 6 0 0 0 0 0 0 0 0 0 -18 18 -18 17 -19 17 -18 17 -18 17 -19 16 -18 16 -19 16 -19 16 -19 16 -20 15 -19 14 -19 15 -20 14 -19 15 -19 14 -19 14 -19 14 -19 13 -18 13 -19 14 -18 13 -18 12 -18 12 -17 12 -17 12 0 0 -16 11 -16 11 -15 11 -14 11 -14 11 -14 11 -13 11 -12 11 -12 10 -12 11 -11 11 -11 11 -10 12 -9 11 -9 11 -8 11 -8 12 -9 12 -8 13 -7 12 -7 13 -7 12 -8 12 -8 12 -7 12 -7 12 0 0 0 0 0 0 0 0 0 0 ],a36fd9337ec7391b,1.67023E+12,2022/12/5 15:31,example_experiment_name
CSI_DATA,STA,8C:CE:4E:9A:6D:15,-53,11,1,6,1,1,1,1,0,0,0,-88,1,6,1,38411327,0,110,0,0,38.6075,384,[110 96 6 0 0 0 0 0 0 0 0 0 -19 8 -19 7 -19 7 -20 7 -19 6 -19 6 -19 7 -19 6 -19 6 -19 6 -19 5 -19 5 -19 4 -19 4 -19 4 -19 4 -18 4 -18 3 -18 4 -18 4 -18 4 -17 3 -17 3 -17 3 -17 2 -17 2 0 0 -16 2 -15 2 -15 3 -13 3 -13 2 -12 3 -13 3 -12 2 -11 3 -13 4 -12 3 -11 4 -10 4 -10 5 -10 5 -10 5 -10 5 -10 6 -10 6 -9 6 -10 6 -9 6 -10 6 -9 6 -9 6 -9 5 0 0 0 0 0 0 0 0 0 0 ],a36fd9337ec7391b,1.67023E+12,2022/12/5 15:31,example_experiment_name
CSI_DATA,STA,8C:CE:4E:9A:6D:15,-52,11,1,5,1,1,1,1,0,0,0,-88,2,6,1,38444118,0,110,0,0,38.6399,384,[110 96 6 0 0 0 0 0 0 0 0 0 -25 -15 -24 -15 -24 -15 -23 -15 -22 -16 -23 -16 -22 -16 -21 -16 -22 -16 -21 -16 -21 -16 -21 -16 -20 -16 -20 -16 -20 -16 -19 -16 -19 -16 -19 -16 -19 -16 -18 -17 -18 -16 -18 -16 -17 -16 -17 -15 -16 -15 -16 -15 0 0 -15 -14 -15 -13 -14 -13 -14 -12 -14 -12 -14 -12 -14 -11 -14 -10 -13 -9 -13 -9 -13 -8 -13 -7 -13 -7 -14 -6 -13 -6 -14 -5 -14 -5 -14 -5 -14 -4 -14 -4 -14 -4 -14 -4 -14 -4 -14 -4 -14 -4 -13 -4 0 0 0 0 0 0 0 0 0 0 ],a36fd9337ec7391b,1.67023E+12,2022/12/5 15:31,example_experiment_name
CSI_DATA,STA,8C:CE:4E:9A:6D:15,-52,11,1,5,1,1,1,1,0,0,0,-88,1,6,1,38445977,0,110,0,0,38.6456,384,[110 96 6 0 0 0 0 0 0 0 0 0 -23 -1 -23 -1 -22 -2 -23 -2 -21 -2 -22 -3 -21 -3 -22 -3 -21 -4 -21 -4 -21 -3 -21 -3 -21 -4 -21 -4 -21 -4 -19 -4 -20 -4 -18 -4 -20 -5 -19 -4 -18 -5 -18 -5 -17 -5 -17 -4 -17 -4 -17 -4 0 0 -16 -4 -15 -4 -15 -4 -14 -3 -14 -3 -14 -3 -13 -3 -13 -2 -13 -2 -12 -1 -12 -1 -12 0 -11 1 -11 1 -11 1 -12 1 -10 2 -11 2 -11 3 -11 2 -11 2 -11 2 -11 3 -11 3 -11 2 -11 2 0 0 0 0 0 0 0 0 0 0 ],a36fd9337ec7391b,1.67023E+12,2022/12/5 15:31,example_experiment_name
CSI_DATA,STA,8C:CE:4E:9A:6D:15,-53,11,1,6,1,1,1,1,0,0,0,-88,2,6,1,38467285,0,110,0,0,38.6627,384,[110 96 6 0 0 0 0 0 0 0 0 0 -16 15 -17 15 -17 14 -17 14 -17 14 -17 14 -17 13 -17 13 -17 13 -17 13 -17 12 -17 12 -17 12 -17 11 -17 11 -17 11 -16 11 -16 11 -16 10 -16 10 -16 10 -16 10 -16 10 -15 10 -15 9 -15 9 0 0 -14 9 -13 9 -13 8 -12 8 -12 8 -11 8 -11 7 -10 8 -10 9 -9 8 -9 8 -8 8 -7 9 -7 9 -7 9 -6 9 -6 9 -6 9 -6 9 -6 9 -6 9 -6 9 -5 9 -5 9 -5 9 -5 9 0 0 0 0 0 0 0 0 0 0 ],a36fd9337ec7391b,1.67023E+12,2022/12/5 15:31,example_experiment_name
CSI_DATA,STA,8C:CE:4E:9A:6D:15,-53,11,1,6,1,1,1,1,0,0,0,-88,2,6,1,38490968,0,110,0,0,38.6864,384,[110 96 6 0 0 0 0 0 0 0 0 0 -9 -25 -8 -25 -8 -24 -8 -26 -6 -24 -6 -25 -6 -24 -5 -24 -5 -24 -5 -23 -5 -24 -4 -24 -4 -24 -4 -23 -4 -24 -3 -22 -4 -23 -4 -22 -3 -22 -3 -22 -3 -21 -3 -21 -2 -20 -3 -20 -3 -20 -2 -20 0 0 -3 -19 -3 -17 -3 -17 -3 -16 -3 -16 -3 -16 -4 -15 -4 -15 -4 -14 -4 -13 -5 -13 -5 -13 -6 -12 -6 -12 -6 -12 -7 -12 -7 -11 -7 -12 -8 -11 -8 -12 -8 -12 -8 -11 -7 -11 -7 -11 -8 -11 -7 -10 0 0 0 0 0 0 0 0 0 0 ],a36fd9337ec7391b,1.67023E+12,2022/12/5 15:31,example_experiment_name
CSI_DATA,STA,8C:CE:4E:9A:6D:15,-51,11,1,3,1,1,1,1,0,0,0,-88,1,6,1,38504829,0,110,0,0,38.7002,384,[110 96 6 0 0 0 0 0 0 0 0 0 12 24 11 24 10 24 9 24 9 24 8 24 8 23 7 23 7 23 7 23 6 23 6 22 6 22 6 22 5 21 6 22 5 21 5 21 5 20 5 20 5 20 5 19 4 19 5 19 4 19 5 18 0 0 5 17 5 17 5 16 5 15 5 14 5 14 5 14 6 13 6 12 6 12 6 12 7 11 7 11 7 11 8 10 8 10 8 10 9 10 9 10 8 9 9 9 8 9 9 9 9 9 9 9 8 8 0 0 0 0 0 0 0 0 0 0 ],a36fd9337ec7391b,1.67023E+12,2022/12/5 15:31,example_experiment_name
CSI_DATA,STA,8C:CE:4E:9A:6D:15,-51,11,1,5,1,1,1,1,0,0,0,-88,1,6,1,38550413,0,110,0,0,38.7461,384,[110 96 6 0 0 0 0 0 0 0 0 0 -10 27 -11 26 -11 25 -12 26 -12 24 -12 24 -12 23 -13 23 -13 23 -13 22 -13 22 -13 22 -13 21 -13 21 -13 21 -12 20 -13 20 -12 19 -12 20 -12 18 -12 19 -12 18 -11 18 -11 18 -10 17 -10 17 0 0 -9 16 -9 16 -8 16 -7 15 -7 15 -7 14 -6 13 -6 14 -5 14 -4 14 -4 14 -2 13 -2 14 -2 14 -1 14 0 14 0 13 -1 14 0 14 0 14 0 14 0 13 0 14 1 14 1 14 0 13 0 0 0 0 0 0 0 0 0 0 ],a36fd9337ec7391b,1.67023E+12,2022/12/5 15:31,example_experiment_name
CSI_DATA,STA,8C:CE:4E:9A:6D:15,-52,11,1,6,1,1,1,1,0,0,0,-88,3,6,1,38551082,0,110,0,0,38.751,384,[110 96 6 0 0 0 0 0 0 0 0 0 22 11 22 12 22 12 21 13 20 13 20 13 19 13 19 14 19 13 18 14 18 13 18 14 17 13 17 13 17 13 17 13 16 12 16 12 15 12 15 12 15 12 15 12 14 11 14 11 14 11 14 10 0 0 13 9 13 9 13 8 12 8 12 8 12 7 12 6 12 6 10 5 11 5 12 4 12 4 11 3 12 3 12 2 12 1 12 2 12 2 12 1 12 1 12 1 12 1 12 1 13 1 12 0 12 1 0 0 0 0 0 0 0 0 0 0 ],a36fd9337ec7391b,1.67023E+12,2022/12/5 15:31,example_experiment_name
CSI_DATA,STA,8C:CE:4E:9A:6D:15,-52,11,1,6,1,1,1,1,0,0,0,-88,2,6,1,38580410,0,110,0,0,38.7759,384,[110 96 6 0 0 0 0 0 0 0 0 0 17 -18 18 -18 17 -16 18 -17 17 -16 18 -16 18 -15 18 -14 18 -14 17 -13 18 -13 18 -13 17 -12 17 -12 17 -12 16 -11 17 -11 15 -11 16 -11 16 -11 15 -11 15 -10 14 -10 14 -10 14 -10 13 -10 0 0 13 -9 12 -8 11 -9 11 -9 10 -10 10 -9 9 -9 9 -9 8 -9 7 -9 7 -10 6 -10 6 -10 6 -11 6 -10 5 -11 5 -10 5 -11 5 -11 5 -11 4 -12 4 -11 5 -11 4 -11 4 -12 4 -11 0 0 0 0 0 0 0 0 0 0 ],a36fd9337ec7391b,1.67023E+12,2022/12/5 15:31,example_experiment_name
CSI_DATA,STA,8C:CE:4E:9A:6D:15,-52,11,1,6,1,1,1,1,0,0,0,-88,1,6,1,38582819,0,110,0,0,38.7807,384,[110 96 6 0 0 0 0 0 0 0 0 0 3 -31 4 -31 5 -30 5 -30 6 -30 6 -29 7 -28 8 -28 8 -27 8 -27 7 -27 7 -26 7 -26 7 -26 8 -25 8 -25 8 -23 8 -23 7 -23 8 -23 9 -22 8 -22 7 -21 6 -21 6 -21 6 -20 0 0 6 -18 6 -18 5 -18 4 -17 4 -17 4 -17 3 -17 3 -16 2 -16 1 -15 0 -16 0 -15 -1 -15 -1 -15 -2 -15 -2 -15 -3 -15 -3 -15 -3 -15 -3 -15 -3 -15 -3 -15 -4 -16 -4 -15 -4 -15 -4 -15 0 0 0 0 0 0 0 0 0 0 ],a36fd9337ec7391b,1.67023E+12,2022/12/5 15:31,example_experiment_name
CSI_DATA,STA,8C:CE:4E:9A:6D:15,-51,11,1,5,1,1,1,1,0,0,0,-88,1,6,1,38607280,0,110,0,0,38.8027,384,[110 96 6 0 0 0 0 0 0 0 0 0 18 -25 20 -24 19 -23 20 -23 20 -22 20 -22 20 -20 20 -21 20 -20 19 -20 20 -19 19 -19 19 -18 20 -18 20 -18 19 -17 19 -17 18 -16 18 -16 18 -16 17 -15 17 -16 16 -15 15 -15 15 -14 15 -14 0 0 14 -14 13 -13 13 -13 11 -13 11 -14 11 -13 9 -13 9 -13 8 -14 7 -13 6 -14 7 -14 5 -13 5 -13 4 -14 3 -13 1 -14 3 -15 4 -14 3 -11 4 -17 1 -14 0 -15 2 -19 5 -14 3 -17 0 0 0 0 0 0 0 0 0 0 ],a36fd9337ec7391b,1.67023E+12,2022/12/5 15:31,example_experiment_name
CSI_DATA,STA,8C:CE:4E:9A:6D:15,-52,11,1,6,1,1,1,1,0,0,0,-88,2,6,1,38628902,0,110,0,0,38.8245,384,[110 96 6 0 0 0 0 0 0 0 0 0 0 -27 1 -26 1 -26 2 -26 2 -26 3 -26 2 -25 3 -25 4 -25 4 -24 4 -24 4 -24 4 -23 4 -23 4 -23 4 -22 4 -21 4 -21 4 -20 4 -20 4 -20 4 -20 4 -19 3 -19 3 -18 3 -18 0 0 2 -17 2 -16 2 -16 1 -15 1 -15 0 -15 0 -14 -1 -14 -1 -13 -2 -13 -2 -12 -2 -12 -3 -12 -4 -11 -4 -11 -4 -11 -4 -11 -5 -11 -6 -10 -6 -11 -6 -10 -7 -10 -6 -10 -6 -10 -7 -10 -6 -10 0 0 0 0 0 0 0 0 0 0 ],a36fd9337ec7391b,1.67023E+12,2022/12/5 15:31,example_experiment_name
CSI_DATA,STA,8C:CE:4E:9A:6D:15,-51,11,1,5,1,1,1,1,0,0,0,-88,1,6,1,38646705,0,110,0,0,38.8421,384,[110 96 6 0 0 0 0 0 0 0 0 0 -5 -28 -5 -28 -4 -28 -3 -28 -3 -28 -2 -29 -2 -28 -2 -28 -1 -28 -1 -27 0 -27 1 -26 0 -26 1 -26 1 -26 1 -25 1 -25 1 -24 1 -24 1 -23 1 -22 1 -22 1 -21 1 -21 1 -20 1 -20 0 0 1 -19 0 -18 0 -18 0 -17 -1 -17 -1 -16 -1 -15 -2 -15 -2 -14 -3 -13 -3 -13 -4 -13 -4 -13 -5 -12 -5 -12 -6 -12 -6 -11 -6 -11 -7 -11 -7 -11 -7 -11 -8 -11 -8 -11 -8 -10 -7 -10 -8 -10 0 0 0 0 0 0 0 0 0 0 ],a36fd9337ec7391b,1.67023E+12,2022/12/5 15:31,example_experiment_name
CSI_DATA,STA,8C:CE:4E:9A:6D:15,-51,11,1,5,1,1,1,1,0,0,0,-88,1,6,1,38652034,0,110,0,0,38.8474,384,[110 96 6 0 0 0 0 0 0 0 0 0 4 30 3 30 2 29 2 30 1 30 0 30 0 29 0 30 -1 29 -1 28 -2 29 -2 28 -2 27 -2 27 -3 27 -3 26 -3 26 -3 26 -3 25 -3 25 -3 24 -3 23 -3 23 -3 22 -3 22 -2 21 0 0 -2 20 -2 19 -1 19 -1 18 0 17 -1 17 0 16 1 15 1 15 2 14 2 14 3 14 3 13 4 12 4 12 5 12 6 11 6 12 6 11 6 11 6 11 7 11 7 11 7 10 7 10 7 10 0 0 0 0 0 0 0 0 0 0 ],a36fd9337ec7391b,1.67023E+12,2022/12/5 15:31,example_experiment_name
CSI_DATA,STA,8C:CE:4E:9A:6D:15,-51,11,1,5,1,1,1,1,0,0,0,-88,2,6,1,38672143,0,110,0,0,38.8675,384,[110 96 6 0 0 0 0 0 0 0 0 0 18 18 18 19 17 18 17 19 17 19 17 20 16 20 15 20 14 20 15 20 15 20 14 20 15 20 13 19 13 20 12 20 12 20 11 19 11 20 10 20 10 19 10 18 10 17 10 17 10 17 10 16 0 0 9 15 9 14 9 14 8 13 9 13 9 12 8 12 9 11 9 10 9 10 9 9 9 8 10 8 10 8 9 7 10 8 11 7 11 6 11 6 11 6 12 6 11 6 11 6 12 5 12 5 11 5 0 0 0 0 0 0 0 0 0 0 ],a36fd9337ec7391b,1.67023E+12,2022/12/5 15:31,example_experiment_name
CSI_DATA,STA,8C:CE:4E:9A:6D:15,-51,11,1,5,1,1,1,1,0,0,0,-88,1,6,1,38685137,0,110,0,0,38.8807,384,[110 96 6 0 0 0 0 0 0 0 0 0 5 -26 6 -26 6 -25 7 -26 8 -24 8 -25 8 -25 8 -25 9 -24 8 -24 9 -24 8 -23 9 -23 9 -23 9 -22 8 -21 10 -22 9 -21 10 -21 9 -20 9 -20 9 -20 8 -19 8 -19 8 -18 7 -19 0 0 6 -17 6 -16 6 -17 5 -17 5 -16 4 -16 4 -15 3 -15 3 -15 2 -14 1 -14 1 -14 1 -14 0 -14 -1 -14 -1 -14 -1 -13 -2 -14 -2 -14 -2 -14 -3 -14 -2 -14 -3 -14 -3 -14 -2 -14 -3 -14 0 0 0 0 0 0 0 0 0 0 ],a36fd9337ec7391b,1.67023E+12,2022/12/5 15:31,example_experiment_name
CSI_DATA,STA,8C:CE:4E:9A:6D:15,-48,11,1,2,1,1,1,1,0,0,0,-88,3,6,1,38723897,0,110,0,0,38.9197,384,[110 96 6 0 0 0 0 0 0 0 0 0 -15 -22 -15 -22 -15 -22 -13 -23 -13 -22 -12 -21 -12 -22 -11 -22 -11 -22 -11 -22 -10 -23 -10 -22 -10 -22 -10 -21 -9 -20 -9 -21 -9 -20 -9 -20 -8 -20 -9 -20 -8 -20 -8 -19 -7 -19 -6 -19 -6 -19 -7 -17 0 0 -6 -17 -7 -16 -6 -16 -7 -15 -6 -15 -7 -14 -7 -14 -7 -13 -7 -12 -8 -12 -8 -11 -8 -11 -8 -10 -9 -10 -8 -10 -9 -10 -9 -9 -9 -9 -10 -8 -10 -9 -10 -9 -10 -9 -10 -9 -10 -9 -10 -9 -10 -9 0 0 0 0 0 0 0 0 0 0 ],a36fd9337ec7391b,1.67023E+12,2022/12/5 15:31,example_experiment_name
CSI_DATA,STA,8C:CE:4E:9A:6D:15,-51,11,1,5,1,1,1,1,0,0,0,-88,2,6,1,38755138,0,110,0,0,38.9506,384,[110 96 6 0 0 0 0 0 0 0 0 0 -26 -7 -26 -7 -26 -8 -26 -8 -25 -9 -25 -9 -24 -10 -24 -10 -24 -10 -23 -10 -23 -10 -23 -10 -23 -10 -23 -10 -22 -11 -22 -10 -22 -11 -21 -10 -21 -10 -20 -11 -20 -10 -20 -10 -19 -10 -19 -10 -19 -10 -18 -9 0 0 -18 -9 -17 -8 -17 -8 -16 -7 -16 -7 -16 -7 -15 -6 -15 -5 -14 -5 -14 -4 -14 -3 -15 -3 -14 -2 -15 -2 -14 -2 -14 -1 -14 -1 -14 0 -15 0 -15 0 -14 0 -15 0 -15 0 -14 1 -15 1 -15 1 0 0 0 0 0 0 0 0 0 0 ],a36fd9337ec7391b,1.67023E+12,2022/12/5 15:31,example_experiment_name
CSI_DATA,STA,8C:CE:4E:9A:6D:15,-51,11,1,5,1,1,1,1,0,0,0,-88,1,6,1,38772269,0,110,0,0,38.9677,384,[110 96 6 0 0 0 0 0 0 0 0 0 -24 1 -25 1 -24 1 -24 0 -24 -1 -24 -1 -23 -1 -23 -1 -23 -2 -22 -2 -23 -2 -22 -2 -22 -3 -22 -2 -22 -3 -21 -3 -21 -3 -20 -3 -21 -3 -20 -3 -20 -3 -20 -3 -19 -3 -19 -2 -18 -3 -18 -3 0 0 -17 -2 -16 -2 -16 -2 -15 -1 -15 -1 -15 -1 -14 0 -14 0 -13 0 -13 1 -13 2 -12 2 -12 3 -12 3 -12 3 -12 3 -11 4 -12 4 -12 5 -12 5 -12 5 -12 5 -12 5 -12 6 -11 6 -12 6 0 0 0 0 0 0 0 0 0 0 ],a36fd9337ec7391b,1.67023E+12,2022/12/5 15:31,example_experiment_name
CSI_DATA,STA,8C:CE:4E:9A:6D:15,-51,11,1,5,1,1,1,1,0,0,0,-88,2,6,1,38772778,0,110,0,0,38.9727,384,[110 96 6 0 0 0 0 0 0 0 0 0 23 5 23 6 23 6 23 6 21 7 22 7 21 7 21 8 21 7 20 8 20 7 20 7 20 8 20 8 20 8 19 8 18 7 18 7 18 7 18 7 17 8 17 7 17 7 17 7 16 7 16 7 0 0 15 6 14 5 15 6 13 4 14 4 13 4 13 3 12 3 13 1 12 1 11 1 11 1 12 0 12 0 12 -1 12 -1 11 -2 12 -2 12 -3 11 -2 12 -2 11 -3 12 -3 12 -4 12 -4 11 -4 0 0 0 0 0 0 0 0 0 0 ],a36fd9337ec7391b,1.67023E+12,2022/12/5 15:31,example_experiment_name
CSI_DATA,STA,8C:CE:4E:9A:6D:15,-51,11,1,5,1,1,1,1,0,0,0,-88,1,6,1,38794523,0,110,0,0,38.99,384,[110 96 6 0 0 0 0 0 0 0 0 0 4 22 3 23 3 22 2 23 2 22 2 22 1 21 0 22 0 21 0 21 0 21 0 21 0 21 0 20 -1 20 -1 20 -1 20 -1 19 -1 19 -2 19 -2 18 -1 18 -1 18 -1 18 -1 17 -1 17 0 0 0 16 -1 15 0 15 0 14 0 14 0 12 0 13 1 12 1 12 2 11 2 12 3 11 3 10 4 10 4 10 4 10 5 10 5 9 4 9 4 10 5 9 7 9 5 8 5 10 5 10 8 8 0 0 0 0 0 0 0 0 0 0 ],a36fd9337ec7391b,1.67023E+12,2022/12/5 15:31,example_experiment_name
CSI_DATA,STA,8C:CE:4E:9A:6D:15,-51,11,1,5,1,1,1,1,0,0,0,-88,1,6,1,38799446,0,110,0,0,38.9949,384,[110 96 6 0 0 0 0 0 0 0 0 0 20 11 19 12 19 12 19 13 19 12 18 13 18 13 17 13 17 13 17 13 16 13 16 14 15 13 16 13 15 13 15 14 15 13 15 13 14 13 14 13 13 13 13 12 13 12 13 12 12 12 12 12 0 0 11 11 11 10 11 9 10 9 10 8 11 8 10 7 11 6 11 6 10 6 10 5 11 4 10 5 11 4 10 3 11 4 11 4 11 3 13 2 12 3 11 2 11 2 11 2 12 2 11 2 12 2 0 0 0 0 0 0 0 0 0 0 ],a36fd9337ec7391b,1.67023E+12,2022/12/5 15:31,example_experiment_name
CSI_DATA,STA,8C:CE:4E:9A:6D:15,-49,11,1,4,1,1,1,1,0,0,0,-88,3,6,1,38840201,0,110,0,0,39.0359,384,[110 96 6 0 0 0 0 0 0 0 0 0 8 23 8 24 7 23 7 25 6 24 6 25 5 23 5 24 5 24 5 23 5 24 5 24 4 23 4 23 3 24 3 23 3 24 2 22 2 23 2 22 2 22 1 22 1 21 2 21 1 20 2 20 0 0 1 19 1 18 2 19 2 17 2 17 2 16 2 15 3 15 3 15 4 14 4 14 5 13 5 13 6 14 5 13 6 13 6 12 7 12 7 13 7 12 7 12 7 12 7 12 8 12 8 12 8 12 0 0 0 0 0 0 0 0 0 0 ],a36fd9337ec7391b,1.67023E+12,2022/12/5 15:31,example_experiment_name
CSI_DATA,STA,8C:CE:4E:9A:6D:15,-51,11,1,5,1,1,1,1,0,0,0,-88,1,6,1,38841934,0,110,0,0,39.0404,384,[110 96 6 0 0 0 0 0 0 0 0 0 -23 10 -23 9 -24 8 -24 8 -24 8 -23 7 -24 7 -24 6 -24 6 -24 7 -24 6 -23 6 -23 5 -23 5 -23 4 -23 5 -23 4 -22 3 -22 4 -22 3 -22 3 -22 2 -22 3 -21 3 -21 3 -21 3 0 0 -19 2 -19 2 -18 2 -18 3 -17 3 -17 2 -16 3 -15 3 -16 4 -15 4 -14 5 -14 5 -13 6 -13 6 -13 6 -13 6 -13 7 -12 7 -12 8 -13 7 -12 7 -12 8 -12 8 -12 8 -12 8 -12 8 0 0 0 0 0 0 0 0 0 0 ],a36fd9337ec7391b,1.67023E+12,2022/12/5 15:31,example_experiment_name
CSI_DATA,STA,8C:CE:4E:9A:6D:15,-50,11,1,5,1,1,1,1,0,0,0,-88,1,6,1,38851944,0,110,0,0,39.0472,384,[110 96 6 0 0 0 0 0 0 0 0 0 -24 9 -25 8 -24 8 -24 8 -24 8 -25 7 -24 6 -25 6 -24 6 -24 5 -24 5 -24 5 -24 4 -24 5 -24 4 -24 4 -23 4 -23 4 -23 3 -23 3 -22 2 -22 3 -22 3 -21 3 -21 2 -21 2 0 0 -20 2 -19 3 -19 3 -18 3 -17 3 -17 3 -16 3 -16 4 -15 4 -15 5 -14 5 -14 6 -14 6 -14 6 -13 7 -14 7 -13 7 -13 8 -13 8 -13 8 -13 8 -13 8 -13 8 -12 9 -13 9 -13 8 0 0 0 0 0 0 0 0 0 0 ],a36fd9337ec7391b,1.67023E+12,2022/12/5 15:31,example_experiment_name
CSI_DATA,STA,8C:CE:4E:9A:6D:15,-50,11,1,5,1,1,1,1,0,0,0,-88,1,6,1,38869456,0,110,0,0,39.0649,384,[110 96 6 0 0 0 0 0 0 0 0 0 -11 23 -12 22 -13 21 -13 21 -12 21 -13 21 -13 20 -15 21 -13 20 -14 19 -13 19 -14 18 -15 18 -13 17 -14 17 -14 18 -15 17 -14 17 -14 17 -14 16 -13 16 -13 16 -13 16 -13 15 -13 15 -12 15 0 0 -11 14 -11 14 -10 14 -10 14 -9 13 -9 13 -8 13 -8 13 -7 13 -7 13 -6 13 -6 13 -5 13 -5 14 -4 14 -4 14 -4 14 -3 14 -3 15 -3 15 -3 14 -3 14 -3 14 -3 14 -3 14 -3 14 0 0 0 0 0 0 0 0 0 0 ],a36fd9337ec7391b,1.67023E+12,2022/12/5 15:31,example_experiment_name
CSI_DATA,STA,8C:CE:4E:9A:6D:15,-50,11,1,5,1,1,1,1,0,0,0,-88,1,6,1,38873139,0,110,0,0,39.0698,384,[110 96 6 0 0 0 0 0 0 0 0 0 -23 0 -23 0 -22 -1 -23 -1 -22 -2 -22 -2 -22 -2 -22 -3 -22 -3 -21 -3 -21 -4 -21 -4 -21 -4 -21 -4 -21 -4 -20 -4 -20 -4 -19 -4 -20 -4 -19 -4 -19 -4 -19 -5 -18 -4 -18 -4 -18 -5 -18 -4 0 0 -17 -4 -16 -3 -16 -3 -16 -3 -15 -3 -15 -2 -15 -2 -15 -2 -14 -1 -14 -1 -14 0 -14 0 -13 1 -13 1 -13 1 -14 2 -13 2 -13 3 -13 3 -14 3 -13 3 -14 3 -13 3 -13 3 -14 3 -13 3 0 0 0 0 0 0 0 0 0 0 ],a36fd9337ec7391b,1.67023E+12,2022/12/5 15:31,example_experiment_name
CSI_DATA,STA,8C:CE:4E:9A:6D:15,-48,11,1,4,1,1,1,1,0,0,0,-88,1,6,1,38909981,0,110,0,0,39.1054,384,[110 96 6 0 0 0 0 0 0 0 0 0 -18 -18 -18 -18 -17 -18 -16 -18 -17 -19 -15 -19 -15 -18 -15 -19 -15 -18 -15 -19 -15 -19 -14 -19 -13 -19 -14 -18 -13 -18 -13 -19 -12 -18 -12 -18 -12 -17 -12 -17 -12 -18 -11 -17 -11 -17 -11 -17 -10 -17 -11 -16 0 0 -11 -15 -11 -14 -11 -14 -10 -14 -11 -13 -10 -13 -10 -12 -10 -11 -10 -10 -10 -10 -11 -10 -12 -10 -11 -9 -11 -8 -11 -8 -12 -8 -11 -7 -13 -6 -12 -6 -14 -5 -12 -5 -11 -6 -13 -3 -13 -6 -10 -5 -10 -6 0 0 0 0 0 0 0 0 0 0 ],a36fd9337ec7391b,1.67023E+12,2022/12/5 15:31,example_experiment_name
CSI_DATA,STA,8C:CE:4E:9A:6D:15,-50,11,1,6,1,1,1,1,0,0,0,-88,1,6,1,38916820,0,110,0,0,39.1122,384,[110 96 6 0 0 0 0 0 0 0 0 0 20 -22 21 -21 20 -21 22 -20 23 -19 22 -19 21 -18 23 -19 21 -18 23 -18 23 -17 22 -17 22 -16 22 -15 22 -16 22 -16 21 -15 22 -15 22 -15 21 -15 21 -14 21 -15 21 -13 20 -13 20 -13 19 -13 0 0 18 -12 18 -12 17 -11 16 -12 15 -12 16 -12 14 -12 13 -12 12 -11 12 -12 11 -13 11 -12 10 -13 9 -13 9 -13 8 -14 9 -14 8 -14 7 -16 8 -16 8 -15 6 -15 7 -16 6 -16 6 -15 7 -15 0 0 0 0 0 0 0 0 0 0 ],a36fd9337ec7391b,1.67023E+12,2022/12/5 15:31,example_experiment_name
CSI_DATA,STA,8C:CE:4E:9A:6D:15,-50,11,1,5,1,1,1,1,0,0,0,-88,3,6,1,38944272,0,110,0,0,39.14,384,[110 96 6 0 0 0 0 0 0 0 0 0 -18 -17 -18 -17 -17 -18 -17 -18 -16 -18 -16 -18 -15 -18 -15 -19 -14 -19 -14 -19 -14 -19 -13 -19 -13 -19 -13 -19 -12 -18 -12 -18 -12 -17 -12 -17 -12 -17 -12 -18 -11 -17 -11 -17 -11 -17 -11 -17 -10 -16 -10 -16 0 0 -10 -15 -9 -14 -9 -13 -9 -13 -9 -13 -9 -12 -9 -11 -9 -10 -10 -10 -10 -10 -10 -9 -10 -9 -10 -8 -10 -8 -10 -7 -11 -7 -11 -6 -11 -6 -11 -5 -12 -6 -12 -6 -12 -5 -12 -6 -12 -5 -12 -5 -12 -5 0 0 0 0 0 0 0 0 0 0 ],a36fd9337ec7391b,1.67023E+12,2022/12/5 15:31,example_experiment_name
CSI_DATA,STA,8C:CE:4E:9A:6D:15,-50,11,1,6,1,1,1,1,0,0,0,-88,2,6,1,38959101,0,110,0,0,39.1545,384,[110 96 6 0 0 0 0 0 0 0 0 0 -30 5 -31 4 -29 3 -30 1 -29 3 -28 2 -29 2 -28 1 -29 0 -29 -1 -27 -1 -27 -1 -27 -2 -27 -1 -25 -2 -26 -2 -25 -2 -26 -2 -25 -2 -25 -3 -23 -2 -24 -2 -24 -2 -23 -2 -22 -3 -22 -3 0 0 -20 -2 -20 -2 -18 -2 -19 -2 -18 -1 -17 -1 -17 0 -17 0 -16 1 -16 1 -15 2 -15 3 -14 3 -14 3 -14 4 -13 5 -13 5 -13 5 -13 6 -13 6 -13 6 -13 7 -13 7 -12 6 -12 7 -12 7 0 0 0 0 0 0 0 0 0 0 ],a36fd9337ec7391b,1.67023E+12,2022/12/5 15:31,example_experiment_name
CSI_DATA,STA,8C:CE:4E:9A:6D:15,-50,11,1,6,1,1,1,1,0,0,0,-88,1,6,1,38959559,0,110,0,0,39.1594,384,[110 96 6 0 0 0 0 0 0 0 0 0 -27 -4 -27 -4 -26 -5 -25 -6 -26 -7 -25 -6 -25 -7 -25 -7 -25 -6 -24 -8 -23 -8 -22 -8 -23 -9 -22 -9 -23 -9 -21 -8 -22 -8 -21 -8 -21 -8 -20 -8 -21 -8 -20 -8 -19 -8 -19 -7 -18 -8 -19 -8 0 0 -18 -7 -17 -6 -16 -6 -16 -6 -16 -5 -15 -4 -15 -4 -15 -3 -14 -3 -14 -2 -13 -2 -13 -1 -13 0 -14 0 -13 0 -13 1 -13 1 -13 1 -13 3 -13 2 -13 3 -13 3 -12 3 -12 3 -12 3 -12 3 0 0 0 0 0 0 0 0 0 0 ],a36fd9337ec7391b,1.67023E+12,2022/12/5 15:31,example_experiment_name
CSI_DATA,STA,8C:CE:4E:9A:6D:15,-50,11,1,5,1,1,1,1,0,0,0,-88,4,6,1,39014541,0,110,0,0,39.2101,384,[110 96 6 0 0 0 0 0 0 0 0 0 -20 -20 -20 -20 -19 -20 -18 -20 -18 -21 -17 -21 -17 -21 -17 -21 -16 -21 -15 -21 -15 -22 -14 -22 -13 -21 -13 -21 -13 -20 -13 -21 -13 -20 -13 -20 -12 -20 -12 -20 -12 -19 -12 -19 -12 -19 -11 -19 -11 -18 -10 -18 0 0 -10 -17 -10 -17 -10 -15 -10 -15 -10 -14 -10 -14 -10 -13 -11 -13 -10 -11 -10 -11 -10 -10 -10 -10 -11 -9 -11 -8 -11 -8 -12 -8 -12 -8 -12 -7 -12 -6 -12 -6 -13 -5 -13 -5 -13 -6 -13 -5 -12 -6 -12 -5 0 0 0 0 0 0 0 0 0 0 ],a36fd9337ec7391b,1.67023E+12,2022/12/5 15:31,example_experiment_name
CSI_DATA,STA,8C:CE:4E:9A:6D:15,-50,11,1,5,1,1,1,1,0,0,0,-88,4,6,1,39053179,0,110,0,0,39.2489,384,[110 96 6 0 0 0 0 0 0 0 0 0 -18 18 -18 17 -18 17 -19 16 -19 15 -19 14 -19 14 -19 14 -19 13 -19 13 -18 13 -19 12 -18 12 -18 12 -18 11 -19 11 -18 11 -18 11 -18 11 -18 11 -18 9 -17 9 -18 10 -17 10 -16 9 -16 9 0 0 -15 8 -15 8 -14 8 -14 8 -13 8 -13 7 -12 8 -12 8 -11 8 -11 8 -10 9 -10 9 -8 9 -8 9 -8 10 -8 11 -8 10 -8 11 -8 12 -7 11 -8 11 -7 11 -8 10 -6 11 -6 12 -6 10 0 0 0 0 0 0 0 0 0 0 ],a36fd9337ec7391b,1.67023E+12,2022/12/5 15:31,example_experiment_name
CSI_DATA,STA,8C:CE:4E:9A:6D:15,-51,11,1,5,1,1,1,1,0,0,0,-88,1,6,1,39063120,0,110,0,0,39.2584,384,[110 96 6 0 0 0 0 0 0 0 0 0 21 -13 21 -12 21 -11 21 -10 21 -10 21 -9 21 -8 21 -8 20 -7 20 -8 20 -8 20 -7 20 -7 19 -7 19 -7 19 -6 19 -7 18 -6 19 -6 19 -6 18 -6 18 -6 17 -5 17 -6 17 -6 16 -6 0 0 16 -5 15 -5 14 -5 14 -5 13 -6 13 -5 13 -6 12 -6 11 -6 11 -7 11 -7 10 -8 9 -8 9 -8 10 -8 9 -9 9 -9 9 -9 9 -9 9 -9 9 -10 9 -10 9 -10 8 -10 8 -10 8 -9 0 0 0 0 0 0 0 0 0 0 ],a36fd9337ec7391b,1.67023E+12,2022/12/5 15:31,example_experiment_name
CSI_DATA,STA,8C:CE:4E:9A:6D:15,-50,11,1,4,1,1,1,1,0,0,0,-88,2,6,1,39088014,0,110,0,0,39.2835,384,[110 96 6 0 0 0 0 0 0 0 0 0 -22 18 -22 18 -22 17 -22 17 -22 16 -22 15 -21 15 -22 14 -22 14 -22 14 -22 13 -21 12 -21 13 -21 12 -20 12 -21 12 -20 11 -20 12 -20 11 -20 11 -20 11 -19 10 -19 10 -19 10 -18 9 -18 10 0 0 -16 9 -16 9 -15 9 -14 9 -14 9 -13 9 -12 9 -12 10 -11 10 -11 10 -10 9 -10 10 -9 11 -9 11 -7 11 -8 12 -8 11 -6 13 -7 11 -6 11 -5 14 -7 11 -7 12 -6 10 -6 12 -7 13 0 0 0 0 0 0 0 0 0 0 ],a36fd9337ec7391b,1.67023E+12,2022/12/5 15:31,example_experiment_name
CSI_DATA,STA,8C:CE:4E:9A:6D:15,-50,11,1,4,1,1,1,1,0,0,0,-88,2,6,1,39108590,0,110,0,0,39.3041,384,[110 96 6 0 0 0 0 0 0 0 0 0 10 20 9 21 9 20 8 21 8 21 8 21 7 20 6 21 7 20 6 20 6 21 5 20 5 20 5 20 5 20 5 20 5 19 4 19 4 19 4 19 3 19 4 18 3 18 3 18 3 17 3 17 0 0 3 15 3 15 3 15 3 14 3 14 4 13 4 12 4 12 5 11 5 11 5 11 5 11 6 10 6 10 7 10 8 10 7 10 8 10 7 10 7 9 9 10 9 8 7 10 6 7 9 9 8 8 0 0 0 0 0 0 0 0 0 0 ],a36fd9337ec7391b,1.67023E+12,2022/12/5 15:31,example_experiment_name
CSI_DATA,STA,8C:CE:4E:9A:6D:15,-52,11,1,5,1,1,1,1,0,0,0,-88,1,6,1,39124381,0,110,0,0,39.3198,384,[110 96 6 0 0 0 0 0 0 0 0 0 -16 -22 -15 -22 -14 -22 -14 -22 -13 -22 -13 -22 -12 -22 -12 -22 -12 -22 -12 -22 -12 -22 -12 -21 -11 -21 -11 -22 -11 -21 -10 -22 -10 -21 -10 -21 -10 -21 -9 -20 -9 -20 -9 -20 -8 -20 -9 -20 -8 -19 -8 -19 0 0 -8 -18 -8 -17 -7 -16 -7 -15 -8 -15 -8 -14 -8 -14 -8 -13 -8 -13 -9 -12 -10 -12 -10 -11 -10 -10 -10 -10 -11 -11 -12 -10 -12 -10 -13 -9 -13 -9 -13 -10 -12 -6 -11 -8 -13 -8 -13 -13 -10 -8 -11 -9 0 0 0 0 0 0 0 0 0 0 ],a36fd9337ec7391b,1.67023E+12,2022/12/5 15:31,example_experiment_name
CSI_DATA,STA,8C:CE:4E:9A:6D:15,-53,11,1,6,1,1,1,1,0,0,0,-88,1,6,1,39127595,0,110,0,0,39.3257,384,[110 96 6 0 0 0 0 0 0 0 0 0 28 1 28 1 27 2 27 3 26 3 26 3 26 4 25 4 25 5 26 4 26 5 26 5 24 5 24 4 24 6 24 6 23 5 23 6 23 6 22 6 22 7 21 7 21 7 21 7 20 6 20 6 0 0 19 6 18 6 17 5 17 5 17 4 16 4 15 3 15 3 15 3 14 3 15 1 15 1 15 0 14 0 14 -2 14 -2 15 -2 15 -3 14 -3 14 -3 15 -3 15 -3 15 -3 15 -3 14 -4 14 -3 0 0 0 0 0 0 0 0 0 0 ],a36fd9337ec7391b,1.67023E+12,2022/12/5 15:31,example_experiment_name
CSI_DATA,STA,8C:CE:4E:9A:6D:15,-55,11,1,6,1,1,1,1,0,0,0,-88,4,6,1,39179796,0,110,0,0,39.3757,384,[110 96 6 0 0 0 0 0 0 0 0 0 -20 19 -20 18 -20 17 -20 16 -20 16 -19 15 -19 15 -19 14 -18 14 -19 13 -18 14 -17 13 -17 13 -17 12 -18 12 -16 13 -16 12 -16 12 -15 12 -16 12 -16 11 -15 11 -15 11 -14 11 -14 10 -14 10 0 0 -13 9 -13 9 -12 9 -11 8 -10 8 -11 7 -10 7 -9 7 -8 7 -7 7 -6 7 -5 7 -5 6 -5 7 -4 7 -3 7 -3 7 -3 8 -3 8 -3 6 -2 7 -1 7 -1 7 0 7 -1 7 0 6 0 0 0 0 0 0 0 0 0 0 ],a36fd9337ec7391b,1.67023E+12,2022/12/5 15:31,example_experiment_name
CSI_DATA,STA,8C:CE:4E:9A:6D:15,-54,11,1,5,1,1,1,1,0,0,0,-88,1,6,1,39181769,0,110,0,0,39.381,384,[110 96 6 0 0 0 0 0 0 0 0 0 28 8 28 8 27 8 25 8 25 9 24 9 24 9 23 9 23 9 23 9 22 9 21 9 21 9 20 9 19 8 21 8 20 8 20 8 19 8 19 8 19 8 18 7 18 7 17 7 16 8 16 7 0 0 15 7 14 7 14 6 13 6 13 5 12 5 11 4 11 4 9 4 9 3 9 2 9 2 9 1 8 0 8 -1 8 -1 8 -1 8 -2 8 -3 7 -2 7 -3 6 -3 7 -3 6 -4 6 -4 5 -4 0 0 0 0 0 0 0 0 0 0 ],a36fd9337ec7391b,1.67023E+12,2022/12/5 15:31,example_experiment_name
CSI_DATA,STA,8C:CE:4E:9A:6D:15,-56,11,1,5,1,1,1,1,0,0,0,-88,3,6,1,39215792,0,110,0,0,39.4113,384,[110 96 6 0 0 0 0 0 0 0 0 0 -18 -28 -17 -27 -16 -27 -15 -26 -15 -26 -14 -25 -14 -24 -13 -25 -13 -23 -12 -24 -11 -24 -11 -23 -10 -22 -11 -22 -11 -22 -12 -22 -11 -21 -11 -21 -11 -21 -11 -21 -11 -20 -10 -20 -8 -20 -9 -20 -8 -19 -8 -18 0 0 -7 -17 -7 -17 -6 -16 -6 -15 -6 -14 -6 -14 -6 -12 -5 -11 -5 -10 -6 -10 -6 -9 -6 -8 -6 -7 -6 -6 -7 -5 -7 -5 -7 -5 -7 -4 -8 -4 -8 -3 -8 -3 -8 -3 -8 -2 -8 -2 -7 -1 -7 -1 0 0 0 0 0 0 0 0 0 0 ],a36fd9337ec7391b,1.67023E+12,2022/12/5 15:31,example_experiment_name
CSI_DATA,STA,8C:CE:4E:9A:6D:15,-58,11,1,6,1,1,1,1,0,0,0,-88,2,6,1,39239957,0,110,0,0,39.4356,384,[110 96 6 0 0 0 0 0 0 0 0 0 7 -29 8 -28 8 -28 8 -26 9 -26 9 -25 9 -23 7 -23 8 -22 8 -22 8 -21 8 -21 8 -20 7 -19 7 -19 6 -20 5 -19 6 -19 5 -19 6 -19 5 -19 5 -19 5 -18 5 -17 5 -17 5 -16 0 0 5 -15 5 -16 4 -13 4 -13 4 -12 2 -12 3 -12 3 -11 2 -10 1 -9 0 -9 0 -9 -1 -8 -1 -8 -1 -8 -2 -8 -3 -8 -2 -8 -2 -7 -4 -8 -4 -7 -4 -6 -4 -6 -4 -6 -3 -6 -3 -6 0 0 0 0 0 0 0 0 0 0 ],a36fd9337ec7391b,1.67023E+12,2022/12/5 15:31,example_experiment_name
CSI_DATA,STA,8C:CE:4E:9A:6D:15,-55,11,1,3,1,1,1,1,0,0,0,-88,2,6,1,39268460,0,110,0,0,39.4643,384,[110 96 6 0 0 0 0 0 0 0 0 0 24 3 23 3 23 3 22 4 21 4 20 4 20 4 20 4 19 4 18 4 18 3 18 3 18 2 17 3 17 3 16 2 16 3 16 2 16 2 16 1 15 2 15 2 15 1 15 1 14 1 14 1 0 0 13 2 13 2 13 2 12 1 11 1 11 1 10 1 10 0 10 1 8 1 8 0 7 0 7 0 7 -1 6 -2 7 -1 6 -1 6 -2 6 -2 5 -3 6 -3 5 -2 6 -2 5 -2 5 -2 5 -1 0 0 0 0 0 0 0 0 0 0 ],a36fd9337ec7391b,1.67023E+12,2022/12/5 15:31,example_experiment_name
CSI_DATA,STA,8C:CE:4E:9A:6D:15,-56,11,1,3,1,1,1,1,0,0,0,-88,1,6,1,39271935,0,110,0,0,39.4691,384,[110 96 6 0 0 0 0 0 0 0 0 0 -27 1 -27 0 -25 0 -27 -1 -24 -1 -25 -2 -23 -1 -22 -2 -22 -1 -22 -1 -22 -1 -21 -2 -21 0 -21 -1 -21 -1 -19 0 -20 0 -19 0 -20 0 -19 0 -19 -1 -19 0 -18 1 -18 0 -18 0 -18 0 0 0 -16 -1 -16 -1 -16 -1 -14 -1 -14 0 -13 -2 -12 -1 -12 -1 -12 0 -11 0 -10 0 -10 0 -10 1 -8 1 -8 0 -8 2 -7 2 -7 2 -8 2 -7 2 -7 2 -7 2 -7 2 -7 2 -8 1 -7 2 0 0 0 0 0 0 0 0 0 0 ],a36fd9337ec7391b,1.67023E+12,2022/12/5 15:31,example_experiment_name
CSI_DATA,STA,8C:CE:4E:9A:6D:15,-54,11,1,3,1,1,1,1,0,0,0,-88,4,6,1,39331754,0,110,0,0,39.5275,384,[110 96 6 0 0 0 0 0 0 0 0 0 -21 -13 -21 -13 -20 -13 -20 -14 -19 -13 -19 -13 -18 -13 -17 -13 -17 -13 -16 -12 -17 -12 -16 -12 -16 -11 -16 -12 -16 -11 -15 -11 -15 -10 -15 -10 -15 -10 -15 -10 -15 -10 -14 -9 -14 -10 -15 -9 -14 -9 -14 -10 0 0 -13 -9 -13 -9 -13 -8 -12 -8 -12 -8 -11 -8 -12 -8 -11 -8 -10 -7 -11 -7 -10 -7 -10 -6 -9 -7 -9 -6 -9 -5 -10 -5 -9 -5 -9 -4 -9 -4 -9 -4 -9 -4 -9 -4 -10 -4 -9 -4 -9 -4 -9 -4 0 0 0 0 0 0 0 0 0 0 ],a36fd9337ec7391b,1.67023E+12,2022/12/5 15:31,example_experiment_name
CSI_DATA,STA,8C:CE:4E:9A:6D:15,-53,11,1,4,1,1,1,1,0,0,0,-88,5,6,1,39372040,0,110,0,0,39.5677,384,[110 96 6 0 0 0 0 0 0 0 0 0 -7 20 -7 21 -7 19 -9 20 -7 19 -8 19 -8 18 -8 18 -8 18 -8 17 -8 17 -8 17 -8 17 -8 16 -8 17 -8 16 -8 17 -6 15 -7 16 -7 15 -7 15 -7 15 -6 15 -7 15 -6 15 -6 14 0 0 -6 14 -6 13 -6 14 -5 13 -6 13 -5 12 -5 12 -4 12 -4 11 -4 11 -3 11 -3 11 -3 10 -3 10 -2 10 -2 11 -1 10 -1 10 -1 10 -1 10 -1 10 -1 11 -1 10 -1 11 -1 11 -1 11 0 0 0 0 0 0 0 0 0 0 ],a36fd9337ec7391b,1.67023E+12,2022/12/5 15:31,example_experiment_name
CSI_DATA,STA,8C:CE:4E:9A:6D:15,-54,11,1,5,1,1,1,1,0,0,0,-88,1,6,1,39378542,0,110,0,0,39.5737,384,[110 96 6 0 0 0 0 0 0 0 0 0 22 -9 24 -7 23 -6 22 -7 21 -7 23 -6 21 -4 21 -5 23 -4 20 -5 20 -6 19 -5 19 -6 20 -6 20 -4 18 -6 19 -5 19 -5 17 -6 17 -5 18 -5 18 -4 17 -5 16 -6 16 -5 16 -6 0 0 16 -6 16 -5 15 -5 14 -5 14 -5 15 -6 14 -5 13 -6 12 -6 12 -5 12 -6 11 -6 11 -6 11 -7 10 -6 10 -7 10 -7 10 -8 9 -8 9 -8 10 -9 10 -8 9 -8 10 -9 10 -8 10 -8 0 0 0 0 0 0 0 0 0 0 ],a36fd9337ec7391b,1.67023E+12,2022/12/5 15:31,example_experiment_name
CSI_DATA,STA,8C:CE:4E:9A:6D:15,-54,11,1,5,1,1,1,1,0,0,0,-88,1,6,1,39391078,0,110,0,0,39.5865,384,[110 96 6 0 0 0 0 0 0 0 0 0 -20 -1 -22 1 -22 -1 -21 -1 -20 -2 -21 -2 -20 -3 -21 -3 -19 -3 -20 -2 -19 -3 -19 -3 -19 -3 -18 -4 -20 -4 -18 -2 -18 -3 -18 -2 -17 -4 -17 -4 -17 -3 -17 -4 -17 -4 -17 -2 -15 -2 -15 -3 0 0 -15 -3 -15 -2 -15 -3 -13 -2 -14 -2 -14 -2 -15 -2 -14 -2 -13 -1 -12 -1 -12 -1 -13 -1 -11 0 -12 0 -11 -1 -12 0 -11 1 -11 1 -12 1 -11 1 -12 1 -12 1 -12 1 -12 1 -12 1 -12 1 0 0 0 0 0 0 0 0 0 0 ],a36fd9337ec7391b,1.67023E+12,2022/12/5 15:31,example_experiment_name
CSI_DATA,STA,8C:CE:4E:9A:6D:15,-53,11,1,5,1,1,1,1,0,0,0,-88,1,6,1,39399252,0,110,0,0,39.5944,384,[110 96 6 0 0 0 0 0 0 0 0 0 14 -18 14 -18 14 -18 14 -17 15 -16 14 -16 14 -15 14 -16 14 -15 14 -15 14 -15 14 -15 13 -15 13 -15 13 -14 13 -14 13 -14 12 -14 13 -14 13 -13 12 -13 12 -13 12 -13 11 -14 11 -13 11 -13 0 0 11 -13 10 -12 10 -12 10 -12 10 -12 10 -11 9 -11 8 -11 8 -11 7 -11 7 -11 7 -11 7 -11 6 -10 6 -10 6 -10 5 -11 5 -11 5 -11 5 -11 5 -11 5 -11 5 -11 5 -12 5 -11 5 -11 0 0 0 0 0 0 0 0 0 0 ],a36fd9337ec7391b,1.67023E+12,2022/12/5 15:31,example_experiment_name
CSI_DATA,STA,8C:CE:4E:9A:6D:15,-54,11,1,3,1,1,1,1,0,0,0,-88,1,6,1,39417355,0,110,0,0,39.6128,384,[110 96 6 0 0 0 0 0 0 0 0 0 -19 10 -19 10 -19 10 -18 9 -18 8 -18 9 -17 8 -17 8 -17 8 -17 8 -18 7 -17 7 -17 7 -17 7 -15 7 -16 8 -16 8 -16 8 -15 8 -16 8 -15 7 -15 7 -16 7 -15 7 -15 6 -15 7 0 0 -14 7 -14 7 -13 6 -14 6 -13 6 -13 5 -12 6 -12 6 -11 6 -11 6 -11 6 -10 5 -8 6 -9 5 -10 6 -7 6 -8 5 -9 6 -8 6 -9 4 -9 6 -7 5 -6 10 -8 6 -13 6 -10 6 0 0 0 0 0 0 0 0 0 0 ],a36fd9337ec7391b,1.67023E+12,2022/12/5 15:31,example_experiment_name
CSI_DATA,STA,8C:CE:4E:9A:6D:15,-55,11,1,5,1,1,1,1,0,0,0,-88,1,6,1,39423690,0,110,0,0,39.619,384,[110 96 6 0 0 0 0 0 0 0 0 0 23 -5 23 -4 19 -3 22 -3 22 -3 21 -3 22 0 20 -2 21 -2 20 -3 18 -2 20 -2 19 -2 19 -2 21 0 19 -3 18 -3 19 -3 18 -1 18 -3 18 -3 18 -3 19 -3 18 -3 18 -3 17 -3 0 0 17 -3 17 -3 15 -2 16 -3 15 -2 15 -2 14 -2 13 0 14 -2 13 -2 12 -3 11 -4 11 -3 10 -4 10 -3 11 -5 10 -5 9 -5 10 -5 8 -2 10 -6 10 -5 10 -6 14 -7 11 -6 10 -5 0 0 0 0 0 0 0 0 0 0 ],a36fd9337ec7391b,1.67023E+12,2022/12/5 15:31,example_experiment_name
CSI_DATA,STA,8C:CE:4E:9A:6D:15,-55,11,1,5,1,1,1,1,0,0,0,-88,2,6,1,39447736,0,110,0,0,39.6434,384,[110 96 6 0 0 0 0 0 0 0 0 0 -3 26 -4 26 -4 25 -5 25 -4 25 -5 23 -5 23 -5 23 -5 22 -5 21 -6 21 -5 21 -5 20 -5 20 -4 21 -4 21 -4 20 -3 20 -4 19 -3 20 -4 20 -3 19 -4 18 -3 19 -4 18 -3 18 0 0 -3 17 -3 18 -3 16 -3 16 -3 15 -3 15 -3 14 -2 14 -2 13 -2 13 -2 13 -1 12 -1 11 0 12 0 11 1 11 1 11 2 10 2 10 2 10 2 10 2 10 2 11 3 10 2 10 2 10 0 0 0 0 0 0 0 0 0 0 ],a36fd9337ec7391b,1.67023E+12,2022/12/5 15:31,example_experiment_name
CSI_DATA,STA,8C:CE:4E:9A:6D:15,-55,11,1,5,1,1,1,1,0,0,0,-88,2,6,1,39467467,0,110,0,0,39.6631,384,[110 96 6 0 0 0 0 0 0 0 0 0 4 -25 5 -26 5 -24 5 -25 6 -24 6 -23 6 -22 6 -22 6 -22 6 -21 7 -21 6 -21 6 -21 6 -20 6 -21 6 -20 5 -20 5 -19 5 -19 5 -19 5 -19 5 -19 6 -19 5 -18 6 -18 6 -18 0 0 5 -17 5 -16 5 -16 5 -15 5 -15 4 -15 4 -14 3 -14 3 -13 3 -12 3 -13 3 -12 2 -12 1 -12 1 -11 1 -11 1 -11 0 -11 0 -10 0 -10 -1 -12 -1 -11 0 -12 0 -12 0 -10 -1 -12 0 0 0 0 0 0 0 0 0 0 ],a36fd9337ec7391b,1.67023E+12,2022/12/5 15:31,example_experiment_name
CSI_DATA,STA,8C:CE:4E:9A:6D:15,-54,11,1,5,1,1,1,1,0,0,0,-88,2,6,1,39491857,0,110,0,0,39.6873,384,[110 96 6 0 0 0 0 0 0 0 0 0 23 6 23 7 23 6 21 9 22 8 21 9 21 8 20 8 20 8 20 9 20 8 19 8 19 9 19 8 19 8 19 8 18 8 18 7 18 8 18 8 18 8 17 8 17 7 17 7 17 7 17 7 0 0 16 7 15 6 15 7 15 6 14 6 13 5 13 5 13 5 12 4 12 4 12 4 11 3 11 3 11 2 11 1 11 1 11 1 11 0 11 0 11 0 11 0 11 -1 11 0 11 -1 11 0 11 0 0 0 0 0 0 0 0 0 0 0 ],a36fd9337ec7391b,1.67023E+12,2022/12/5 15:31,example_experiment_name
CSI_DATA,STA,8C:CE:4E:9A:6D:15,-52,11,1,4,1,1,1,1,0,0,0,-88,1,6,1,39504669,0,110,0,0,39.7,384,[110 96 6 0 0 0 0 0 0 0 0 0 -25 5 -25 4 -25 4 -25 3 -25 2 -24 3 -24 2 -24 2 -24 2 -24 1 -23 2 -23 1 -23 2 -23 2 -22 1 -23 1 -22 1 -22 2 -22 1 -22 1 -22 1 -22 1 -20 1 -21 1 -21 0 -20 1 0 0 -20 0 -19 2 -18 1 -17 1 -17 1 -17 1 -17 1 -16 2 -15 2 -15 3 -14 2 -14 3 -13 3 -13 4 -13 4 -13 4 -12 5 -12 6 -12 6 -12 5 -12 6 -12 6 -13 6 -12 6 -12 6 -12 6 0 0 0 0 0 0 0 0 0 0 ],a36fd9337ec7391b,1.67023E+12,2022/12/5 15:31,example_experiment_name
CSI_DATA,STA,8C:CE:4E:9A:6D:15,-53,11,1,5,1,1,1,1,0,0,0,-88,2,6,1,39536165,0,110,0,0,39.7327,384,[110 96 6 0 0 0 0 0 0 0 0 0 -15 16 -16 15 -16 15 -15 15 -16 15 -16 14 -16 14 -16 14 -16 13 -16 13 -17 13 -17 13 -16 12 -16 12 -16 12 -16 12 -16 11 -16 13 -16 12 -15 11 -15 12 -15 11 -15 11 -14 11 -14 11 -14 11 0 0 -13 10 -13 10 -13 10 -12 10 -12 9 -12 9 -11 9 -10 9 -10 8 -10 9 -9 9 -9 9 -8 9 -8 9 -8 10 -7 10 -7 11 -6 10 -6 11 -7 11 -6 11 -6 10 -7 11 -6 11 -7 11 -6 11 0 0 0 0 0 0 0 0 0 0 ],a36fd9337ec7391b,1.67023E+12,2022/12/5 15:31,example_experiment_name
CSI_DATA,STA,8C:CE:4E:9A:6D:15,-51,11,1,4,1,1,1,1,0,0,0,-88,2,6,1,39561170,0,110,0,0,39.7567,384,[110 96 6 0 0 0 0 0 0 0 0 0 25 4 24 4 24 5 23 5 24 5 22 6 22 6 22 6 22 6 22 6 22 7 21 7 21 7 21 6 21 7 21 6 20 6 20 6 19 6 20 6 19 6 20 6 19 6 19 6 19 6 18 5 0 0 18 5 17 5 17 4 17 4 16 4 16 4 15 3 15 3 15 3 15 2 14 1 14 1 14 1 14 0 14 0 14 -1 14 -1 14 -1 14 -1 14 -2 14 -2 14 -2 15 -2 14 -2 14 -2 14 -1 0 0 0 0 0 0 0 0 0 0 ],a36fd9337ec7391b,1.67023E+12,2022/12/5 15:31,example_experiment_name
CSI_DATA,STA,8C:CE:4E:9A:6D:15,-53,11,1,6,1,1,1,1,0,0,0,-88,1,6,1,39568644,0,110,0,0,39.7639,384,[110 96 6 0 0 0 0 0 0 0 0 0 21 -7 20 -7 21 -6 20 -6 21 -6 20 -5 20 -5 20 -4 20 -5 20 -4 19 -4 20 -4 20 -4 19 -4 19 -4 19 -4 19 -3 18 -4 17 -4 19 -3 18 -3 17 -4 18 -3 17 -4 17 -3 17 -3 0 0 16 -4 16 -4 15 -4 15 -4 14 -4 14 -5 14 -4 13 -5 13 -5 13 -5 12 -5 12 -5 12 -6 11 -6 11 -7 11 -7 11 -7 11 -7 11 -8 11 -8 11 -8 11 -8 11 -8 11 -8 11 -8 11 -7 0 0 0 0 0 0 0 0 0 0 ],a36fd9337ec7391b,1.67023E+12,2022/12/5 15:31,example_experiment_name
CSI_DATA,STA,8C:CE:4E:9A:6D:15,-51,11,1,5,1,1,1,1,0,0,0,-88,1,6,1,39578297,0,110,0,0,39.7739,384,[110 96 6 0 0 0 0 0 0 0 0 0 13 -19 13 -18 12 -19 14 -17 14 -17 14 -18 13 -17 14 -16 14 -16 14 -16 14 -16 13 -16 13 -15 14 -15 14 -15 13 -15 13 -14 13 -15 13 -15 13 -14 13 -14 12 -14 13 -14 12 -14 12 -13 12 -13 0 0 12 -13 11 -13 11 -13 10 -13 10 -12 10 -12 9 -12 9 -13 9 -12 8 -11 7 -11 7 -11 7 -12 7 -12 6 -12 7 -12 6 -13 6 -13 4 -12 5 -13 4 -13 5 -12 5 -12 6 -13 5 -13 6 -12 0 0 0 0 0 0 0 0 0 0 ],a36fd9337ec7391b,1.67023E+12,2022/12/5 15:31,example_experiment_name
CSI_DATA,STA,8C:CE:4E:9A:6D:15,-52,11,1,6,1,1,1,1,0,0,0,-88,1,6,1,39590354,0,110,0,0,39.7858,384,[110 96 6 0 0 0 0 0 0 0 0 0 -22 -8 -22 -9 -21 -9 -22 -10 -21 -10 -21 -10 -20 -10 -20 -11 -19 -11 -20 -10 -20 -10 -19 -11 -19 -10 -19 -10 -19 -10 -18 -10 -18 -10 -18 -10 -18 -11 -17 -10 -18 -10 -17 -10 -17 -10 -17 -9 -17 -10 -17 -10 0 0 -16 -9 -16 -9 -16 -9 -15 -8 -15 -8 -15 -8 -15 -7 -14 -8 -14 -7 -14 -6 -14 -5 -14 -5 -15 -4 -14 -5 -14 -4 -15 -4 -14 -4 -14 -3 -14 -3 -14 -4 -14 -2 -15 -4 -15 -4 -16 -4 -15 -4 -15 -3 0 0 0 0 0 0 0 0 0 0 ],a36fd9337ec7391b,1.67023E+12,2022/12/5 15:31,example_experiment_name
CSI_DATA,STA,8C:CE:4E:9A:6D:15,-52,11,1,6,1,1,1,1,0,0,0,-88,2,6,1,39609753,0,110,0,0,39.8052,384,[110 96 6 0 0 0 0 0 0 0 0 0 20 -11 21 -11 20 -10 21 -9 20 -9 22 -9 21 -9 21 -8 21 -8 20 -8 21 -8 21 -7 20 -7 20 -7 21 -7 20 -6 20 -7 19 -7 20 -7 20 -7 19 -6 19 -6 19 -6 19 -6 19 -5 19 -6 0 0 17 -6 17 -5 17 -6 15 -6 16 -5 16 -6 15 -6 14 -6 14 -6 13 -6 13 -6 13 -6 13 -7 13 -7 12 -7 12 -8 12 -8 12 -9 12 -8 11 -9 12 -9 12 -8 12 -8 12 -8 12 -9 12 -8 0 0 0 0 0 0 0 0 0 0 ],a36fd9337ec7391b,1.67023E+12,2022/12/5 15:31,example_experiment_name
CSI_DATA,STA,8C:CE:4E:9A:6D:15,-51,11,1,5,1,1,1,1,0,0,0,-88,1,6,1,39632616,0,110,0,0,39.8281,384,[110 96 6 0 0 0 0 0 0 0 0 0 -23 4 -23 4 -23 4 -23 3 -24 3 -23 3 -23 3 -23 3 -22 2 -23 2 -23 1 -22 1 -22 1 -22 1 -22 2 -22 1 -22 1 -22 1 -21 1 -22 1 -21 1 -20 1 -21 1 -21 1 -20 0 -20 1 0 0 -19 1 -19 1 -18 1 -18 1 -17 1 -17 1 -16 2 -16 2 -15 2 -16 2 -15 3 -15 3 -14 3 -14 4 -14 4 -14 4 -14 5 -14 5 -14 5 -14 5 -14 5 -14 5 -14 5 -14 5 -14 5 -14 4 0 0 0 0 0 0 0 0 0 0 ],a36fd9337ec7391b,1.67023E+12,2022/12/5 15:31,example_experiment_name
CSI_DATA,STA,8C:CE:4E:9A:6D:15,-52,11,1,6,1,1,1,1,0,0,0,-88,1,6,1,39633618,0,110,0,0,39.8328,384,[110 96 6 0 0 0 0 0 0 0 0 0 -13 -23 -13 -23 -12 -23 -12 -23 -11 -23 -11 -23 -11 -24 -11 -23 -11 -23 -10 -24 -10 -23 -9 -23 -9 -23 -9 -23 -9 -23 -10 -23 -9 -22 -9 -22 -9 -22 -9 -23 -8 -23 -9 -22 -8 -22 -8 -21 -8 -22 -8 -21 0 0 -7 -20 -8 -19 -8 -19 -8 -18 -8 -18 -8 -17 -8 -17 -8 -17 -9 -16 -8 -16 -8 -14 -9 -14 -9 -14 -10 -14 -10 -14 -10 -13 -10 -13 -10 -14 -10 -13 -10 -14 -10 -14 -11 -13 -10 -13 -11 -13 -10 -13 -10 -13 0 0 0 0 0 0 0 0 0 0 ],a36fd9337ec7391b,1.67023E+12,2022/12/5 15:31,example_experiment_name
CSI_DATA,STA,8C:CE:4E:9A:6D:15,-52,11,1,6,1,1,1,1,0,0,0,-88,2,6,1,39669782,0,110,0,0,39.8654,384,[110 96 6 0 0 0 0 0 0 0 0 0 -5 -24 -5 -25 -5 -25 -5 -25 -4 -25 -4 -25 -4 -24 -3 -24 -3 -25 -3 -25 -3 -25 -3 -25 -2 -24 -2 -25 -3 -24 -2 -24 -2 -24 -2 -24 -2 -24 -2 -23 -2 -23 -1 -23 -2 -23 -2 -22 -1 -22 -1 -22 0 0 -2 -21 -2 -21 -1 -20 -1 -19 -2 -19 -2 -19 -2 -18 -3 -18 -3 -18 -3 -18 -3 -17 -4 -16 -4 -16 -5 -16 -4 -16 -5 -16 -5 -16 -5 -16 -6 -15 -6 -16 -6 -16 -6 -16 -5 -15 -5 -16 -5 -16 -5 -16 0 0 0 0 0 0 0 0 0 0 ],a36fd9337ec7391b,1.67023E+12,2022/12/5 15:31,example_experiment_name
CSI_DATA,STA,8C:CE:4E:9A:6D:15,-51,11,1,5,1,1,1,1,0,0,0,-88,1,6,1,39673067,0,110,0,0,39.8706,384,[110 96 6 0 0 0 0 0 0 0 0 0 16 18 15 17 16 18 14 18 15 19 14 18 14 18 14 18 14 18 14 19 14 19 13 18 13 19 13 18 12 18 13 20 12 18 13 19 12 18 12 18 12 18 11 18 11 18 11 17 11 17 11 17 0 0 10 16 11 16 10 15 10 16 11 14 10 14 10 13 10 13 10 13 10 13 10 13 10 11 10 11 11 10 10 10 11 10 11 10 11 9 11 10 12 9 11 9 11 9 12 9 11 10 11 10 10 10 0 0 0 0 0 0 0 0 0 0 ],a36fd9337ec7391b,1.67023E+12,2022/12/5 15:31,example_experiment_name
CSI_DATA,STA,8C:CE:4E:9A:6D:15,-52,11,1,5,1,1,1,1,0,0,0,-88,1,6,1,39682348,0,110,0,0,39.8777,384,[110 96 6 0 0 0 0 0 0 0 0 0 14 -18 15 -19 14 -18 16 -18 16 -18 16 -17 16 -16 15 -16 17 -18 15 -17 16 -17 17 -17 17 -16 17 -15 17 -17 17 -16 17 -16 16 -16 15 -16 16 -15 16 -15 15 -16 15 -15 15 -16 15 -14 15 -14 0 0 15 -14 13 -13 14 -13 13 -13 12 -14 12 -13 12 -13 11 -13 11 -13 10 -12 10 -13 9 -13 9 -13 9 -13 9 -12 8 -14 8 -13 8 -13 8 -13 7 -14 8 -14 8 -14 7 -13 8 -13 9 -13 8 -13 0 0 0 0 0 0 0 0 0 0 ],a36fd9337ec7391b,1.67023E+12,2022/12/5 15:31,example_experiment_name
CSI_DATA,STA,8C:CE:4E:9A:6D:15,-52,11,1,5,1,1,1,1,0,0,0,-88,1,6,1,39696891,0,110,0,0,39.8923,384,[110 96 6 0 0 0 0 0 0 0 0 0 -22 -13 -19 -13 -20 -14 -21 -14 -20 -15 -19 -14 -21 -14 -20 -15 -20 -15 -20 -15 -20 -15 -19 -15 -20 -15 -19 -15 -19 -15 -19 -14 -19 -14 -19 -14 -18 -14 -19 -14 -19 -14 -18 -14 -18 -13 -18 -13 -17 -13 -17 -13 0 0 -17 -12 -17 -12 -17 -11 -16 -11 -16 -11 -16 -10 -15 -10 -16 -9 -16 -9 -15 -8 -15 -8 -15 -7 -14 -7 -15 -7 -15 -6 -15 -6 -15 -6 -15 -6 -16 -5 -15 -5 -15 -5 -15 -5 -15 -6 -15 -5 -15 -6 -14 -6 0 0 0 0 0 0 0 0 0 0 ],a36fd9337ec7391b,1.67023E+12,2022/12/5 15:31,example_experiment_name
CSI_DATA,STA,8C:CE:4E:9A:6D:15,-51,11,1,5,1,1,1,1,0,0,0,-88,1,6,1,39698651,0,110,0,0,39.8976,384,[110 96 6 0 0 0 0 0 0 0 0 0 -22 -2 -22 -3 -24 -1 -21 -3 -22 -3 -23 -3 -21 -3 -21 -4 -22 -4 -22 -4 -22 -4 -21 -5 -21 -5 -21 -5 -21 -5 -21 -4 -20 -5 -21 -4 -20 -5 -20 -5 -20 -5 -20 -5 -20 -6 -19 -5 -19 -5 -19 -5 0 0 -18 -4 -18 -4 -17 -4 -18 -3 -17 -3 -16 -3 -16 -4 -16 -3 -16 -3 -16 -3 -15 -2 -15 -2 -15 -1 -15 -1 -15 0 -15 0 -15 -1 -15 0 -14 0 -14 0 -14 -1 -14 0 -15 -1 -14 0 -14 -1 -14 -1 0 0 0 0 0 0 0 0 0 0 ],a36fd9337ec7391b,1.67023E+12,2022/12/5 15:31,example_experiment_name
CSI_DATA,STA,8C:CE:4E:9A:6D:15,-50,11,1,4,1,1,1,1,0,0,0,-88,2,6,1,39722483,0,110,0,0,39.9181,384,[110 96 6 0 0 0 0 0 0 0 0 0 0 -25 1 -25 0 -24 1 -24 2 -25 2 -25 3 -24 2 -25 3 -24 2 -24 3 -24 3 -24 3 -25 4 -24 4 -24 5 -23 5 -23 5 -22 5 -23 5 -23 6 -22 5 -21 5 -21 5 -22 5 -22 5 -21 0 0 5 -20 5 -20 5 -20 4 -19 5 -19 5 -19 5 -18 4 -18 4 -19 4 -18 3 -17 2 -16 2 -16 2 -17 3 -17 3 -17 1 -16 2 -17 0 -17 2 -18 2 -17 -1 -15 0 -17 3 -16 1 -17 0 -13 0 0 0 0 0 0 0 0 0 0 ],a36fd9337ec7391b,1.67023E+12,2022/12/5 15:31,example_experiment_name
CSI_DATA,STA,8C:CE:4E:9A:6D:15,-53,11,1,6,1,1,1,1,0,0,0,-88,2,6,1,39742043,0,110,0,0,39.9375,384,[110 96 6 0 0 0 0 0 0 0 0 0 -13 19 -14 18 -14 18 -15 18 -14 18 -14 18 -14 18 -14 18 -14 17 -14 17 -15 18 -14 17 -15 17 -15 17 -15 17 -14 16 -15 16 -14 16 -15 16 -14 16 -14 16 -14 15 -14 16 -13 16 -14 15 -14 16 0 0 -13 15 -13 14 -13 15 -12 14 -12 14 -11 14 -11 14 -11 14 -10 13 -11 14 -10 14 -9 14 -9 14 -9 14 -9 13 -9 14 -7 13 -8 14 -8 15 -8 13 -9 15 -8 14 -8 13 -8 13 -8 13 -9 12 0 0 0 0 0 0 0 0 0 0 ],a36fd9337ec7391b,1.67023E+12,2022/12/5 15:31,example_experiment_name
CSI_DATA,STA,8C:CE:4E:9A:6D:15,-53,11,1,6,1,1,1,1,0,0,0,-88,3,6,1,39775111,0,110,0,0,39.9708,384,[110 96 6 0 0 0 0 0 0 0 0 0 10 -21 10 -22 11 -20 11 -20 11 -20 11 -21 11 -20 11 -20 11 -20 12 -19 12 -19 12 -19 12 -19 13 -19 12 -19 12 -19 13 -18 11 -18 13 -19 12 -18 12 -18 11 -18 11 -18 12 -17 11 -17 11 -17 0 0 11 -16 11 -16 11 -16 10 -15 10 -16 10 -16 9 -15 9 -15 8 -15 9 -14 8 -15 8 -14 8 -14 8 -15 7 -14 6 -15 7 -14 7 -14 6 -15 6 -14 6 -14 6 -15 7 -14 8 -14 7 -14 7 -14 0 0 0 0 0 0 0 0 0 0 ],a36fd9337ec7391b,1.67023E+12,2022/12/5 15:31,example_experiment_name
CSI_DATA,STA,8C:CE:4E:9A:6D:15,-53,11,1,6,1,1,1,1,0,0,0,-88,1,6,1,39788885,0,110,0,0,39.9843,384,[110 96 6 0 0 0 0 0 0 0 0 0 12 -15 12 -15 11 -14 12 -14 12 -13 12 -12 12 -14 12 -14 13 -12 13 -13 13 -13 13 -13 14 -14 13 -12 13 -13 13 -13 14 -13 13 -12 12 -13 13 -12 13 -12 13 -12 12 -11 12 -11 12 -11 12 -11 0 0 11 -11 11 -10 11 -10 11 -10 11 -10 10 -10 10 -10 10 -10 9 -10 9 -9 9 -10 8 -10 8 -10 8 -10 8 -10 8 -10 8 -10 8 -10 7 -10 8 -10 8 -10 7 -10 7 -10 8 -10 8 -10 7 -9 0 0 0 0 0 0 0 0 0 0 ],a36fd9337ec7391b,1.67023E+12,2022/12/5 15:31,example_experiment_name
CSI_DATA,STA,8C:CE:4E:9A:6D:15,-53,11,1,6,1,1,1,1,0,0,0,-88,1,6,1,39799886,0,110,0,0,39.9953,384,[110 96 6 0 0 0 0 0 0 0 0 0 9 -20 7 -18 8 -21 9 -18 8 -18 7 -18 8 -18 9 -18 9 -18 10 -18 9 -18 10 -18 10 -17 9 -17 9 -17 9 -17 10 -17 9 -17 9 -16 10 -17 9 -16 9 -17 10 -16 9 -16 10 -15 9 -16 0 0 9 -15 8 -15 8 -14 9 -15 7 -14 7 -15 8 -14 7 -14 6 -14 5 -13 6 -14 6 -13 5 -13 5 -13 5 -13 5 -13 5 -13 5 -13 4 -14 4 -13 4 -13 4 -13 5 -13 4 -13 5 -13 5 -12 0 0 0 0 0 0 0 0 0 0 ],a36fd9337ec7391b,1.67023E+12,2022/12/5 15:31,example_experiment_name
CSI_DATA,STA,8C:CE:4E:9A:6D:15,-53,11,1,6,1,1,1,1,0,0,0,-88,1,6,1,39809874,0,110,0,0,40.0051,384,[110 96 6 0 0 0 0 0 0 0 0 0 -12 -20 -12 -20 -12 -21 -12 -20 -11 -21 -12 -21 -10 -21 -10 -21 -11 -21 -10 -21 -10 -20 -10 -21 -10 -21 -10 -20 -10 -21 -10 -21 -10 -20 -10 -20 -10 -20 -10 -20 -10 -20 -9 -20 -10 -19 -9 -19 -9 -19 -9 -19 0 0 -9 -19 -9 -18 -9 -18 -8 -17 -9 -17 -9 -17 -9 -16 -9 -16 -9 -15 -9 -14 -9 -15 -9 -15 -10 -14 -9 -14 -9 -14 -10 -14 -10 -13 -10 -13 -10 -13 -9 -13 -11 -13 -11 -13 -9 -14 -10 -13 -9 -14 -9 -13 0 0 0 0 0 0 0 0 0 0 ],a36fd9337ec7391b,1.67023E+12,2022/12/5 15:31,example_experiment_name
CSI_DATA,STA,8C:CE:4E:9A:6D:15,-53,11,1,6,1,1,1,1,0,0,0,-88,2,6,1,39832424,0,110,0,0,40.0279,384,[110 96 6 0 0 0 0 0 0 0 0 0 -16 -18 -17 -20 -16 -19 -16 -20 -15 -19 -15 -20 -14 -19 -14 -19 -13 -19 -14 -18 -14 -19 -14 -18 -13 -18 -14 -18 -13 -19 -13 -18 -13 -18 -12 -17 -13 -18 -13 -18 -12 -18 -13 -17 -13 -17 -13 -17 -13 -17 -13 -17 0 0 -12 -16 -12 -16 -12 -16 -11 -15 -11 -15 -11 -15 -11 -14 -11 -14 -11 -13 -11 -13 -12 -12 -12 -12 -12 -12 -12 -11 -12 -11 -12 -12 -12 -10 -12 -10 -12 -11 -12 -11 -13 -11 -12 -10 -12 -10 -12 -11 -13 -11 -12 -11 0 0 0 0 0 0 0 0 0 0 ],a36fd9337ec7391b,1.67023E+12,2022/12/5 15:31,example_experiment_name
CSI_DATA,STA,8C:CE:4E:9A:6D:15,-52,11,1,5,1,1,1,1,0,0,0,-88,1,6,1,39845328,0,110,0,0,40.0417,384,[110 96 6 0 0 0 0 0 0 0 0 0 23 -1 24 0 22 0 23 1 22 1 23 1 22 2 21 2 21 3 21 2 20 2 20 2 21 2 21 2 20 2 19 2 20 2 20 2 20 3 19 3 19 2 19 2 19 2 19 1 19 2 18 2 0 0 18 2 18 2 17 3 17 2 16 2 16 2 16 2 16 1 15 0 15 0 15 0 15 0 14 -1 14 0 14 0 14 0 14 -1 14 -1 14 -1 14 -2 14 -2 14 -1 14 -1 14 -2 14 -1 14 -1 0 0 0 0 0 0 0 0 0 0 ],a36fd9337ec7391b,1.67023E+12,2022/12/5 15:31,example_experiment_name
CSI_DATA,STA,8C:CE:4E:9A:6D:15,-51,11,1,5,1,1,1,1,0,0,0,-88,1,6,1,39857685,0,110,0,0,40.0533,384,[110 96 6 0 0 0 0 0 0 0 0 0 -20 8 -20 7 -20 6 -21 6 -19 6 -20 5 -19 5 -19 5 -19 5 -19 5 -19 5 -19 4 -18 4 -18 4 -18 4 -18 4 -18 4 -18 4 -18 4 -18 4 -17 4 -17 4 -16 4 -17 4 -16 4 -16 4 0 0 -16 4 -15 4 -15 3 -15 4 -15 4 -15 4 -14 4 -14 4 -13 3 -14 2 -13 4 -13 5 -12 5 -12 5 -12 5 -12 5 -11 5 -12 6 -12 6 -11 6 -12 6 -11 6 -11 6 -12 6 -12 6 -11 6 0 0 0 0 0 0 0 0 0 0 ],a36fd9337ec7391b,1.67023E+12,2022/12/5 15:31,example_experiment_name
